run_index,scenario_seed,policy,total_agvs,north_agvs,south_agvs,west_agvs,east_agvs,shared_area_capacity,completed,total_time,spawn_plan_json,goal_plan_json
0,30000,fcfs,16,2,5,4,5,2,16,56,"{""EAST"": [1, 1, 1, 4, 8], ""NORTH"": [4, 8], ""SOUTH"": [0, 0, 2, 4, 8], ""WEST"": [0, 6, 7, 8]}","{""EAST"": [""N_EXIT"", ""N_EXIT"", ""W_EXIT"", ""N_EXIT"", ""N_EXIT""], ""NORTH"": [""W_EXIT"", ""S_EXIT""], ""SOUTH"": [""N_EXIT"", ""W_EXIT"", ""W_EXIT"", ""N_EXIT"", ""W_EXIT""], ""WEST"": [""E_EXIT"", ""N_EXIT"", ""N_EXIT"", ""E_EXIT""]}"
0,30000,fixed_heuristic,16,2,5,4,5,2,16,55,"{""EAST"": [1, 1, 1, 4, 8], ""NORTH"": [4, 8], ""SOUTH"": [0, 0, 2, 4, 8], ""WEST"": [0, 6, 7, 8]}","{""EAST"": [""N_EXIT"", ""N_EXIT"", ""W_EXIT"", ""N_EXIT"", ""N_EXIT""], ""NORTH"": [""W_EXIT"", ""S_EXIT""], ""SOUTH"": [""N_EXIT"", ""W_EXIT"", ""W_EXIT"", ""N_EXIT"", ""W_EXIT""], ""WEST"": [""E_EXIT"", ""N_EXIT"", ""N_EXIT"", ""E_EXIT""]}"
0,30000,bo_heuristic,16,2,5,4,5,2,16,54,"{""EAST"": [1, 1, 1, 4, 8], ""NORTH"": [4, 8], ""SOUTH"": [0, 0, 2, 4, 8], ""WEST"": [0, 6, 7, 8]}","{""EAST"": [""N_EXIT"", ""N_EXIT"", ""W_EXIT"", ""N_EXIT"", ""N_EXIT""], ""NORTH"": [""W_EXIT"", ""S_EXIT""], ""SOUTH"": [""N_EXIT"", ""W_EXIT"", ""W_EXIT"", ""N_EXIT"", ""W_EXIT""], ""WEST"": [""E_EXIT"", ""N_EXIT"", ""N_EXIT"", ""E_EXIT""]}"
1,30001,fcfs,16,4,4,3,5,2,16,51,"{""EAST"": [0, 3, 6, 7, 8], ""NORTH"": [2, 3, 4, 5], ""SOUTH"": [0, 3, 4, 7], ""WEST"": [0, 8, 8]}","{""EAST"": [""S_EXIT"", ""W_EXIT"", ""N_EXIT"", ""S_EXIT"", ""W_EXIT""], ""NORTH"": [""W_EXIT"", ""W_EXIT"", ""W_EXIT"", ""W_EXIT""], ""SOUTH"": [""W_EXIT"", ""N_EXIT"", ""N_EXIT"", ""W_EXIT""], ""WEST"": [""N_EXIT"", ""E_EXIT"", ""E_EXIT""]}"
1,30001,fixed_heuristic,16,4,4,3,5,2,16,52,"{""EAST"": [0, 3, 6, 7, 8], ""NORTH"": [2, 3, 4, 5], ""SOUTH"": [0, 3, 4, 7], ""WEST"": [0, 8, 8]}","{""EAST"": [""S_EXIT"", ""W_EXIT"", ""N_EXIT"", ""S_EXIT"", ""W_EXIT""], ""NORTH"": [""W_EXIT"", ""W_EXIT"", ""W_EXIT"", ""W_EXIT""], ""SOUTH"": [""W_EXIT"", ""N_EXIT"", ""N_EXIT"", ""W_EXIT""], ""WEST"": [""N_EXIT"", ""E_EXIT"", ""E_EXIT""]}"
1,30001,bo_heuristic,16,4,4,3,5,2,16,48,"{""EAST"": [0, 3, 6, 7, 8], ""NORTH"": [2, 3, 4, 5], ""SOUTH"": [0, 3, 4, 7], ""WEST"": [0, 8, 8]}","{""EAST"": [""S_EXIT"", ""W_EXIT"", ""N_EXIT"", ""S_EXIT"", ""W_EXIT""], ""NORTH"": [""W_EXIT"", ""W_EXIT"", ""W_EXIT"", ""W_EXIT""], ""SOUTH"": [""W_EXIT"", ""N_EXIT"", ""N_EXIT"", ""W_EXIT""], ""WEST"": [""N_EXIT"", ""E_EXIT"", ""E_EXIT""]}"
2,30002,fcfs,16,4,5,3,4,2,16,61,"{""EAST"": [0, 2, 5, 8], ""NORTH"": [1, 4, 6, 6], ""SOUTH"": [0, 0, 1, 2, 4], ""WEST"": [2, 2, 6]}","{""EAST"": [""W_EXIT"", ""S_EXIT"", ""W_EXIT"", ""W_EXIT""], ""NORTH"": [""S_EXIT"", ""E_EXIT"", ""S_EXIT"", ""S_EXIT""], ""SOUTH"": [""W_EXIT"", ""N_EXIT"", ""W_EXIT"", ""W_EXIT"", ""N_EXIT""], ""WEST"": [""S_EXIT"", ""N_EXIT"", ""S_EXIT""]}"
2,30002,fixed_heuristic,16,4,5,3,4,2,16,56,"{""EAST"": [0, 2, 5, 8], ""NORTH"": [1, 4, 6, 6], ""SOUTH"": [0, 0, 1, 2, 4], ""WEST"": [2, 2, 6]}","{""EAST"": [""W_EXIT"", ""S_EXIT"", ""W_EXIT"", ""W_EXIT""], ""NORTH"": [""S_EXIT"", ""E_EXIT"", ""S_EXIT"", ""S_EXIT""], ""SOUTH"": [""W_EXIT"", ""N_EXIT"", ""W_EXIT"", ""W_EXIT"", ""N_EXIT""], ""WEST"": [""S_EXIT"", ""N_EXIT"", ""S_EXIT""]}"
2,30002,bo_heuristic,16,4,5,3,4,2,16,56,"{""EAST"": [0, 2, 5, 8], ""NORTH"": [1, 4, 6, 6], ""SOUTH"": [0, 0, 1, 2, 4], ""WEST"": [2, 2, 6]}","{""EAST"": [""W_EXIT"", ""S_EXIT"", ""W_EXIT"", ""W_EXIT""], ""NORTH"": [""S_EXIT"", ""E_EXIT"", ""S_EXIT"", ""S_EXIT""], ""SOUTH"": [""W_EXIT"", ""N_EXIT"", ""W_EXIT"", ""W_EXIT"", ""N_EXIT""], ""WEST"": [""S_EXIT"", ""N_EXIT"", ""S_EXIT""]}"
3,30003,fcfs,16,4,3,5,4,2,16,60,"{""EAST"": [3, 3, 5, 5], ""NORTH"": [0, 1, 4, 5], ""SOUTH"": [5, 8, 8], ""WEST"": [4, 5, 6, 7, 7]}","{""EAST"": [""N_EXIT"", ""S_EXIT"", ""S_EXIT"", ""N_EXIT""], ""NORTH"": [""S_EXIT"", ""E_EXIT"", ""W_EXIT"", ""E_EXIT""], ""SOUTH"": [""N_EXIT"", ""N_EXIT"", ""W_EXIT""], ""WEST"": [""S_EXIT"", ""E_EXIT"", ""E_EXIT"", ""E_EXIT"", ""E_EXIT""]}"
3,30003,fixed_heuristic,16,4,3,5,4,2,16,56,"{""EAST"": [3, 3, 5, 5], ""NORTH"": [0, 1, 4, 5], ""SOUTH"": [5, 8, 8], ""WEST"": [4, 5, 6, 7, 7]}","{""EAST"": [""N_EXIT"", ""S_EXIT"", ""S_EXIT"", ""N_EXIT""], ""NORTH"": [""S_EXIT"", ""E_EXIT"", ""W_EXIT"", ""E_EXIT""], ""SOUTH"": [""N_EXIT"", ""N_EXIT"", ""W_EXIT""], ""WEST"": [""S_EXIT"", ""E_EXIT"", ""E_EXIT"", ""E_EXIT"", ""E_EXIT""]}"
3,30003,bo_heuristic,16,4,3,5,4,2,16,56,"{""EAST"": [3, 3, 5, 5], ""NORTH"": [0, 1, 4, 5], ""SOUTH"": [5, 8, 8], ""WEST"": [4, 5, 6, 7, 7]}","{""EAST"": [""N_EXIT"", ""S_EXIT"", ""S_EXIT"", ""N_EXIT""], ""NORTH"": [""S_EXIT"", ""E_EXIT"", ""W_EXIT"", ""E_EXIT""], ""SOUTH"": [""N_EXIT"", ""N_EXIT"", ""W_EXIT""], ""WEST"": [""S_EXIT"", ""E_EXIT"", ""E_EXIT"", ""E_EXIT"", ""E_EXIT""]}"
4,30004,fcfs,16,6,3,4,3,2,16,59,"{""EAST"": [1, 3, 7], ""NORTH"": [1, 4, 4, 4, 7, 7], ""SOUTH"": [0, 5, 8], ""WEST"": [1, 2, 4, 5]}","{""EAST"": [""N_EXIT"", ""S_EXIT"", ""S_EXIT""], ""NORTH"": [""E_EXIT"", ""E_EXIT"", ""W_EXIT"", ""E_EXIT"", ""E_EXIT"", ""E_EXIT""], ""SOUTH"": [""W_EXIT"", ""W_EXIT"", ""N_EXIT""], ""WEST"": [""E_EXIT"", ""S_EXIT"", ""E_EXIT"", ""S_EXIT""]}"
4,30004,fixed_heuristic,16,6,3,4,3,2,16,58,"{""EAST"": [1, 3, 7], ""NORTH"": [1, 4, 4, 4, 7, 7], ""SOUTH"": [0, 5, 8], ""WEST"": [1, 2, 4, 5]}","{""EAST"": [""N_EXIT"", ""S_EXIT"", ""S_EXIT""], ""NORTH"": [""E_EXIT"", ""E_EXIT"", ""W_EXIT"", ""E_EXIT"", ""E_EXIT"", ""E_EXIT""], ""SOUTH"": [""W_EXIT"", ""W_EXIT"", ""N_EXIT""], ""WEST"": [""E_EXIT"", ""S_EXIT"", ""E_EXIT"", ""S_EXIT""]}"
4,30004,bo_heuristic,16,6,3,4,3,2,16,58,"{""EAST"": [1, 3, 7], ""NORTH"": [1, 4, 4, 4, 7, 7], ""SOUTH"": [0, 5, 8], ""WEST"": [1, 2, 4, 5]}","{""EAST"": [""N_EXIT"", ""S_EXIT"", ""S_EXIT""], ""NORTH"": [""E_EXIT"", ""E_EXIT"", ""W_EXIT"", ""E_EXIT"", ""E_EXIT"", ""E_EXIT""], ""SOUTH"": [""W_EXIT"", ""W_EXIT"", ""N_EXIT""], ""WEST"": [""E_EXIT"", ""S_EXIT"", ""E_EXIT"", ""S_EXIT""]}"
5,30005,fcfs,16,5,3,4,4,2,16,49,"{""EAST"": [1, 4, 5, 5], ""NORTH"": [0, 1, 2, 6, 7], ""SOUTH"": [1, 1, 7], ""WEST"": [1, 5, 5, 7]}","{""EAST"": [""N_EXIT"", ""W_EXIT"", ""S_EXIT"", ""N_EXIT""], ""NORTH"": [""S_EXIT"", ""W_EXIT"", ""W_EXIT"", ""W_EXIT"", ""S_EXIT""], ""SOUTH"": [""W_EXIT"", ""N_EXIT"", ""W_EXIT""], ""WEST"": [""S_EXIT"", ""E_EXIT"", ""S_EXIT"", ""S_EXIT""]}"
5,30005,fixed_heuristic,16,5,3,4,4,2,16,43,"{""EAST"": [1, 4, 5, 5], ""NORTH"": [0, 1, 2, 6, 7], ""SOUTH"": [1, 1, 7], ""WEST"": [1, 5, 5, 7]}","{""EAST"": [""N_EXIT"", ""W_EXIT"", ""S_EXIT"", ""N_EXIT""], ""NORTH"": [""S_EXIT"", ""W_EXIT"", ""W_EXIT"", ""W_EXIT"", ""S_EXIT""], ""SOUTH"": [""W_EXIT"", ""N_EXIT"", ""W_EXIT""], ""WEST"": [""S_EXIT"", ""E_EXIT"", ""S_EXIT"", ""S_EXIT""]}"
5,30005,bo_heuristic,16,5,3,4,4,2,16,43,"{""EAST"": [1, 4, 5, 5], ""NORTH"": [0, 1, 2, 6, 7], ""SOUTH"": [1, 1, 7], ""WEST"": [1, 5, 5, 7]}","{""EAST"": [""N_EXIT"", ""W_EXIT"", ""S_EXIT"", ""N_EXIT""], ""NORTH"": [""S_EXIT"", ""W_EXIT"", ""W_EXIT"", ""W_EXIT"", ""S_EXIT""], ""SOUTH"": [""W_EXIT"", ""N_EXIT"", ""W_EXIT""], ""WEST"": [""S_EXIT"", ""E_EXIT"", ""S_EXIT"", ""S_EXIT""]}"
6,30006,fcfs,16,4,4,5,3,2,16,45,"{""EAST"": [2, 3, 7], ""NORTH"": [0, 1, 6, 7], ""SOUTH"": [3, 3, 8, 8], ""WEST"": [1, 3, 6, 7, 8]}","{""EAST"": [""N_EXIT"", ""N_EXIT"", ""S_EXIT""], ""NORTH"": [""E_EXIT"", ""W_EXIT"", ""S_EXIT"", ""S_EXIT""], ""SOUTH"": [""E_EXIT"", ""N_EXIT"", ""N_EXIT"", ""E_EXIT""], ""WEST"": [""S_EXIT"", ""E_EXIT"", ""N_EXIT"", ""S_EXIT"", ""S_EXIT""]}"
6,30006,fixed_heuristic,16,4,4,5,3,2,16,45,"{""EAST"": [2, 3, 7], ""NORTH"": [0, 1, 6, 7], ""SOUTH"": [3, 3, 8, 8], ""WEST"": [1, 3, 6, 7, 8]}","{""EAST"": [""N_EXIT"", ""N_EXIT"", ""S_EXIT""], ""NORTH"": [""E_EXIT"", ""W_EXIT"", ""S_EXIT"", ""S_EXIT""], ""SOUTH"": [""E_EXIT"", ""N_EXIT"", ""N_EXIT"", ""E_EXIT""], ""WEST"": [""S_EXIT"", ""E_EXIT"", ""N_EXIT"", ""S_EXIT"", ""S_EXIT""]}"
6,30006,bo_heuristic,16,4,4,5,3,2,16,43,"{""EAST"": [2, 3, 7], ""NORTH"": [0, 1, 6, 7], ""SOUTH"": [3, 3, 8, 8], ""WEST"": [1, 3, 6, 7, 8]}","{""EAST"": [""N_EXIT"", ""N_EXIT"", ""S_EXIT""], ""NORTH"": [""E_EXIT"", ""W_EXIT"", ""S_EXIT"", ""S_EXIT""], ""SOUTH"": [""E_EXIT"", ""N_EXIT"", ""N_EXIT"", ""E_EXIT""], ""WEST"": [""S_EXIT"", ""E_EXIT"", ""N_EXIT"", ""S_EXIT"", ""S_EXIT""]}"
7,30007,fcfs,16,4,6,3,3,2,16,66,"{""EAST"": [3, 8, 8], ""NORTH"": [2, 3, 5, 6], ""SOUTH"": [3, 3, 4, 6, 8, 8], ""WEST"": [0, 4, 8]}","{""EAST"": [""S_EXIT"", ""S_EXIT"", ""N_EXIT""], ""NORTH"": [""E_EXIT"", ""E_EXIT"", ""W_EXIT"", ""E_EXIT""], ""SOUTH"": [""W_EXIT"", ""N_EXIT"", ""E_EXIT"", ""W_EXIT"", ""N_EXIT"", ""W_EXIT""], ""WEST"": [""N_EXIT"", ""N_EXIT"", ""N_EXIT""]}"
7,30007,fixed_heuristic,16,4,6,3,3,2,16,60,"{""EAST"": [3, 8, 8], ""NORTH"": [2, 3, 5, 6], ""SOUTH"": [3, 3, 4, 6, 8, 8], ""WEST"": [0, 4, 8]}","{""EAST"": [""S_EXIT"", ""S_EXIT"", ""N_EXIT""], ""NORTH"": [""E_EXIT"", ""E_EXIT"", ""W_EXIT"", ""E_EXIT""], ""SOUTH"": [""W_EXIT"", ""N_EXIT"", ""E_EXIT"", ""W_EXIT"", ""N_EXIT"", ""W_EXIT""], ""WEST"": [""N_EXIT"", ""N_EXIT"", ""N_EXIT""]}"
7,30007,bo_heuristic,16,4,6,3,3,2,16,66,"{""EAST"": [3, 8, 8], ""NORTH"": [2, 3, 5, 6], ""SOUTH"": [3, 3, 4, 6, 8, 8], ""WEST"": [0, 4, 8]}","{""EAST"": [""S_EXIT"", ""S_EXIT"", ""N_EXIT""], ""NORTH"": [""E_EXIT"", ""E_EXIT"", ""W_EXIT"", ""E_EXIT""], ""SOUTH"": [""W_EXIT"", ""N_EXIT"", ""E_EXIT"", ""W_EXIT"", ""N_EXIT"", ""W_EXIT""], ""WEST"": [""N_EXIT"", ""N_EXIT"", ""N_EXIT""]}"
8,30008,fcfs,16,4,5,4,3,2,16,57,"{""EAST"": [3, 5, 6], ""NORTH"": [0, 3, 3, 7], ""SOUTH"": [0, 1, 5, 6, 7], ""WEST"": [0, 4, 7, 8]}","{""EAST"": [""W_EXIT"", ""W_EXIT"", ""N_EXIT""], ""NORTH"": [""W_EXIT"", ""W_EXIT"", ""W_EXIT"", ""E_EXIT""], ""SOUTH"": [""N_EXIT"", ""N_EXIT"", ""W_EXIT"", ""N_EXIT"", ""N_EXIT""], ""WEST"": [""N_EXIT"", ""S_EXIT"", ""E_EXIT"", ""N_EXIT""]}"
8,30008,fixed_heuristic,16,4,5,4,3,2,16,47,"{""EAST"": [3, 5, 6], ""NORTH"": [0, 3, 3, 7], ""SOUTH"": [0, 1, 5, 6, 7], ""WEST"": [0, 4, 7, 8]}","{""EAST"": [""W_EXIT"", ""W_EXIT"", ""N_EXIT""], ""NORTH"": [""W_EXIT"", ""W_EXIT"", ""W_EXIT"", ""E_EXIT""], ""SOUTH"": [""N_EXIT"", ""N_EXIT"", ""W_EXIT"", ""N_EXIT"", ""N_EXIT""], ""WEST"": [""N_EXIT"", ""S_EXIT"", ""E_EXIT"", ""N_EXIT""]}"
8,30008,bo_heuristic,16,4,5,4,3,2,16,47,"{""EAST"": [3, 5, 6], ""NORTH"": [0, 3, 3, 7], ""SOUTH"": [0, 1, 5, 6, 7], ""WEST"": [0, 4, 7, 8]}","{""EAST"": [""W_EXIT"", ""W_EXIT"", ""N_EXIT""], ""NORTH"": [""W_EXIT"", ""W_EXIT"", ""W_EXIT"", ""E_EXIT""], ""SOUTH"": [""N_EXIT"", ""N_EXIT"", ""W_EXIT"", ""N_EXIT"", ""N_EXIT""], ""WEST"": [""N_EXIT"", ""S_EXIT"", ""E_EXIT"", ""N_EXIT""]}"
9,30009,fcfs,16,3,3,5,5,2,16,55,"{""EAST"": [0, 1, 3, 3, 6], ""NORTH"": [1, 5, 7], ""SOUTH"": [0, 4, 8], ""WEST"": [3, 5, 6, 6, 8]}","{""EAST"": [""N_EXIT"", ""W_EXIT"", ""W_EXIT"", ""S_EXIT"", ""S_EXIT""], ""NORTH"": [""W_EXIT"", ""E_EXIT"", ""W_EXIT""], ""SOUTH"": [""E_EXIT"", ""W_EXIT"", ""E_EXIT""], ""WEST"": [""S_EXIT"", ""E_EXIT"", ""N_EXIT"", ""E_EXIT"", ""S_EXIT""]}"
9,30009,fixed_heuristic,16,3,3,5,5,2,16,49,"{""EAST"": [0, 1, 3, 3, 6], ""NORTH"": [1, 5, 7], ""SOUTH"": [0, 4, 8], ""WEST"": [3, 5, 6, 6, 8]}","{""EAST"": [""N_EXIT"", ""W_EXIT"", ""W_EXIT"", ""S_EXIT"", ""S_EXIT""], ""NORTH"": [""W_EXIT"", ""E_EXIT"", ""W_EXIT""], ""SOUTH"": [""E_EXIT"", ""W_EXIT"", ""E_EXIT""], ""WEST"": [""S_EXIT"", ""E_EXIT"", ""N_EXIT"", ""E_EXIT"", ""S_EXIT""]}"
9,30009,bo_heuristic,16,3,3,5,5,2,16,49,"{""EAST"": [0, 1, 3, 3, 6], ""NORTH"": [1, 5, 7], ""SOUTH"": [0, 4, 8], ""WEST"": [3, 5, 6, 6, 8]}","{""EAST"": [""N_EXIT"", ""W_EXIT"", ""W_EXIT"", ""S_EXIT"", ""S_EXIT""], ""NORTH"": [""W_EXIT"", ""E_EXIT"", ""W_EXIT""], ""SOUTH"": [""E_EXIT"", ""W_EXIT"", ""E_EXIT""], ""WEST"": [""S_EXIT"", ""E_EXIT"", ""N_EXIT"", ""E_EXIT"", ""S_EXIT""]}"
10,30010,fcfs,16,6,5,3,2,2,16,50,"{""EAST"": [4, 5], ""NORTH"": [1, 3, 4, 6, 7, 8], ""SOUTH"": [0, 2, 2, 3, 4], ""WEST"": [2, 5, 6]}","{""EAST"": [""N_EXIT"", ""N_EXIT""], ""NORTH"": [""S_EXIT"", ""S_EXIT"", ""S_EXIT"", ""W_EXIT"", ""W_EXIT"", ""W_EXIT""], ""SOUTH"": [""E_EXIT"", ""E_EXIT"", ""W_EXIT"", ""N_EXIT"", ""W_EXIT""], ""WEST"": [""N_EXIT"", ""S_EXIT"", ""N_EXIT""]}"
10,30010,fixed_heuristic,16,6,5,3,2,2,16,46,"{""EAST"": [4, 5], ""NORTH"": [1, 3, 4, 6, 7, 8], ""SOUTH"": [0, 2, 2, 3, 4], ""WEST"": [2, 5, 6]}","{""EAST"": [""N_EXIT"", ""N_EXIT""], ""NORTH"": [""S_EXIT"", ""S_EXIT"", ""S_EXIT"", ""W_EXIT"", ""W_EXIT"", ""W_EXIT""], ""SOUTH"": [""E_EXIT"", ""E_EXIT"", ""W_EXIT"", ""N_EXIT"", ""W_EXIT""], ""WEST"": [""N_EXIT"", ""S_EXIT"", ""N_EXIT""]}"
10,30010,bo_heuristic,16,6,5,3,2,2,16,46,"{""EAST"": [4, 5], ""NORTH"": [1, 3, 4, 6, 7, 8], ""SOUTH"": [0, 2, 2, 3, 4], ""WEST"": [2, 5, 6]}","{""EAST"": [""N_EXIT"", ""N_EXIT""], ""NORTH"": [""S_EXIT"", ""S_EXIT"", ""S_EXIT"", ""W_EXIT"", ""W_EXIT"", ""W_EXIT""], ""SOUTH"": [""E_EXIT"", ""E_EXIT"", ""W_EXIT"", ""N_EXIT"", ""W_EXIT""], ""WEST"": [""N_EXIT"", ""S_EXIT"", ""N_EXIT""]}"
11,30011,fcfs,16,5,3,4,4,2,16,54,"{""EAST"": [0, 3, 5, 5], ""NORTH"": [3, 3, 4, 7, 8], ""SOUTH"": [0, 4, 7], ""WEST"": [1, 2, 8, 8]}","{""EAST"": [""W_EXIT"", ""W_EXIT"", ""W_EXIT"", ""N_EXIT""], ""NORTH"": [""E_EXIT"", ""E_EXIT"", ""W_EXIT"", ""W_EXIT"", ""E_EXIT""], ""SOUTH"": [""N_EXIT"", ""E_EXIT"", ""E_EXIT""], ""WEST"": [""E_EXIT"", ""E_EXIT"", ""S_EXIT"", ""N_EXIT""]}"
11,30011,fixed_heuristic,16,5,3,4,4,2,16,45,"{""EAST"": [0, 3, 5, 5], ""NORTH"": [3, 3, 4, 7, 8], ""SOUTH"": [0, 4, 7], ""WEST"": [1, 2, 8, 8]}","{""EAST"": [""W_EXIT"", ""W_EXIT"", ""W_EXIT"", ""N_EXIT""], ""NORTH"": [""E_EXIT"", ""E_EXIT"", ""W_EXIT"", ""W_EXIT"", ""E_EXIT""], ""SOUTH"": [""N_EXIT"", ""E_EXIT"", ""E_EXIT""], ""WEST"": [""E_EXIT"", ""E_EXIT"", ""S_EXIT"", ""N_EXIT""]}"
11,30011,bo_heuristic,16,5,3,4,4,2,16,47,"{""EAST"": [0, 3, 5, 5], ""NORTH"": [3, 3, 4, 7, 8], ""SOUTH"": [0, 4, 7], ""WEST"": [1, 2, 8, 8]}","{""EAST"": [""W_EXIT"", ""W_EXIT"", ""W_EXIT"", ""N_EXIT""], ""NORTH"": [""E_EXIT"", ""E_EXIT"", ""W_EXIT"", ""W_EXIT"", ""E_EXIT""], ""SOUTH"": [""N_EXIT"", ""E_EXIT"", ""E_EXIT""], ""WEST"": [""E_EXIT"", ""E_EXIT"", ""S_EXIT"", ""N_EXIT""]}"
12,30012,fcfs,16,4,3,3,6,2,16,66,"{""EAST"": [3, 3, 4, 4, 5, 8], ""NORTH"": [0, 6, 6, 7], ""SOUTH"": [5, 5, 5], ""WEST"": [3, 4, 8]}","{""EAST"": [""N_EXIT"", ""W_EXIT"", ""W_EXIT"", ""W_EXIT"", ""W_EXIT"", ""S_EXIT""], ""NORTH"": [""W_EXIT"", ""E_EXIT"", ""E_EXIT"", ""W_EXIT""], ""SOUTH"": [""N_EXIT"", ""N_EXIT"", ""E_EXIT""], ""WEST"": [""N_EXIT"", ""N_EXIT"", ""N_EXIT""]}"
12,30012,fixed_heuristic,16,4,3,3,6,2,16,57,"{""EAST"": [3, 3, 4, 4, 5, 8], ""NORTH"": [0, 6, 6, 7], ""SOUTH"": [5, 5, 5], ""WEST"": [3, 4, 8]}","{""EAST"": [""N_EXIT"", ""W_EXIT"", ""W_EXIT"", ""W_EXIT"", ""W_EXIT"", ""S_EXIT""], ""NORTH"": [""W_EXIT"", ""E_EXIT"", ""E_EXIT"", ""W_EXIT""], ""SOUTH"": [""N_EXIT"", ""N_EXIT"", ""E_EXIT""], ""WEST"": [""N_EXIT"", ""N_EXIT"", ""N_EXIT""]}"
12,30012,bo_heuristic,16,4,3,3,6,2,16,57,"{""EAST"": [3, 3, 4, 4, 5, 8], ""NORTH"": [0, 6, 6, 7], ""SOUTH"": [5, 5, 5], ""WEST"": [3, 4, 8]}","{""EAST"": [""N_EXIT"", ""W_EXIT"", ""W_EXIT"", ""W_EXIT"", ""W_EXIT"", ""S_EXIT""], ""NORTH"": [""W_EXIT"", ""E_EXIT"", ""E_EXIT"", ""W_EXIT""], ""SOUTH"": [""N_EXIT"", ""N_EXIT"", ""E_EXIT""], ""WEST"": [""N_EXIT"", ""N_EXIT"", ""N_EXIT""]}"
13,30013,fcfs,16,4,4,4,4,2,16,58,"{""EAST"": [0, 0, 2, 6], ""NORTH"": [3, 4, 5, 7], ""SOUTH"": [0, 0, 3, 8], ""WEST"": [0, 2, 7, 8]}","{""EAST"": [""S_EXIT"", ""S_EXIT"", ""W_EXIT"", ""W_EXIT""], ""NORTH"": [""S_EXIT"", ""W_EXIT"", ""W_EXIT"", ""W_EXIT""], ""SOUTH"": [""W_EXIT"", ""W_EXIT"", ""N_EXIT"", ""N_EXIT""], ""WEST"": [""N_EXIT"", ""N_EXIT"", ""N_EXIT"", ""E_EXIT""]}"
13,30013,fixed_heuristic,16,4,4,4,4,2,16,52,"{""EAST"": [0, 0, 2, 6], ""NORTH"": [3, 4, 5, 7], ""SOUTH"": [0, 0, 3, 8], ""WEST"": [0, 2, 7, 8]}","{""EAST"": [""S_EXIT"", ""S_EXIT"", ""W_EXIT"", ""W_EXIT""], ""NORTH"": [""S_EXIT"", ""W_EXIT"", ""W_EXIT"", ""W_EXIT""], ""SOUTH"": [""W_EXIT"", ""W_EXIT"", ""N_EXIT"", ""N_EXIT""], ""WEST"": [""N_EXIT"", ""N_EXIT"", ""N_EXIT"", ""E_EXIT""]}"
13,30013,bo_heuristic,16,4,4,4,4,2,16,52,"{""EAST"": [0, 0, 2, 6], ""NORTH"": [3, 4, 5, 7], ""SOUTH"": [0, 0, 3, 8], ""WEST"": [0, 2, 7, 8]}","{""EAST"": [""S_EXIT"", ""S_EXIT"", ""W_EXIT"", ""W_EXIT""], ""NORTH"": [""S_EXIT"", ""W_EXIT"", ""W_EXIT"", ""W_EXIT""], ""SOUTH"": [""W_EXIT"", ""W_EXIT"", ""N_EXIT"", ""N_EXIT""], ""WEST"": [""N_EXIT"", ""N_EXIT"", ""N_EXIT"", ""E_EXIT""]}"
14,30014,fcfs,16,2,4,4,6,2,16,59,"{""EAST"": [0, 1, 1, 3, 3, 4], ""NORTH"": [2, 3], ""SOUTH"": [1, 1, 4, 8], ""WEST"": [1, 1, 5, 6]}","{""EAST"": [""N_EXIT"", ""W_EXIT"", ""N_EXIT"", ""S_EXIT"", ""S_EXIT"", ""N_EXIT""], ""NORTH"": [""S_EXIT"", ""W_EXIT""], ""SOUTH"": [""E_EXIT"", ""W_EXIT"", ""N_EXIT"", ""N_EXIT""], ""WEST"": [""N_EXIT"", ""N_EXIT"", ""E_EXIT"", ""E_EXIT""]}"
14,30014,fixed_heuristic,16,2,4,4,6,2,16,51,"{""EAST"": [0, 1, 1, 3, 3, 4], ""NORTH"": [2, 3], ""SOUTH"": [1, 1, 4, 8], ""WEST"": [1, 1, 5, 6]}","{""EAST"": [""N_EXIT"", ""W_EXIT"", ""N_EXIT"", ""S_EXIT"", ""S_EXIT"", ""N_EXIT""], ""NORTH"": [""S_EXIT"", ""W_EXIT""], ""SOUTH"": [""E_EXIT"", ""W_EXIT"", ""N_EXIT"", ""N_EXIT""], ""WEST"": [""N_EXIT"", ""N_EXIT"", ""E_EXIT"", ""E_EXIT""]}"
14,30014,bo_heuristic,16,2,4,4,6,2,16,51,"{""EAST"": [0, 1, 1, 3, 3, 4], ""NORTH"": [2, 3], ""SOUTH"": [1, 1, 4, 8], ""WEST"": [1, 1, 5, 6]}","{""EAST"": [""N_EXIT"", ""W_EXIT"", ""N_EXIT"", ""S_EXIT"", ""S_EXIT"", ""N_EXIT""], ""NORTH"": [""S_EXIT"", ""W_EXIT""], ""SOUTH"": [""E_EXIT"", ""W_EXIT"", ""N_EXIT"", ""N_EXIT""], ""WEST"": [""N_EXIT"", ""N_EXIT"", ""E_EXIT"", ""E_EXIT""]}"
15,30015,fcfs,16,4,4,4,4,2,16,56,"{""EAST"": [3, 5, 6, 7], ""NORTH"": [3, 4, 7, 8], ""SOUTH"": [1, 1, 5, 5], ""WEST"": [0, 1, 3, 4]}","{""EAST"": [""S_EXIT"", ""W_EXIT"", ""N_EXIT"", ""S_EXIT""], ""NORTH"": [""S_EXIT"", ""W_EXIT"", ""W_EXIT"", ""S_EXIT""], ""SOUTH"": [""W_EXIT"", ""N_EXIT"", ""N_EXIT"", ""N_EXIT""], ""WEST"": [""N_EXIT"", ""S_EXIT"", ""N_EXIT"", ""S_EXIT""]}"
15,30015,fixed_heuristic,16,4,4,4,4,2,16,48,"{""EAST"": [3, 5, 6, 7], ""NORTH"": [3, 4, 7, 8], ""SOUTH"": [1, 1, 5, 5], ""WEST"": [0, 1, 3, 4]}","{""EAST"": [""S_EXIT"", ""W_EXIT"", ""N_EXIT"", ""S_EXIT""], ""NORTH"": [""S_EXIT"", ""W_EXIT"", ""W_EXIT"", ""S_EXIT""], ""SOUTH"": [""W_EXIT"", ""N_EXIT"", ""N_EXIT"", ""N_EXIT""], ""WEST"": [""N_EXIT"", ""S_EXIT"", ""N_EXIT"", ""S_EXIT""]}"
15,30015,bo_heuristic,16,4,4,4,4,2,16,47,"{""EAST"": [3, 5, 6, 7], ""NORTH"": [3, 4, 7, 8], ""SOUTH"": [1, 1, 5, 5], ""WEST"": [0, 1, 3, 4]}","{""EAST"": [""S_EXIT"", ""W_EXIT"", ""N_EXIT"", ""S_EXIT""], ""NORTH"": [""S_EXIT"", ""W_EXIT"", ""W_EXIT"", ""S_EXIT""], ""SOUTH"": [""W_EXIT"", ""N_EXIT"", ""N_EXIT"", ""N_EXIT""], ""WEST"": [""N_EXIT"", ""S_EXIT"", ""N_EXIT"", ""S_EXIT""]}"
16,30016,fcfs,16,4,6,3,3,2,16,53,"{""EAST"": [0, 3, 4], ""NORTH"": [1, 1, 1, 8], ""SOUTH"": [1, 3, 3, 4, 5, 6], ""WEST"": [4, 6, 7]}","{""EAST"": [""W_EXIT"", ""S_EXIT"", ""W_EXIT""], ""NORTH"": [""W_EXIT"", ""W_EXIT"", ""S_EXIT"", ""E_EXIT""], ""SOUTH"": [""E_EXIT"", ""E_EXIT"", ""E_EXIT"", ""E_EXIT"", ""W_EXIT"", ""E_EXIT""], ""WEST"": [""S_EXIT"", ""E_EXIT"", ""E_EXIT""]}"
16,30016,fixed_heuristic,16,4,6,3,3,2,16,50,"{""EAST"": [0, 3, 4], ""NORTH"": [1, 1, 1, 8], ""SOUTH"": [1, 3, 3, 4, 5, 6], ""WEST"": [4, 6, 7]}","{""EAST"": [""W_EXIT"", ""S_EXIT"", ""W_EXIT""], ""NORTH"": [""W_EXIT"", ""W_EXIT"", ""S_EXIT"", ""E_EXIT""], ""SOUTH"": [""E_EXIT"", ""E_EXIT"", ""E_EXIT"", ""E_EXIT"", ""W_EXIT"", ""E_EXIT""], ""WEST"": [""S_EXIT"", ""E_EXIT"", ""E_EXIT""]}"
16,30016,bo_heuristic,16,4,6,3,3,2,16,50,"{""EAST"": [0, 3, 4], ""NORTH"": [1, 1, 1, 8], ""SOUTH"": [1, 3, 3, 4, 5, 6], ""WEST"": [4, 6, 7]}","{""EAST"": [""W_EXIT"", ""S_EXIT"", ""W_EXIT""], ""NORTH"": [""W_EXIT"", ""W_EXIT"", ""S_EXIT"", ""E_EXIT""], ""SOUTH"": [""E_EXIT"", ""E_EXIT"", ""E_EXIT"", ""E_EXIT"", ""W_EXIT"", ""E_EXIT""], ""WEST"": [""S_EXIT"", ""E_EXIT"", ""E_EXIT""]}"
17,30017,fcfs,16,4,4,2,6,2,16,55,"{""EAST"": [3, 4, 7, 8, 8, 8], ""NORTH"": [4, 5, 6, 8], ""SOUTH"": [1, 4, 4, 5], ""WEST"": [1, 5]}","{""EAST"": [""S_EXIT"", ""W_EXIT"", ""W_EXIT"", ""S_EXIT"", ""S_EXIT"", ""N_EXIT""], ""NORTH"": [""W_EXIT"", ""S_EXIT"", ""S_EXIT"", ""W_EXIT""], ""SOUTH"": [""N_EXIT"", ""N_EXIT"", ""E_EXIT"", ""N_EXIT""], ""WEST"": [""N_EXIT"", ""E_EXIT""]}"
17,30017,fixed_heuristic,16,4,4,2,6,2,16,51,"{""EAST"": [3, 4, 7, 8, 8, 8], ""NORTH"": [4, 5, 6, 8], ""SOUTH"": [1, 4, 4, 5], ""WEST"": [1, 5]}","{""EAST"": [""S_EXIT"", ""W_EXIT"", ""W_EXIT"", ""S_EXIT"", ""S_EXIT"", ""N_EXIT""], ""NORTH"": [""W_EXIT"", ""S_EXIT"", ""S_EXIT"", ""W_EXIT""], ""SOUTH"": [""N_EXIT"", ""N_EXIT"", ""E_EXIT"", ""N_EXIT""], ""WEST"": [""N_EXIT"", ""E_EXIT""]}"
17,30017,bo_heuristic,16,4,4,2,6,2,16,47,"{""EAST"": [3, 4, 7, 8, 8, 8], ""NORTH"": [4, 5, 6, 8], ""SOUTH"": [1, 4, 4, 5], ""WEST"": [1, 5]}","{""EAST"": [""S_EXIT"", ""W_EXIT"", ""W_EXIT"", ""S_EXIT"", ""S_EXIT"", ""N_EXIT""], ""NORTH"": [""W_EXIT"", ""S_EXIT"", ""S_EXIT"", ""W_EXIT""], ""SOUTH"": [""N_EXIT"", ""N_EXIT"", ""E_EXIT"", ""N_EXIT""], ""WEST"": [""N_EXIT"", ""E_EXIT""]}"
18,30018,fcfs,16,4,3,5,4,2,16,54,"{""EAST"": [0, 2, 5, 7], ""NORTH"": [2, 4, 5, 6], ""SOUTH"": [1, 3, 5], ""WEST"": [2, 4, 4, 5, 7]}","{""EAST"": [""N_EXIT"", ""N_EXIT"", ""N_EXIT"", ""W_EXIT""], ""NORTH"": [""W_EXIT"", ""E_EXIT"", ""E_EXIT"", ""S_EXIT""], ""SOUTH"": [""E_EXIT"", ""N_EXIT"", ""N_EXIT""], ""WEST"": [""E_EXIT"", ""E_EXIT"", ""S_EXIT"", ""E_EXIT"", ""S_EXIT""]}"
18,30018,fixed_heuristic,16,4,3,5,4,2,16,47,"{""EAST"": [0, 2, 5, 7], ""NORTH"": [2, 4, 5, 6], ""SOUTH"": [1, 3, 5], ""WEST"": [2, 4, 4, 5, 7]}","{""EAST"": [""N_EXIT"", ""N_EXIT"", ""N_EXIT"", ""W_EXIT""], ""NORTH"": [""W_EXIT"", ""E_EXIT"", ""E_EXIT"", ""S_EXIT""], ""SOUTH"": [""E_EXIT"", ""N_EXIT"", ""N_EXIT""], ""WEST"": [""E_EXIT"", ""E_EXIT"", ""S_EXIT"", ""E_EXIT"", ""S_EXIT""]}"
18,30018,bo_heuristic,16,4,3,5,4,2,16,45,"{""EAST"": [0, 2, 5, 7], ""NORTH"": [2, 4, 5, 6], ""SOUTH"": [1, 3, 5], ""WEST"": [2, 4, 4, 5, 7]}","{""EAST"": [""N_EXIT"", ""N_EXIT"", ""N_EXIT"", ""W_EXIT""], ""NORTH"": [""W_EXIT"", ""E_EXIT"", ""E_EXIT"", ""S_EXIT""], ""SOUTH"": [""E_EXIT"", ""N_EXIT"", ""N_EXIT""], ""WEST"": [""E_EXIT"", ""E_EXIT"", ""S_EXIT"", ""E_EXIT"", ""S_EXIT""]}"
19,30019,fcfs,16,6,3,4,3,2,16,57,"{""EAST"": [0, 5, 5], ""NORTH"": [0, 3, 4, 5, 7, 8], ""SOUTH"": [0, 1, 4], ""WEST"": [3, 3, 5, 6]}","{""EAST"": [""W_EXIT"", ""N_EXIT"", ""N_EXIT""], ""NORTH"": [""W_EXIT"", ""S_EXIT"", ""S_EXIT"", ""W_EXIT"", ""S_EXIT"", ""S_EXIT""], ""SOUTH"": [""W_EXIT"", ""W_EXIT"", ""W_EXIT""], ""WEST"": [""N_EXIT"", ""N_EXIT"", ""E_EXIT"", ""E_EXIT""]}"
19,30019,fixed_heuristic,16,6,3,4,3,2,16,53,"{""EAST"": [0, 5, 5], ""NORTH"": [0, 3, 4, 5, 7, 8], ""SOUTH"": [0, 1, 4], ""WEST"": [3, 3, 5, 6]}","{""EAST"": [""W_EXIT"", ""N_EXIT"", ""N_EXIT""], ""NORTH"": [""W_EXIT"", ""S_EXIT"", ""S_EXIT"", ""W_EXIT"", ""S_EXIT"", ""S_EXIT""], ""SOUTH"": [""W_EXIT"", ""W_EXIT"", ""W_EXIT""], ""WEST"": [""N_EXIT"", ""N_EXIT"", ""E_EXIT"", ""E_EXIT""]}"
19,30019,bo_heuristic,16,6,3,4,3,2,16,56,"{""EAST"": [0, 5, 5], ""NORTH"": [0, 3, 4, 5, 7, 8], ""SOUTH"": [0, 1, 4], ""WEST"": [3, 3, 5, 6]}","{""EAST"": [""W_EXIT"", ""N_EXIT"", ""N_EXIT""], ""NORTH"": [""W_EXIT"", ""S_EXIT"", ""S_EXIT"", ""W_EXIT"", ""S_EXIT"", ""S_EXIT""], ""SOUTH"": [""W_EXIT"", ""W_EXIT"", ""W_EXIT""], ""WEST"": [""N_EXIT"", ""N_EXIT"", ""E_EXIT"", ""E_EXIT""]}"
20,30020,fcfs,16,3,5,5,3,2,16,50,"{""EAST"": [4, 5, 6], ""NORTH"": [0, 5, 6], ""SOUTH"": [5, 6, 8, 8, 8], ""WEST"": [3, 3, 6, 7, 8]}","{""EAST"": [""N_EXIT"", ""S_EXIT"", ""N_EXIT""], ""NORTH"": [""E_EXIT"", ""E_EXIT"", ""W_EXIT""], ""SOUTH"": [""W_EXIT"", ""N_EXIT"", ""N_EXIT"", ""N_EXIT"", ""N_EXIT""], ""WEST"": [""S_EXIT"", ""E_EXIT"", ""E_EXIT"", ""S_EXIT"", ""E_EXIT""]}"
20,30020,fixed_heuristic,16,3,5,5,3,2,16,52,"{""EAST"": [4, 5, 6], ""NORTH"": [0, 5, 6], ""SOUTH"": [5, 6, 8, 8, 8], ""WEST"": [3, 3, 6, 7, 8]}","{""EAST"": [""N_EXIT"", ""S_EXIT"", ""N_EXIT""], ""NORTH"": [""E_EXIT"", ""E_EXIT"", ""W_EXIT""], ""SOUTH"": [""W_EXIT"", ""N_EXIT"", ""N_EXIT"", ""N_EXIT"", ""N_EXIT""], ""WEST"": [""S_EXIT"", ""E_EXIT"", ""E_EXIT"", ""S_EXIT"", ""E_EXIT""]}"
20,30020,bo_heuristic,16,3,5,5,3,2,16,52,"{""EAST"": [4, 5, 6], ""NORTH"": [0, 5, 6], ""SOUTH"": [5, 6, 8, 8, 8], ""WEST"": [3, 3, 6, 7, 8]}","{""EAST"": [""N_EXIT"", ""S_EXIT"", ""N_EXIT""], ""NORTH"": [""E_EXIT"", ""E_EXIT"", ""W_EXIT""], ""SOUTH"": [""W_EXIT"", ""N_EXIT"", ""N_EXIT"", ""N_EXIT"", ""N_EXIT""], ""WEST"": [""S_EXIT"", ""E_EXIT"", ""E_EXIT"", ""S_EXIT"", ""E_EXIT""]}"
21,30021,fcfs,16,4,5,3,4,2,16,63,"{""EAST"": [4, 5, 6, 7], ""NORTH"": [1, 4, 5, 8], ""SOUTH"": [0, 2, 2, 3, 3], ""WEST"": [3, 5, 6]}","{""EAST"": [""W_EXIT"", ""S_EXIT"", ""W_EXIT"", ""S_EXIT""], ""NORTH"": [""E_EXIT"", ""E_EXIT"", ""W_EXIT"", ""W_EXIT""], ""SOUTH"": [""W_EXIT"", ""E_EXIT"", ""N_EXIT"", ""N_EXIT"", ""W_EXIT""], ""WEST"": [""N_EXIT"", ""N_EXIT"", ""N_EXIT""]}"
21,30021,fixed_heuristic,16,4,5,3,4,2,16,58,"{""EAST"": [4, 5, 6, 7], ""NORTH"": [1, 4, 5, 8], ""SOUTH"": [0, 2, 2, 3, 3], ""WEST"": [3, 5, 6]}","{""EAST"": [""W_EXIT"", ""S_EXIT"", ""W_EXIT"", ""S_EXIT""], ""NORTH"": [""E_EXIT"", ""E_EXIT"", ""W_EXIT"", ""W_EXIT""], ""SOUTH"": [""W_EXIT"", ""E_EXIT"", ""N_EXIT"", ""N_EXIT"", ""W_EXIT""], ""WEST"": [""N_EXIT"", ""N_EXIT"", ""N_EXIT""]}"
21,30021,bo_heuristic,16,4,5,3,4,2,16,57,"{""EAST"": [4, 5, 6, 7], ""NORTH"": [1, 4, 5, 8], ""SOUTH"": [0, 2, 2, 3, 3], ""WEST"": [3, 5, 6]}","{""EAST"": [""W_EXIT"", ""S_EXIT"", ""W_EXIT"", ""S_EXIT""], ""NORTH"": [""E_EXIT"", ""E_EXIT"", ""W_EXIT"", ""W_EXIT""], ""SOUTH"": [""W_EXIT"", ""E_EXIT"", ""N_EXIT"", ""N_EXIT"", ""W_EXIT""], ""WEST"": [""N_EXIT"", ""N_EXIT"", ""N_EXIT""]}"
22,30022,fcfs,16,4,3,6,3,2,16,69,"{""EAST"": [6, 6, 7], ""NORTH"": [0, 2, 3, 3], ""SOUTH"": [0, 4, 7], ""WEST"": [4, 5, 6, 7, 7, 8]}","{""EAST"": [""S_EXIT"", ""S_EXIT"", ""W_EXIT""], ""NORTH"": [""S_EXIT"", ""E_EXIT"", ""E_EXIT"", ""E_EXIT""], ""SOUTH"": [""W_EXIT"", ""N_EXIT"", ""W_EXIT""], ""WEST"": [""E_EXIT"", ""E_EXIT"", ""E_EXIT"", ""E_EXIT"", ""S_EXIT"", ""S_EXIT""]}"
22,30022,fixed_heuristic,16,4,3,6,3,2,16,59,"{""EAST"": [6, 6, 7], ""NORTH"": [0, 2, 3, 3], ""SOUTH"": [0, 4, 7], ""WEST"": [4, 5, 6, 7, 7, 8]}","{""EAST"": [""S_EXIT"", ""S_EXIT"", ""W_EXIT""], ""NORTH"": [""S_EXIT"", ""E_EXIT"", ""E_EXIT"", ""E_EXIT""], ""SOUTH"": [""W_EXIT"", ""N_EXIT"", ""W_EXIT""], ""WEST"": [""E_EXIT"", ""E_EXIT"", ""E_EXIT"", ""E_EXIT"", ""S_EXIT"", ""S_EXIT""]}"
22,30022,bo_heuristic,16,4,3,6,3,2,16,59,"{""EAST"": [6, 6, 7], ""NORTH"": [0, 2, 3, 3], ""SOUTH"": [0, 4, 7], ""WEST"": [4, 5, 6, 7, 7, 8]}","{""EAST"": [""S_EXIT"", ""S_EXIT"", ""W_EXIT""], ""NORTH"": [""S_EXIT"", ""E_EXIT"", ""E_EXIT"", ""E_EXIT""], ""SOUTH"": [""W_EXIT"", ""N_EXIT"", ""W_EXIT""], ""WEST"": [""E_EXIT"", ""E_EXIT"", ""E_EXIT"", ""E_EXIT"", ""S_EXIT"", ""S_EXIT""]}"
23,30023,fcfs,16,5,3,4,4,2,16,47,"{""EAST"": [4, 5, 6, 7], ""NORTH"": [0, 1, 6, 6, 8], ""SOUTH"": [3, 5, 7], ""WEST"": [1, 5, 6, 6]}","{""EAST"": [""N_EXIT"", ""N_EXIT"", ""W_EXIT"", ""S_EXIT""], ""NORTH"": [""W_EXIT"", ""S_EXIT"", ""W_EXIT"", ""W_EXIT"", ""S_EXIT""], ""SOUTH"": [""N_EXIT"", ""E_EXIT"", ""N_EXIT""], ""WEST"": [""E_EXIT"", ""E_EXIT"", ""N_EXIT"", ""E_EXIT""]}"
23,30023,fixed_heuristic,16,5,3,4,4,2,16,44,"{""EAST"": [4, 5, 6, 7], ""NORTH"": [0, 1, 6, 6, 8], ""SOUTH"": [3, 5, 7], ""WEST"": [1, 5, 6, 6]}","{""EAST"": [""N_EXIT"", ""N_EXIT"", ""W_EXIT"", ""S_EXIT""], ""NORTH"": [""W_EXIT"", ""S_EXIT"", ""W_EXIT"", ""W_EXIT"", ""S_EXIT""], ""SOUTH"": [""N_EXIT"", ""E_EXIT"", ""N_EXIT""], ""WEST"": [""E_EXIT"", ""E_EXIT"", ""N_EXIT"", ""E_EXIT""]}"
23,30023,bo_heuristic,16,5,3,4,4,2,16,45,"{""EAST"": [4, 5, 6, 7], ""NORTH"": [0, 1, 6, 6, 8], ""SOUTH"": [3, 5, 7], ""WEST"": [1, 5, 6, 6]}","{""EAST"": [""N_EXIT"", ""N_EXIT"", ""W_EXIT"", ""S_EXIT""], ""NORTH"": [""W_EXIT"", ""S_EXIT"", ""W_EXIT"", ""W_EXIT"", ""S_EXIT""], ""SOUTH"": [""N_EXIT"", ""E_EXIT"", ""N_EXIT""], ""WEST"": [""E_EXIT"", ""E_EXIT"", ""N_EXIT"", ""E_EXIT""]}"
24,30024,fcfs,16,5,3,4,4,2,16,64,"{""EAST"": [3, 5, 6, 8], ""NORTH"": [0, 1, 3, 5, 7], ""SOUTH"": [2, 3, 5], ""WEST"": [1, 5, 5, 7]}","{""EAST"": [""W_EXIT"", ""S_EXIT"", ""S_EXIT"", ""W_EXIT""], ""NORTH"": [""S_EXIT"", ""E_EXIT"", ""W_EXIT"", ""E_EXIT"", ""S_EXIT""], ""SOUTH"": [""N_EXIT"", ""N_EXIT"", ""W_EXIT""], ""WEST"": [""E_EXIT"", ""N_EXIT"", ""N_EXIT"", ""E_EXIT""]}"
24,30024,fixed_heuristic,16,5,3,4,4,2,16,55,"{""EAST"": [3, 5, 6, 8], ""NORTH"": [0, 1, 3, 5, 7], ""SOUTH"": [2, 3, 5], ""WEST"": [1, 5, 5, 7]}","{""EAST"": [""W_EXIT"", ""S_EXIT"", ""S_EXIT"", ""W_EXIT""], ""NORTH"": [""S_EXIT"", ""E_EXIT"", ""W_EXIT"", ""E_EXIT"", ""S_EXIT""], ""SOUTH"": [""N_EXIT"", ""N_EXIT"", ""W_EXIT""], ""WEST"": [""E_EXIT"", ""N_EXIT"", ""N_EXIT"", ""E_EXIT""]}"
24,30024,bo_heuristic,16,5,3,4,4,2,16,54,"{""EAST"": [3, 5, 6, 8], ""NORTH"": [0, 1, 3, 5, 7], ""SOUTH"": [2, 3, 5], ""WEST"": [1, 5, 5, 7]}","{""EAST"": [""W_EXIT"", ""S_EXIT"", ""S_EXIT"", ""W_EXIT""], ""NORTH"": [""S_EXIT"", ""E_EXIT"", ""W_EXIT"", ""E_EXIT"", ""S_EXIT""], ""SOUTH"": [""N_EXIT"", ""N_EXIT"", ""W_EXIT""], ""WEST"": [""E_EXIT"", ""N_EXIT"", ""N_EXIT"", ""E_EXIT""]}"
25,30025,fcfs,16,4,5,4,3,2,16,45,"{""EAST"": [2, 8, 8], ""NORTH"": [0, 3, 7, 8], ""SOUTH"": [0, 5, 5, 7, 8], ""WEST"": [2, 2, 4, 8]}","{""EAST"": [""N_EXIT"", ""S_EXIT"", ""N_EXIT""], ""NORTH"": [""E_EXIT"", ""S_EXIT"", ""S_EXIT"", ""S_EXIT""], ""SOUTH"": [""E_EXIT"", ""N_EXIT"", ""W_EXIT"", ""N_EXIT"", ""E_EXIT""], ""WEST"": [""S_EXIT"", ""S_EXIT"", ""S_EXIT"", ""S_EXIT""]}"
25,30025,fixed_heuristic,16,4,5,4,3,2,16,43,"{""EAST"": [2, 8, 8], ""NORTH"": [0, 3, 7, 8], ""SOUTH"": [0, 5, 5, 7, 8], ""WEST"": [2, 2, 4, 8]}","{""EAST"": [""N_EXIT"", ""S_EXIT"", ""N_EXIT""], ""NORTH"": [""E_EXIT"", ""S_EXIT"", ""S_EXIT"", ""S_EXIT""], ""SOUTH"": [""E_EXIT"", ""N_EXIT"", ""W_EXIT"", ""N_EXIT"", ""E_EXIT""], ""WEST"": [""S_EXIT"", ""S_EXIT"", ""S_EXIT"", ""S_EXIT""]}"
25,30025,bo_heuristic,16,4,5,4,3,2,16,42,"{""EAST"": [2, 8, 8], ""NORTH"": [0, 3, 7, 8], ""SOUTH"": [0, 5, 5, 7, 8], ""WEST"": [2, 2, 4, 8]}","{""EAST"": [""N_EXIT"", ""S_EXIT"", ""N_EXIT""], ""NORTH"": [""E_EXIT"", ""S_EXIT"", ""S_EXIT"", ""S_EXIT""], ""SOUTH"": [""E_EXIT"", ""N_EXIT"", ""W_EXIT"", ""N_EXIT"", ""E_EXIT""], ""WEST"": [""S_EXIT"", ""S_EXIT"", ""S_EXIT"", ""S_EXIT""]}"
26,30026,fcfs,16,3,6,4,3,2,16,50,"{""EAST"": [0, 0, 3], ""NORTH"": [1, 8, 8], ""SOUTH"": [0, 0, 4, 6, 6, 8], ""WEST"": [2, 2, 6, 7]}","{""EAST"": [""S_EXIT"", ""W_EXIT"", ""N_EXIT""], ""NORTH"": [""W_EXIT"", ""S_EXIT"", ""W_EXIT""], ""SOUTH"": [""E_EXIT"", ""N_EXIT"", ""W_EXIT"", ""W_EXIT"", ""N_EXIT"", ""N_EXIT""], ""WEST"": [""S_EXIT"", ""N_EXIT"", ""E_EXIT"", ""S_EXIT""]}"
26,30026,fixed_heuristic,16,3,6,4,3,2,16,49,"{""EAST"": [0, 0, 3], ""NORTH"": [1, 8, 8], ""SOUTH"": [0, 0, 4, 6, 6, 8], ""WEST"": [2, 2, 6, 7]}","{""EAST"": [""S_EXIT"", ""W_EXIT"", ""N_EXIT""], ""NORTH"": [""W_EXIT"", ""S_EXIT"", ""W_EXIT""], ""SOUTH"": [""E_EXIT"", ""N_EXIT"", ""W_EXIT"", ""W_EXIT"", ""N_EXIT"", ""N_EXIT""], ""WEST"": [""S_EXIT"", ""N_EXIT"", ""E_EXIT"", ""S_EXIT""]}"
26,30026,bo_heuristic,16,3,6,4,3,2,16,49,"{""EAST"": [0, 0, 3], ""NORTH"": [1, 8, 8], ""SOUTH"": [0, 0, 4, 6, 6, 8], ""WEST"": [2, 2, 6, 7]}","{""EAST"": [""S_EXIT"", ""W_EXIT"", ""N_EXIT""], ""NORTH"": [""W_EXIT"", ""S_EXIT"", ""W_EXIT""], ""SOUTH"": [""E_EXIT"", ""N_EXIT"", ""W_EXIT"", ""W_EXIT"", ""N_EXIT"", ""N_EXIT""], ""WEST"": [""S_EXIT"", ""N_EXIT"", ""E_EXIT"", ""S_EXIT""]}"
27,30027,fcfs,16,6,5,2,3,2,16,61,"{""EAST"": [3, 3, 5], ""NORTH"": [0, 0, 1, 4, 4, 7], ""SOUTH"": [2, 3, 4, 4, 6], ""WEST"": [1, 6]}","{""EAST"": [""S_EXIT"", ""S_EXIT"", ""W_EXIT""], ""NORTH"": [""E_EXIT"", ""E_EXIT"", ""S_EXIT"", ""W_EXIT"", ""S_EXIT"", ""E_EXIT""], ""SOUTH"": [""E_EXIT"", ""E_EXIT"", ""N_EXIT"", ""E_EXIT"", ""N_EXIT""], ""WEST"": [""E_EXIT"", ""E_EXIT""]}"
27,30027,fixed_heuristic,16,6,5,2,3,2,16,53,"{""EAST"": [3, 3, 5], ""NORTH"": [0, 0, 1, 4, 4, 7], ""SOUTH"": [2, 3, 4, 4, 6], ""WEST"": [1, 6]}","{""EAST"": [""S_EXIT"", ""S_EXIT"", ""W_EXIT""], ""NORTH"": [""E_EXIT"", ""E_EXIT"", ""S_EXIT"", ""W_EXIT"", ""S_EXIT"", ""E_EXIT""], ""SOUTH"": [""E_EXIT"", ""E_EXIT"", ""N_EXIT"", ""E_EXIT"", ""N_EXIT""], ""WEST"": [""E_EXIT"", ""E_EXIT""]}"
27,30027,bo_heuristic,16,6,5,2,3,2,16,54,"{""EAST"": [3, 3, 5], ""NORTH"": [0, 0, 1, 4, 4, 7], ""SOUTH"": [2, 3, 4, 4, 6], ""WEST"": [1, 6]}","{""EAST"": [""S_EXIT"", ""S_EXIT"", ""W_EXIT""], ""NORTH"": [""E_EXIT"", ""E_EXIT"", ""S_EXIT"", ""W_EXIT"", ""S_EXIT"", ""E_EXIT""], ""SOUTH"": [""E_EXIT"", ""E_EXIT"", ""N_EXIT"", ""E_EXIT"", ""N_EXIT""], ""WEST"": [""E_EXIT"", ""E_EXIT""]}"
28,30028,fcfs,16,5,4,4,3,2,16,54,"{""EAST"": [6, 8, 8], ""NORTH"": [0, 0, 1, 1, 3], ""SOUTH"": [0, 2, 5, 6], ""WEST"": [1, 1, 6, 6]}","{""EAST"": [""S_EXIT"", ""N_EXIT"", ""S_EXIT""], ""NORTH"": [""E_EXIT"", ""W_EXIT"", ""E_EXIT"", ""E_EXIT"", ""W_EXIT""], ""SOUTH"": [""N_EXIT"", ""N_EXIT"", ""N_EXIT"", ""N_EXIT""], ""WEST"": [""S_EXIT"", ""N_EXIT"", ""N_EXIT"", ""S_EXIT""]}"
28,30028,fixed_heuristic,16,5,4,4,3,2,16,52,"{""EAST"": [6, 8, 8], ""NORTH"": [0, 0, 1, 1, 3], ""SOUTH"": [0, 2, 5, 6], ""WEST"": [1, 1, 6, 6]}","{""EAST"": [""S_EXIT"", ""N_EXIT"", ""S_EXIT""], ""NORTH"": [""E_EXIT"", ""W_EXIT"", ""E_EXIT"", ""E_EXIT"", ""W_EXIT""], ""SOUTH"": [""N_EXIT"", ""N_EXIT"", ""N_EXIT"", ""N_EXIT""], ""WEST"": [""S_EXIT"", ""N_EXIT"", ""N_EXIT"", ""S_EXIT""]}"
28,30028,bo_heuristic,16,5,4,4,3,2,16,52,"{""EAST"": [6, 8, 8], ""NORTH"": [0, 0, 1, 1, 3], ""SOUTH"": [0, 2, 5, 6], ""WEST"": [1, 1, 6, 6]}","{""EAST"": [""S_EXIT"", ""N_EXIT"", ""S_EXIT""], ""NORTH"": [""E_EXIT"", ""W_EXIT"", ""E_EXIT"", ""E_EXIT"", ""W_EXIT""], ""SOUTH"": [""N_EXIT"", ""N_EXIT"", ""N_EXIT"", ""N_EXIT""], ""WEST"": [""S_EXIT"", ""N_EXIT"", ""N_EXIT"", ""S_EXIT""]}"
29,30029,fcfs,16,3,5,4,4,2,16,55,"{""EAST"": [1, 3, 5, 5], ""NORTH"": [5, 5, 6], ""SOUTH"": [0, 2, 2, 4, 8], ""WEST"": [4, 6, 6, 7]}","{""EAST"": [""W_EXIT"", ""N_EXIT"", ""W_EXIT"", ""N_EXIT""], ""NORTH"": [""S_EXIT"", ""E_EXIT"", ""S_EXIT""], ""SOUTH"": [""N_EXIT"", ""W_EXIT"", ""E_EXIT"", ""E_EXIT"", ""E_EXIT""], ""WEST"": [""N_EXIT"", ""E_EXIT"", ""N_EXIT"", ""S_EXIT""]}"
29,30029,fixed_heuristic,16,3,5,4,4,2,16,52,"{""EAST"": [1, 3, 5, 5], ""NORTH"": [5, 5, 6], ""SOUTH"": [0, 2, 2, 4, 8], ""WEST"": [4, 6, 6, 7]}","{""EAST"": [""W_EXIT"", ""N_EXIT"", ""W_EXIT"", ""N_EXIT""], ""NORTH"": [""S_EXIT"", ""E_EXIT"", ""S_EXIT""], ""SOUTH"": [""N_EXIT"", ""W_EXIT"", ""E_EXIT"", ""E_EXIT"", ""E_EXIT""], ""WEST"": [""N_EXIT"", ""E_EXIT"", ""N_EXIT"", ""S_EXIT""]}"
29,30029,bo_heuristic,16,3,5,4,4,2,16,48,"{""EAST"": [1, 3, 5, 5], ""NORTH"": [5, 5, 6], ""SOUTH"": [0, 2, 2, 4, 8], ""WEST"": [4, 6, 6, 7]}","{""EAST"": [""W_EXIT"", ""N_EXIT"", ""W_EXIT"", ""N_EXIT""], ""NORTH"": [""S_EXIT"", ""E_EXIT"", ""S_EXIT""], ""SOUTH"": [""N_EXIT"", ""W_EXIT"", ""E_EXIT"", ""E_EXIT"", ""E_EXIT""], ""WEST"": [""N_EXIT"", ""E_EXIT"", ""N_EXIT"", ""S_EXIT""]}"
30,30030,fcfs,16,4,4,2,6,2,16,61,"{""EAST"": [1, 2, 5, 5, 6, 8], ""NORTH"": [3, 4, 4, 6], ""SOUTH"": [1, 3, 6, 7], ""WEST"": [1, 6]}","{""EAST"": [""W_EXIT"", ""S_EXIT"", ""N_EXIT"", ""S_EXIT"", ""N_EXIT"", ""N_EXIT""], ""NORTH"": [""W_EXIT"", ""E_EXIT"", ""E_EXIT"", ""E_EXIT""], ""SOUTH"": [""E_EXIT"", ""W_EXIT"", ""W_EXIT"", ""N_EXIT""], ""WEST"": [""E_EXIT"", ""E_EXIT""]}"
30,30030,fixed_heuristic,16,4,4,2,6,2,16,54,"{""EAST"": [1, 2, 5, 5, 6, 8], ""NORTH"": [3, 4, 4, 6], ""SOUTH"": [1, 3, 6, 7], ""WEST"": [1, 6]}","{""EAST"": [""W_EXIT"", ""S_EXIT"", ""N_EXIT"", ""S_EXIT"", ""N_EXIT"", ""N_EXIT""], ""NORTH"": [""W_EXIT"", ""E_EXIT"", ""E_EXIT"", ""E_EXIT""], ""SOUTH"": [""E_EXIT"", ""W_EXIT"", ""W_EXIT"", ""N_EXIT""], ""WEST"": [""E_EXIT"", ""E_EXIT""]}"
30,30030,bo_heuristic,16,4,4,2,6,2,16,54,"{""EAST"": [1, 2, 5, 5, 6, 8], ""NORTH"": [3, 4, 4, 6], ""SOUTH"": [1, 3, 6, 7], ""WEST"": [1, 6]}","{""EAST"": [""W_EXIT"", ""S_EXIT"", ""N_EXIT"", ""S_EXIT"", ""N_EXIT"", ""N_EXIT""], ""NORTH"": [""W_EXIT"", ""E_EXIT"", ""E_EXIT"", ""E_EXIT""], ""SOUTH"": [""E_EXIT"", ""W_EXIT"", ""W_EXIT"", ""N_EXIT""], ""WEST"": [""E_EXIT"", ""E_EXIT""]}"
31,30031,fcfs,16,3,3,4,6,2,16,61,"{""EAST"": [1, 3, 4, 5, 6, 8], ""NORTH"": [1, 3, 8], ""SOUTH"": [0, 2, 3], ""WEST"": [1, 2, 7, 8]}","{""EAST"": [""W_EXIT"", ""S_EXIT"", ""N_EXIT"", ""S_EXIT"", ""S_EXIT"", ""W_EXIT""], ""NORTH"": [""S_EXIT"", ""W_EXIT"", ""E_EXIT""], ""SOUTH"": [""W_EXIT"", ""E_EXIT"", ""E_EXIT""], ""WEST"": [""N_EXIT"", ""N_EXIT"", ""S_EXIT"", ""E_EXIT""]}"
31,30031,fixed_heuristic,16,3,3,4,6,2,16,52,"{""EAST"": [1, 3, 4, 5, 6, 8], ""NORTH"": [1, 3, 8], ""SOUTH"": [0, 2, 3], ""WEST"": [1, 2, 7, 8]}","{""EAST"": [""W_EXIT"", ""S_EXIT"", ""N_EXIT"", ""S_EXIT"", ""S_EXIT"", ""W_EXIT""], ""NORTH"": [""S_EXIT"", ""W_EXIT"", ""E_EXIT""], ""SOUTH"": [""W_EXIT"", ""E_EXIT"", ""E_EXIT""], ""WEST"": [""N_EXIT"", ""N_EXIT"", ""S_EXIT"", ""E_EXIT""]}"
31,30031,bo_heuristic,16,3,3,4,6,2,16,53,"{""EAST"": [1, 3, 4, 5, 6, 8], ""NORTH"": [1, 3, 8], ""SOUTH"": [0, 2, 3], ""WEST"": [1, 2, 7, 8]}","{""EAST"": [""W_EXIT"", ""S_EXIT"", ""N_EXIT"", ""S_EXIT"", ""S_EXIT"", ""W_EXIT""], ""NORTH"": [""S_EXIT"", ""W_EXIT"", ""E_EXIT""], ""SOUTH"": [""W_EXIT"", ""E_EXIT"", ""E_EXIT""], ""WEST"": [""N_EXIT"", ""N_EXIT"", ""S_EXIT"", ""E_EXIT""]}"
32,30032,fcfs,16,2,6,3,5,2,16,51,"{""EAST"": [1, 2, 2, 5, 8], ""NORTH"": [0, 2], ""SOUTH"": [1, 5, 7, 8, 8, 8], ""WEST"": [0, 0, 1]}","{""EAST"": [""N_EXIT"", ""W_EXIT"", ""W_EXIT"", ""S_EXIT"", ""S_EXIT""], ""NORTH"": [""S_EXIT"", ""S_EXIT""], ""SOUTH"": [""N_EXIT"", ""N_EXIT"", ""E_EXIT"", ""W_EXIT"", ""E_EXIT"", ""E_EXIT""], ""WEST"": [""E_EXIT"", ""S_EXIT"", ""E_EXIT""]}"
32,30032,fixed_heuristic,16,2,6,3,5,2,16,46,"{""EAST"": [1, 2, 2, 5, 8], ""NORTH"": [0, 2], ""SOUTH"": [1, 5, 7, 8, 8, 8], ""WEST"": [0, 0, 1]}","{""EAST"": [""N_EXIT"", ""W_EXIT"", ""W_EXIT"", ""S_EXIT"", ""S_EXIT""], ""NORTH"": [""S_EXIT"", ""S_EXIT""], ""SOUTH"": [""N_EXIT"", ""N_EXIT"", ""E_EXIT"", ""W_EXIT"", ""E_EXIT"", ""E_EXIT""], ""WEST"": [""E_EXIT"", ""S_EXIT"", ""E_EXIT""]}"
32,30032,bo_heuristic,16,2,6,3,5,2,16,45,"{""EAST"": [1, 2, 2, 5, 8], ""NORTH"": [0, 2], ""SOUTH"": [1, 5, 7, 8, 8, 8], ""WEST"": [0, 0, 1]}","{""EAST"": [""N_EXIT"", ""W_EXIT"", ""W_EXIT"", ""S_EXIT"", ""S_EXIT""], ""NORTH"": [""S_EXIT"", ""S_EXIT""], ""SOUTH"": [""N_EXIT"", ""N_EXIT"", ""E_EXIT"", ""W_EXIT"", ""E_EXIT"", ""E_EXIT""], ""WEST"": [""E_EXIT"", ""S_EXIT"", ""E_EXIT""]}"
33,30033,fcfs,16,3,5,3,5,2,16,61,"{""EAST"": [0, 0, 2, 3, 6], ""NORTH"": [6, 8, 8], ""SOUTH"": [0, 2, 2, 4, 8], ""WEST"": [1, 1, 7]}","{""EAST"": [""S_EXIT"", ""W_EXIT"", ""S_EXIT"", ""W_EXIT"", ""W_EXIT""], ""NORTH"": [""E_EXIT"", ""W_EXIT"", ""E_EXIT""], ""SOUTH"": [""N_EXIT"", ""W_EXIT"", ""E_EXIT"", ""E_EXIT"", ""N_EXIT""], ""WEST"": [""N_EXIT"", ""E_EXIT"", ""N_EXIT""]}"
33,30033,fixed_heuristic,16,3,5,3,5,2,16,54,"{""EAST"": [0, 0, 2, 3, 6], ""NORTH"": [6, 8, 8], ""SOUTH"": [0, 2, 2, 4, 8], ""WEST"": [1, 1, 7]}","{""EAST"": [""S_EXIT"", ""W_EXIT"", ""S_EXIT"", ""W_EXIT"", ""W_EXIT""], ""NORTH"": [""E_EXIT"", ""W_EXIT"", ""E_EXIT""], ""SOUTH"": [""N_EXIT"", ""W_EXIT"", ""E_EXIT"", ""E_EXIT"", ""N_EXIT""], ""WEST"": [""N_EXIT"", ""E_EXIT"", ""N_EXIT""]}"
33,30033,bo_heuristic,16,3,5,3,5,2,16,54,"{""EAST"": [0, 0, 2, 3, 6], ""NORTH"": [6, 8, 8], ""SOUTH"": [0, 2, 2, 4, 8], ""WEST"": [1, 1, 7]}","{""EAST"": [""S_EXIT"", ""W_EXIT"", ""S_EXIT"", ""W_EXIT"", ""W_EXIT""], ""NORTH"": [""E_EXIT"", ""W_EXIT"", ""E_EXIT""], ""SOUTH"": [""N_EXIT"", ""W_EXIT"", ""E_EXIT"", ""E_EXIT"", ""N_EXIT""], ""WEST"": [""N_EXIT"", ""E_EXIT"", ""N_EXIT""]}"
34,30034,fcfs,16,3,6,4,3,2,16,53,"{""EAST"": [3, 5, 7], ""NORTH"": [0, 6, 6], ""SOUTH"": [0, 1, 2, 4, 5, 6], ""WEST"": [2, 2, 5, 5]}","{""EAST"": [""S_EXIT"", ""S_EXIT"", ""N_EXIT""], ""NORTH"": [""E_EXIT"", ""S_EXIT"", ""W_EXIT""], ""SOUTH"": [""W_EXIT"", ""N_EXIT"", ""E_EXIT"", ""E_EXIT"", ""N_EXIT"", ""W_EXIT""], ""WEST"": [""S_EXIT"", ""S_EXIT"", ""N_EXIT"", ""E_EXIT""]}"
34,30034,fixed_heuristic,16,3,6,4,3,2,16,48,"{""EAST"": [3, 5, 7], ""NORTH"": [0, 6, 6], ""SOUTH"": [0, 1, 2, 4, 5, 6], ""WEST"": [2, 2, 5, 5]}","{""EAST"": [""S_EXIT"", ""S_EXIT"", ""N_EXIT""], ""NORTH"": [""E_EXIT"", ""S_EXIT"", ""W_EXIT""], ""SOUTH"": [""W_EXIT"", ""N_EXIT"", ""E_EXIT"", ""E_EXIT"", ""N_EXIT"", ""W_EXIT""], ""WEST"": [""S_EXIT"", ""S_EXIT"", ""N_EXIT"", ""E_EXIT""]}"
34,30034,bo_heuristic,16,3,6,4,3,2,16,49,"{""EAST"": [3, 5, 7], ""NORTH"": [0, 6, 6], ""SOUTH"": [0, 1, 2, 4, 5, 6], ""WEST"": [2, 2, 5, 5]}","{""EAST"": [""S_EXIT"", ""S_EXIT"", ""N_EXIT""], ""NORTH"": [""E_EXIT"", ""S_EXIT"", ""W_EXIT""], ""SOUTH"": [""W_EXIT"", ""N_EXIT"", ""E_EXIT"", ""E_EXIT"", ""N_EXIT"", ""W_EXIT""], ""WEST"": [""S_EXIT"", ""S_EXIT"", ""N_EXIT"", ""E_EXIT""]}"
35,30035,fcfs,16,2,6,3,5,2,16,60,"{""EAST"": [3, 4, 7, 7, 7], ""NORTH"": [4, 6], ""SOUTH"": [4, 4, 6, 6, 7, 8], ""WEST"": [0, 0, 1]}","{""EAST"": [""N_EXIT"", ""N_EXIT"", ""S_EXIT"", ""S_EXIT"", ""S_EXIT""], ""NORTH"": [""E_EXIT"", ""W_EXIT""], ""SOUTH"": [""W_EXIT"", ""W_EXIT"", ""N_EXIT"", ""N_EXIT"", ""E_EXIT"", ""E_EXIT""], ""WEST"": [""S_EXIT"", ""E_EXIT"", ""E_EXIT""]}"
35,30035,fixed_heuristic,16,2,6,3,5,2,16,54,"{""EAST"": [3, 4, 7, 7, 7], ""NORTH"": [4, 6], ""SOUTH"": [4, 4, 6, 6, 7, 8], ""WEST"": [0, 0, 1]}","{""EAST"": [""N_EXIT"", ""N_EXIT"", ""S_EXIT"", ""S_EXIT"", ""S_EXIT""], ""NORTH"": [""E_EXIT"", ""W_EXIT""], ""SOUTH"": [""W_EXIT"", ""W_EXIT"", ""N_EXIT"", ""N_EXIT"", ""E_EXIT"", ""E_EXIT""], ""WEST"": [""S_EXIT"", ""E_EXIT"", ""E_EXIT""]}"
35,30035,bo_heuristic,16,2,6,3,5,2,16,54,"{""EAST"": [3, 4, 7, 7, 7], ""NORTH"": [4, 6], ""SOUTH"": [4, 4, 6, 6, 7, 8], ""WEST"": [0, 0, 1]}","{""EAST"": [""N_EXIT"", ""N_EXIT"", ""S_EXIT"", ""S_EXIT"", ""S_EXIT""], ""NORTH"": [""E_EXIT"", ""W_EXIT""], ""SOUTH"": [""W_EXIT"", ""W_EXIT"", ""N_EXIT"", ""N_EXIT"", ""E_EXIT"", ""E_EXIT""], ""WEST"": [""S_EXIT"", ""E_EXIT"", ""E_EXIT""]}"
36,30036,fcfs,16,6,4,2,4,2,16,59,"{""EAST"": [4, 6, 6, 7], ""NORTH"": [0, 1, 2, 3, 6, 7], ""SOUTH"": [2, 4, 5, 8], ""WEST"": [1, 5]}","{""EAST"": [""N_EXIT"", ""S_EXIT"", ""S_EXIT"", ""S_EXIT""], ""NORTH"": [""E_EXIT"", ""W_EXIT"", ""S_EXIT"", ""S_EXIT"", ""S_EXIT"", ""W_EXIT""], ""SOUTH"": [""W_EXIT"", ""E_EXIT"", ""W_EXIT"", ""W_EXIT""], ""WEST"": [""N_EXIT"", ""S_EXIT""]}"
36,30036,fixed_heuristic,16,6,4,2,4,2,16,56,"{""EAST"": [4, 6, 6, 7], ""NORTH"": [0, 1, 2, 3, 6, 7], ""SOUTH"": [2, 4, 5, 8], ""WEST"": [1, 5]}","{""EAST"": [""N_EXIT"", ""S_EXIT"", ""S_EXIT"", ""S_EXIT""], ""NORTH"": [""E_EXIT"", ""W_EXIT"", ""S_EXIT"", ""S_EXIT"", ""S_EXIT"", ""W_EXIT""], ""SOUTH"": [""W_EXIT"", ""E_EXIT"", ""W_EXIT"", ""W_EXIT""], ""WEST"": [""N_EXIT"", ""S_EXIT""]}"
36,30036,bo_heuristic,16,6,4,2,4,2,16,56,"{""EAST"": [4, 6, 6, 7], ""NORTH"": [0, 1, 2, 3, 6, 7], ""SOUTH"": [2, 4, 5, 8], ""WEST"": [1, 5]}","{""EAST"": [""N_EXIT"", ""S_EXIT"", ""S_EXIT"", ""S_EXIT""], ""NORTH"": [""E_EXIT"", ""W_EXIT"", ""S_EXIT"", ""S_EXIT"", ""S_EXIT"", ""W_EXIT""], ""SOUTH"": [""W_EXIT"", ""E_EXIT"", ""W_EXIT"", ""W_EXIT""], ""WEST"": [""N_EXIT"", ""S_EXIT""]}"
37,30037,fcfs,16,2,3,6,5,2,16,55,"{""EAST"": [1, 1, 4, 4, 7], ""NORTH"": [7, 8], ""SOUTH"": [0, 2, 8], ""WEST"": [0, 1, 2, 3, 3, 6]}","{""EAST"": [""N_EXIT"", ""N_EXIT"", ""W_EXIT"", ""N_EXIT"", ""N_EXIT""], ""NORTH"": [""E_EXIT"", ""E_EXIT""], ""SOUTH"": [""E_EXIT"", ""W_EXIT"", ""W_EXIT""], ""WEST"": [""N_EXIT"", ""N_EXIT"", ""S_EXIT"", ""S_EXIT"", ""N_EXIT"", ""N_EXIT""]}"
37,30037,fixed_heuristic,16,2,3,6,5,2,16,50,"{""EAST"": [1, 1, 4, 4, 7], ""NORTH"": [7, 8], ""SOUTH"": [0, 2, 8], ""WEST"": [0, 1, 2, 3, 3, 6]}","{""EAST"": [""N_EXIT"", ""N_EXIT"", ""W_EXIT"", ""N_EXIT"", ""N_EXIT""], ""NORTH"": [""E_EXIT"", ""E_EXIT""], ""SOUTH"": [""E_EXIT"", ""W_EXIT"", ""W_EXIT""], ""WEST"": [""N_EXIT"", ""N_EXIT"", ""S_EXIT"", ""S_EXIT"", ""N_EXIT"", ""N_EXIT""]}"
37,30037,bo_heuristic,16,2,3,6,5,2,16,49,"{""EAST"": [1, 1, 4, 4, 7], ""NORTH"": [7, 8], ""SOUTH"": [0, 2, 8], ""WEST"": [0, 1, 2, 3, 3, 6]}","{""EAST"": [""N_EXIT"", ""N_EXIT"", ""W_EXIT"", ""N_EXIT"", ""N_EXIT""], ""NORTH"": [""E_EXIT"", ""E_EXIT""], ""SOUTH"": [""E_EXIT"", ""W_EXIT"", ""W_EXIT""], ""WEST"": [""N_EXIT"", ""N_EXIT"", ""S_EXIT"", ""S_EXIT"", ""N_EXIT"", ""N_EXIT""]}"
38,30038,fcfs,16,4,4,4,4,2,16,57,"{""EAST"": [2, 4, 7, 8], ""NORTH"": [1, 6, 7, 7], ""SOUTH"": [6, 6, 6, 7], ""WEST"": [0, 3, 3, 5]}","{""EAST"": [""W_EXIT"", ""S_EXIT"", ""N_EXIT"", ""S_EXIT""], ""NORTH"": [""S_EXIT"", ""W_EXIT"", ""E_EXIT"", ""E_EXIT""], ""SOUTH"": [""N_EXIT"", ""W_EXIT"", ""W_EXIT"", ""E_EXIT""], ""WEST"": [""E_EXIT"", ""S_EXIT"", ""N_EXIT"", ""E_EXIT""]}"
38,30038,fixed_heuristic,16,4,4,4,4,2,16,52,"{""EAST"": [2, 4, 7, 8], ""NORTH"": [1, 6, 7, 7], ""SOUTH"": [6, 6, 6, 7], ""WEST"": [0, 3, 3, 5]}","{""EAST"": [""W_EXIT"", ""S_EXIT"", ""N_EXIT"", ""S_EXIT""], ""NORTH"": [""S_EXIT"", ""W_EXIT"", ""E_EXIT"", ""E_EXIT""], ""SOUTH"": [""N_EXIT"", ""W_EXIT"", ""W_EXIT"", ""E_EXIT""], ""WEST"": [""E_EXIT"", ""S_EXIT"", ""N_EXIT"", ""E_EXIT""]}"
38,30038,bo_heuristic,16,4,4,4,4,2,16,51,"{""EAST"": [2, 4, 7, 8], ""NORTH"": [1, 6, 7, 7], ""SOUTH"": [6, 6, 6, 7], ""WEST"": [0, 3, 3, 5]}","{""EAST"": [""W_EXIT"", ""S_EXIT"", ""N_EXIT"", ""S_EXIT""], ""NORTH"": [""S_EXIT"", ""W_EXIT"", ""E_EXIT"", ""E_EXIT""], ""SOUTH"": [""N_EXIT"", ""W_EXIT"", ""W_EXIT"", ""E_EXIT""], ""WEST"": [""E_EXIT"", ""S_EXIT"", ""N_EXIT"", ""E_EXIT""]}"
39,30039,fcfs,16,3,6,4,3,2,16,50,"{""EAST"": [4, 4, 4], ""NORTH"": [3, 3, 5], ""SOUTH"": [1, 3, 6, 7, 8, 8], ""WEST"": [5, 6, 8, 8]}","{""EAST"": [""W_EXIT"", ""S_EXIT"", ""W_EXIT""], ""NORTH"": [""W_EXIT"", ""S_EXIT"", ""S_EXIT""], ""SOUTH"": [""E_EXIT"", ""N_EXIT"", ""E_EXIT"", ""E_EXIT"", ""W_EXIT"", ""E_EXIT""], ""WEST"": [""E_EXIT"", ""E_EXIT"", ""S_EXIT"", ""E_EXIT""]}"
39,30039,fixed_heuristic,16,3,6,4,3,2,16,48,"{""EAST"": [4, 4, 4], ""NORTH"": [3, 3, 5], ""SOUTH"": [1, 3, 6, 7, 8, 8], ""WEST"": [5, 6, 8, 8]}","{""EAST"": [""W_EXIT"", ""S_EXIT"", ""W_EXIT""], ""NORTH"": [""W_EXIT"", ""S_EXIT"", ""S_EXIT""], ""SOUTH"": [""E_EXIT"", ""N_EXIT"", ""E_EXIT"", ""E_EXIT"", ""W_EXIT"", ""E_EXIT""], ""WEST"": [""E_EXIT"", ""E_EXIT"", ""S_EXIT"", ""E_EXIT""]}"
39,30039,bo_heuristic,16,3,6,4,3,2,16,48,"{""EAST"": [4, 4, 4], ""NORTH"": [3, 3, 5], ""SOUTH"": [1, 3, 6, 7, 8, 8], ""WEST"": [5, 6, 8, 8]}","{""EAST"": [""W_EXIT"", ""S_EXIT"", ""W_EXIT""], ""NORTH"": [""W_EXIT"", ""S_EXIT"", ""S_EXIT""], ""SOUTH"": [""E_EXIT"", ""N_EXIT"", ""E_EXIT"", ""E_EXIT"", ""W_EXIT"", ""E_EXIT""], ""WEST"": [""E_EXIT"", ""E_EXIT"", ""S_EXIT"", ""E_EXIT""]}"
40,30040,fcfs,16,3,5,4,4,2,16,46,"{""EAST"": [0, 1, 3, 8], ""NORTH"": [0, 1, 2], ""SOUTH"": [0, 3, 6, 7, 8], ""WEST"": [1, 1, 7, 8]}","{""EAST"": [""W_EXIT"", ""W_EXIT"", ""N_EXIT"", ""S_EXIT""], ""NORTH"": [""S_EXIT"", ""W_EXIT"", ""W_EXIT""], ""SOUTH"": [""N_EXIT"", ""E_EXIT"", ""E_EXIT"", ""W_EXIT"", ""E_EXIT""], ""WEST"": [""E_EXIT"", ""S_EXIT"", ""E_EXIT"", ""E_EXIT""]}"
40,30040,fixed_heuristic,16,3,5,4,4,2,16,43,"{""EAST"": [0, 1, 3, 8], ""NORTH"": [0, 1, 2], ""SOUTH"": [0, 3, 6, 7, 8], ""WEST"": [1, 1, 7, 8]}","{""EAST"": [""W_EXIT"", ""W_EXIT"", ""N_EXIT"", ""S_EXIT""], ""NORTH"": [""S_EXIT"", ""W_EXIT"", ""W_EXIT""], ""SOUTH"": [""N_EXIT"", ""E_EXIT"", ""E_EXIT"", ""W_EXIT"", ""E_EXIT""], ""WEST"": [""E_EXIT"", ""S_EXIT"", ""E_EXIT"", ""E_EXIT""]}"
40,30040,bo_heuristic,16,3,5,4,4,2,16,42,"{""EAST"": [0, 1, 3, 8], ""NORTH"": [0, 1, 2], ""SOUTH"": [0, 3, 6, 7, 8], ""WEST"": [1, 1, 7, 8]}","{""EAST"": [""W_EXIT"", ""W_EXIT"", ""N_EXIT"", ""S_EXIT""], ""NORTH"": [""S_EXIT"", ""W_EXIT"", ""W_EXIT""], ""SOUTH"": [""N_EXIT"", ""E_EXIT"", ""E_EXIT"", ""W_EXIT"", ""E_EXIT""], ""WEST"": [""E_EXIT"", ""S_EXIT"", ""E_EXIT"", ""E_EXIT""]}"
41,30041,fcfs,16,5,4,4,3,2,16,51,"{""EAST"": [0, 2, 6], ""NORTH"": [1, 4, 5, 5, 6], ""SOUTH"": [1, 1, 3, 8], ""WEST"": [3, 4, 8, 8]}","{""EAST"": [""W_EXIT"", ""N_EXIT"", ""S_EXIT""], ""NORTH"": [""E_EXIT"", ""S_EXIT"", ""E_EXIT"", ""S_EXIT"", ""W_EXIT""], ""SOUTH"": [""E_EXIT"", ""W_EXIT"", ""W_EXIT"", ""W_EXIT""], ""WEST"": [""S_EXIT"", ""S_EXIT"", ""E_EXIT"", ""S_EXIT""]}"
41,30041,fixed_heuristic,16,5,4,4,3,2,16,51,"{""EAST"": [0, 2, 6], ""NORTH"": [1, 4, 5, 5, 6], ""SOUTH"": [1, 1, 3, 8], ""WEST"": [3, 4, 8, 8]}","{""EAST"": [""W_EXIT"", ""N_EXIT"", ""S_EXIT""], ""NORTH"": [""E_EXIT"", ""S_EXIT"", ""E_EXIT"", ""S_EXIT"", ""W_EXIT""], ""SOUTH"": [""E_EXIT"", ""W_EXIT"", ""W_EXIT"", ""W_EXIT""], ""WEST"": [""S_EXIT"", ""S_EXIT"", ""E_EXIT"", ""S_EXIT""]}"
41,30041,bo_heuristic,16,5,4,4,3,2,16,51,"{""EAST"": [0, 2, 6], ""NORTH"": [1, 4, 5, 5, 6], ""SOUTH"": [1, 1, 3, 8], ""WEST"": [3, 4, 8, 8]}","{""EAST"": [""W_EXIT"", ""N_EXIT"", ""S_EXIT""], ""NORTH"": [""E_EXIT"", ""S_EXIT"", ""E_EXIT"", ""S_EXIT"", ""W_EXIT""], ""SOUTH"": [""E_EXIT"", ""W_EXIT"", ""W_EXIT"", ""W_EXIT""], ""WEST"": [""S_EXIT"", ""S_EXIT"", ""E_EXIT"", ""S_EXIT""]}"
42,30042,fcfs,16,5,2,5,4,2,16,55,"{""EAST"": [0, 0, 4, 5], ""NORTH"": [0, 0, 2, 7, 7], ""SOUTH"": [4, 6], ""WEST"": [0, 1, 1, 5, 7]}","{""EAST"": [""S_EXIT"", ""S_EXIT"", ""W_EXIT"", ""W_EXIT""], ""NORTH"": [""W_EXIT"", ""W_EXIT"", ""W_EXIT"", ""W_EXIT"", ""E_EXIT""], ""SOUTH"": [""E_EXIT"", ""W_EXIT""], ""WEST"": [""N_EXIT"", ""E_EXIT"", ""N_EXIT"", ""S_EXIT"", ""S_EXIT""]}"
42,30042,fixed_heuristic,16,5,2,5,4,2,16,48,"{""EAST"": [0, 0, 4, 5], ""NORTH"": [0, 0, 2, 7, 7], ""SOUTH"": [4, 6], ""WEST"": [0, 1, 1, 5, 7]}","{""EAST"": [""S_EXIT"", ""S_EXIT"", ""W_EXIT"", ""W_EXIT""], ""NORTH"": [""W_EXIT"", ""W_EXIT"", ""W_EXIT"", ""W_EXIT"", ""E_EXIT""], ""SOUTH"": [""E_EXIT"", ""W_EXIT""], ""WEST"": [""N_EXIT"", ""E_EXIT"", ""N_EXIT"", ""S_EXIT"", ""S_EXIT""]}"
42,30042,bo_heuristic,16,5,2,5,4,2,16,50,"{""EAST"": [0, 0, 4, 5], ""NORTH"": [0, 0, 2, 7, 7], ""SOUTH"": [4, 6], ""WEST"": [0, 1, 1, 5, 7]}","{""EAST"": [""S_EXIT"", ""S_EXIT"", ""W_EXIT"", ""W_EXIT""], ""NORTH"": [""W_EXIT"", ""W_EXIT"", ""W_EXIT"", ""W_EXIT"", ""E_EXIT""], ""SOUTH"": [""E_EXIT"", ""W_EXIT""], ""WEST"": [""N_EXIT"", ""E_EXIT"", ""N_EXIT"", ""S_EXIT"", ""S_EXIT""]}"
43,30043,fcfs,16,3,5,6,2,2,16,57,"{""EAST"": [2, 7], ""NORTH"": [1, 5, 7], ""SOUTH"": [2, 4, 6, 6, 8], ""WEST"": [0, 1, 1, 4, 8, 8]}","{""EAST"": [""W_EXIT"", ""N_EXIT""], ""NORTH"": [""S_EXIT"", ""W_EXIT"", ""S_EXIT""], ""SOUTH"": [""W_EXIT"", ""N_EXIT"", ""W_EXIT"", ""W_EXIT"", ""W_EXIT""], ""WEST"": [""N_EXIT"", ""N_EXIT"", ""S_EXIT"", ""N_EXIT"", ""E_EXIT"", ""E_EXIT""]}"
43,30043,fixed_heuristic,16,3,5,6,2,2,16,55,"{""EAST"": [2, 7], ""NORTH"": [1, 5, 7], ""SOUTH"": [2, 4, 6, 6, 8], ""WEST"": [0, 1, 1, 4, 8, 8]}","{""EAST"": [""W_EXIT"", ""N_EXIT""], ""NORTH"": [""S_EXIT"", ""W_EXIT"", ""S_EXIT""], ""SOUTH"": [""W_EXIT"", ""N_EXIT"", ""W_EXIT"", ""W_EXIT"", ""W_EXIT""], ""WEST"": [""N_EXIT"", ""N_EXIT"", ""S_EXIT"", ""N_EXIT"", ""E_EXIT"", ""E_EXIT""]}"
43,30043,bo_heuristic,16,3,5,6,2,2,16,55,"{""EAST"": [2, 7], ""NORTH"": [1, 5, 7], ""SOUTH"": [2, 4, 6, 6, 8], ""WEST"": [0, 1, 1, 4, 8, 8]}","{""EAST"": [""W_EXIT"", ""N_EXIT""], ""NORTH"": [""S_EXIT"", ""W_EXIT"", ""S_EXIT""], ""SOUTH"": [""W_EXIT"", ""N_EXIT"", ""W_EXIT"", ""W_EXIT"", ""W_EXIT""], ""WEST"": [""N_EXIT"", ""N_EXIT"", ""S_EXIT"", ""N_EXIT"", ""E_EXIT"", ""E_EXIT""]}"
44,30044,fcfs,16,3,4,6,3,2,16,58,"{""EAST"": [0, 3, 3], ""NORTH"": [4, 7, 8], ""SOUTH"": [0, 1, 4, 4], ""WEST"": [0, 0, 1, 4, 7, 8]}","{""EAST"": [""N_EXIT"", ""S_EXIT"", ""S_EXIT""], ""NORTH"": [""E_EXIT"", ""S_EXIT"", ""E_EXIT""], ""SOUTH"": [""E_EXIT"", ""E_EXIT"", ""E_EXIT"", ""W_EXIT""], ""WEST"": [""S_EXIT"", ""N_EXIT"", ""E_EXIT"", ""S_EXIT"", ""E_EXIT"", ""E_EXIT""]}"
44,30044,fixed_heuristic,16,3,4,6,3,2,16,52,"{""EAST"": [0, 3, 3], ""NORTH"": [4, 7, 8], ""SOUTH"": [0, 1, 4, 4], ""WEST"": [0, 0, 1, 4, 7, 8]}","{""EAST"": [""N_EXIT"", ""S_EXIT"", ""S_EXIT""], ""NORTH"": [""E_EXIT"", ""S_EXIT"", ""E_EXIT""], ""SOUTH"": [""E_EXIT"", ""E_EXIT"", ""E_EXIT"", ""W_EXIT""], ""WEST"": [""S_EXIT"", ""N_EXIT"", ""E_EXIT"", ""S_EXIT"", ""E_EXIT"", ""E_EXIT""]}"
44,30044,bo_heuristic,16,3,4,6,3,2,16,51,"{""EAST"": [0, 3, 3], ""NORTH"": [4, 7, 8], ""SOUTH"": [0, 1, 4, 4], ""WEST"": [0, 0, 1, 4, 7, 8]}","{""EAST"": [""N_EXIT"", ""S_EXIT"", ""S_EXIT""], ""NORTH"": [""E_EXIT"", ""S_EXIT"", ""E_EXIT""], ""SOUTH"": [""E_EXIT"", ""E_EXIT"", ""E_EXIT"", ""W_EXIT""], ""WEST"": [""S_EXIT"", ""N_EXIT"", ""E_EXIT"", ""S_EXIT"", ""E_EXIT"", ""E_EXIT""]}"
45,30045,fcfs,16,4,5,4,3,2,16,45,"{""EAST"": [1, 2, 2], ""NORTH"": [1, 1, 5, 5], ""SOUTH"": [1, 3, 4, 5, 6], ""WEST"": [1, 5, 6, 7]}","{""EAST"": [""N_EXIT"", ""N_EXIT"", ""N_EXIT""], ""NORTH"": [""S_EXIT"", ""W_EXIT"", ""W_EXIT"", ""S_EXIT""], ""SOUTH"": [""W_EXIT"", ""E_EXIT"", ""W_EXIT"", ""E_EXIT"", ""E_EXIT""], ""WEST"": [""S_EXIT"", ""N_EXIT"", ""S_EXIT"", ""N_EXIT""]}"
45,30045,fixed_heuristic,16,4,5,4,3,2,16,41,"{""EAST"": [1, 2, 2], ""NORTH"": [1, 1, 5, 5], ""SOUTH"": [1, 3, 4, 5, 6], ""WEST"": [1, 5, 6, 7]}","{""EAST"": [""N_EXIT"", ""N_EXIT"", ""N_EXIT""], ""NORTH"": [""S_EXIT"", ""W_EXIT"", ""W_EXIT"", ""S_EXIT""], ""SOUTH"": [""W_EXIT"", ""E_EXIT"", ""W_EXIT"", ""E_EXIT"", ""E_EXIT""], ""WEST"": [""S_EXIT"", ""N_EXIT"", ""S_EXIT"", ""N_EXIT""]}"
45,30045,bo_heuristic,16,4,5,4,3,2,16,44,"{""EAST"": [1, 2, 2], ""NORTH"": [1, 1, 5, 5], ""SOUTH"": [1, 3, 4, 5, 6], ""WEST"": [1, 5, 6, 7]}","{""EAST"": [""N_EXIT"", ""N_EXIT"", ""N_EXIT""], ""NORTH"": [""S_EXIT"", ""W_EXIT"", ""W_EXIT"", ""S_EXIT""], ""SOUTH"": [""W_EXIT"", ""E_EXIT"", ""W_EXIT"", ""E_EXIT"", ""E_EXIT""], ""WEST"": [""S_EXIT"", ""N_EXIT"", ""S_EXIT"", ""N_EXIT""]}"
46,30046,fcfs,16,4,5,3,4,2,16,56,"{""EAST"": [0, 1, 5, 7], ""NORTH"": [1, 2, 3, 8], ""SOUTH"": [0, 5, 8, 8, 8], ""WEST"": [0, 0, 2]}","{""EAST"": [""W_EXIT"", ""S_EXIT"", ""W_EXIT"", ""W_EXIT""], ""NORTH"": [""E_EXIT"", ""W_EXIT"", ""W_EXIT"", ""W_EXIT""], ""SOUTH"": [""N_EXIT"", ""N_EXIT"", ""N_EXIT"", ""E_EXIT"", ""N_EXIT""], ""WEST"": [""N_EXIT"", ""N_EXIT"", ""S_EXIT""]}"
46,30046,fixed_heuristic,16,4,5,3,4,2,16,50,"{""EAST"": [0, 1, 5, 7], ""NORTH"": [1, 2, 3, 8], ""SOUTH"": [0, 5, 8, 8, 8], ""WEST"": [0, 0, 2]}","{""EAST"": [""W_EXIT"", ""S_EXIT"", ""W_EXIT"", ""W_EXIT""], ""NORTH"": [""E_EXIT"", ""W_EXIT"", ""W_EXIT"", ""W_EXIT""], ""SOUTH"": [""N_EXIT"", ""N_EXIT"", ""N_EXIT"", ""E_EXIT"", ""N_EXIT""], ""WEST"": [""N_EXIT"", ""N_EXIT"", ""S_EXIT""]}"
46,30046,bo_heuristic,16,4,5,3,4,2,16,50,"{""EAST"": [0, 1, 5, 7], ""NORTH"": [1, 2, 3, 8], ""SOUTH"": [0, 5, 8, 8, 8], ""WEST"": [0, 0, 2]}","{""EAST"": [""W_EXIT"", ""S_EXIT"", ""W_EXIT"", ""W_EXIT""], ""NORTH"": [""E_EXIT"", ""W_EXIT"", ""W_EXIT"", ""W_EXIT""], ""SOUTH"": [""N_EXIT"", ""N_EXIT"", ""N_EXIT"", ""E_EXIT"", ""N_EXIT""], ""WEST"": [""N_EXIT"", ""N_EXIT"", ""S_EXIT""]}"
47,30047,fcfs,16,4,3,5,4,2,16,60,"{""EAST"": [0, 0, 5, 7], ""NORTH"": [1, 3, 5, 5], ""SOUTH"": [1, 2, 6], ""WEST"": [1, 1, 4, 5, 6]}","{""EAST"": [""S_EXIT"", ""W_EXIT"", ""W_EXIT"", ""S_EXIT""], ""NORTH"": [""E_EXIT"", ""S_EXIT"", ""W_EXIT"", ""S_EXIT""], ""SOUTH"": [""E_EXIT"", ""W_EXIT"", ""E_EXIT""], ""WEST"": [""N_EXIT"", ""S_EXIT"", ""S_EXIT"", ""S_EXIT"", ""N_EXIT""]}"
47,30047,fixed_heuristic,16,4,3,5,4,2,16,48,"{""EAST"": [0, 0, 5, 7], ""NORTH"": [1, 3, 5, 5], ""SOUTH"": [1, 2, 6], ""WEST"": [1, 1, 4, 5, 6]}","{""EAST"": [""S_EXIT"", ""W_EXIT"", ""W_EXIT"", ""S_EXIT""], ""NORTH"": [""E_EXIT"", ""S_EXIT"", ""W_EXIT"", ""S_EXIT""], ""SOUTH"": [""E_EXIT"", ""W_EXIT"", ""E_EXIT""], ""WEST"": [""N_EXIT"", ""S_EXIT"", ""S_EXIT"", ""S_EXIT"", ""N_EXIT""]}"
47,30047,bo_heuristic,16,4,3,5,4,2,16,48,"{""EAST"": [0, 0, 5, 7], ""NORTH"": [1, 3, 5, 5], ""SOUTH"": [1, 2, 6], ""WEST"": [1, 1, 4, 5, 6]}","{""EAST"": [""S_EXIT"", ""W_EXIT"", ""W_EXIT"", ""S_EXIT""], ""NORTH"": [""E_EXIT"", ""S_EXIT"", ""W_EXIT"", ""S_EXIT""], ""SOUTH"": [""E_EXIT"", ""W_EXIT"", ""E_EXIT""], ""WEST"": [""N_EXIT"", ""S_EXIT"", ""S_EXIT"", ""S_EXIT"", ""N_EXIT""]}"
48,30048,fcfs,16,3,6,4,3,2,16,54,"{""EAST"": [3, 3, 6], ""NORTH"": [0, 6, 7], ""SOUTH"": [2, 2, 4, 6, 7, 7], ""WEST"": [0, 1, 2, 5]}","{""EAST"": [""N_EXIT"", ""W_EXIT"", ""N_EXIT""], ""NORTH"": [""S_EXIT"", ""S_EXIT"", ""E_EXIT""], ""SOUTH"": [""E_EXIT"", ""N_EXIT"", ""W_EXIT"", ""E_EXIT"", ""N_EXIT"", ""E_EXIT""], ""WEST"": [""E_EXIT"", ""E_EXIT"", ""N_EXIT"", ""N_EXIT""]}"
48,30048,fixed_heuristic,16,3,6,4,3,2,16,46,"{""EAST"": [3, 3, 6], ""NORTH"": [0, 6, 7], ""SOUTH"": [2, 2, 4, 6, 7, 7], ""WEST"": [0, 1, 2, 5]}","{""EAST"": [""N_EXIT"", ""W_EXIT"", ""N_EXIT""], ""NORTH"": [""S_EXIT"", ""S_EXIT"", ""E_EXIT""], ""SOUTH"": [""E_EXIT"", ""N_EXIT"", ""W_EXIT"", ""E_EXIT"", ""N_EXIT"", ""E_EXIT""], ""WEST"": [""E_EXIT"", ""E_EXIT"", ""N_EXIT"", ""N_EXIT""]}"
48,30048,bo_heuristic,16,3,6,4,3,2,16,50,"{""EAST"": [3, 3, 6], ""NORTH"": [0, 6, 7], ""SOUTH"": [2, 2, 4, 6, 7, 7], ""WEST"": [0, 1, 2, 5]}","{""EAST"": [""N_EXIT"", ""W_EXIT"", ""N_EXIT""], ""NORTH"": [""S_EXIT"", ""S_EXIT"", ""E_EXIT""], ""SOUTH"": [""E_EXIT"", ""N_EXIT"", ""W_EXIT"", ""E_EXIT"", ""N_EXIT"", ""E_EXIT""], ""WEST"": [""E_EXIT"", ""E_EXIT"", ""N_EXIT"", ""N_EXIT""]}"
49,30049,fcfs,16,4,4,5,3,2,16,58,"{""EAST"": [6, 6, 7], ""NORTH"": [1, 4, 6, 8], ""SOUTH"": [1, 6, 6, 7], ""WEST"": [0, 3, 5, 6, 8]}","{""EAST"": [""N_EXIT"", ""S_EXIT"", ""W_EXIT""], ""NORTH"": [""E_EXIT"", ""W_EXIT"", ""S_EXIT"", ""E_EXIT""], ""SOUTH"": [""W_EXIT"", ""W_EXIT"", ""W_EXIT"", ""W_EXIT""], ""WEST"": [""N_EXIT"", ""E_EXIT"", ""S_EXIT"", ""S_EXIT"", ""N_EXIT""]}"
49,30049,fixed_heuristic,16,4,4,5,3,2,16,55,"{""EAST"": [6, 6, 7], ""NORTH"": [1, 4, 6, 8], ""SOUTH"": [1, 6, 6, 7], ""WEST"": [0, 3, 5, 6, 8]}","{""EAST"": [""N_EXIT"", ""S_EXIT"", ""W_EXIT""], ""NORTH"": [""E_EXIT"", ""W_EXIT"", ""S_EXIT"", ""E_EXIT""], ""SOUTH"": [""W_EXIT"", ""W_EXIT"", ""W_EXIT"", ""W_EXIT""], ""WEST"": [""N_EXIT"", ""E_EXIT"", ""S_EXIT"", ""S_EXIT"", ""N_EXIT""]}"
49,30049,bo_heuristic,16,4,4,5,3,2,16,55,"{""EAST"": [6, 6, 7], ""NORTH"": [1, 4, 6, 8], ""SOUTH"": [1, 6, 6, 7], ""WEST"": [0, 3, 5, 6, 8]}","{""EAST"": [""N_EXIT"", ""S_EXIT"", ""W_EXIT""], ""NORTH"": [""E_EXIT"", ""W_EXIT"", ""S_EXIT"", ""E_EXIT""], ""SOUTH"": [""W_EXIT"", ""W_EXIT"", ""W_EXIT"", ""W_EXIT""], ""WEST"": [""N_EXIT"", ""E_EXIT"", ""S_EXIT"", ""S_EXIT"", ""N_EXIT""]}"
50,30050,fcfs,16,3,5,3,5,2,16,53,"{""EAST"": [4, 4, 5, 5, 7], ""NORTH"": [0, 1, 6], ""SOUTH"": [0, 2, 4, 5, 8], ""WEST"": [3, 5, 8]}","{""EAST"": [""N_EXIT"", ""N_EXIT"", ""S_EXIT"", ""N_EXIT"", ""W_EXIT""], ""NORTH"": [""E_EXIT"", ""S_EXIT"", ""E_EXIT""], ""SOUTH"": [""N_EXIT"", ""E_EXIT"", ""N_EXIT"", ""W_EXIT"", ""N_EXIT""], ""WEST"": [""S_EXIT"", ""E_EXIT"", ""E_EXIT""]}"
50,30050,fixed_heuristic,16,3,5,3,5,2,16,50,"{""EAST"": [4, 4, 5, 5, 7], ""NORTH"": [0, 1, 6], ""SOUTH"": [0, 2, 4, 5, 8], ""WEST"": [3, 5, 8]}","{""EAST"": [""N_EXIT"", ""N_EXIT"", ""S_EXIT"", ""N_EXIT"", ""W_EXIT""], ""NORTH"": [""E_EXIT"", ""S_EXIT"", ""E_EXIT""], ""SOUTH"": [""N_EXIT"", ""E_EXIT"", ""N_EXIT"", ""W_EXIT"", ""N_EXIT""], ""WEST"": [""S_EXIT"", ""E_EXIT"", ""E_EXIT""]}"
50,30050,bo_heuristic,16,3,5,3,5,2,16,49,"{""EAST"": [4, 4, 5, 5, 7], ""NORTH"": [0, 1, 6], ""SOUTH"": [0, 2, 4, 5, 8], ""WEST"": [3, 5, 8]}","{""EAST"": [""N_EXIT"", ""N_EXIT"", ""S_EXIT"", ""N_EXIT"", ""W_EXIT""], ""NORTH"": [""E_EXIT"", ""S_EXIT"", ""E_EXIT""], ""SOUTH"": [""N_EXIT"", ""E_EXIT"", ""N_EXIT"", ""W_EXIT"", ""N_EXIT""], ""WEST"": [""S_EXIT"", ""E_EXIT"", ""E_EXIT""]}"
51,30051,fcfs,16,4,5,5,2,2,16,54,"{""EAST"": [7, 7], ""NORTH"": [0, 1, 2, 6], ""SOUTH"": [2, 3, 5, 6, 7], ""WEST"": [1, 3, 4, 6, 7]}","{""EAST"": [""N_EXIT"", ""W_EXIT""], ""NORTH"": [""E_EXIT"", ""W_EXIT"", ""W_EXIT"", ""W_EXIT""], ""SOUTH"": [""N_EXIT"", ""W_EXIT"", ""W_EXIT"", ""W_EXIT"", ""E_EXIT""], ""WEST"": [""N_EXIT"", ""S_EXIT"", ""E_EXIT"", ""N_EXIT"", ""N_EXIT""]}"
51,30051,fixed_heuristic,16,4,5,5,2,2,16,55,"{""EAST"": [7, 7], ""NORTH"": [0, 1, 2, 6], ""SOUTH"": [2, 3, 5, 6, 7], ""WEST"": [1, 3, 4, 6, 7]}","{""EAST"": [""N_EXIT"", ""W_EXIT""], ""NORTH"": [""E_EXIT"", ""W_EXIT"", ""W_EXIT"", ""W_EXIT""], ""SOUTH"": [""N_EXIT"", ""W_EXIT"", ""W_EXIT"", ""W_EXIT"", ""E_EXIT""], ""WEST"": [""N_EXIT"", ""S_EXIT"", ""E_EXIT"", ""N_EXIT"", ""N_EXIT""]}"
51,30051,bo_heuristic,16,4,5,5,2,2,16,53,"{""EAST"": [7, 7], ""NORTH"": [0, 1, 2, 6], ""SOUTH"": [2, 3, 5, 6, 7], ""WEST"": [1, 3, 4, 6, 7]}","{""EAST"": [""N_EXIT"", ""W_EXIT""], ""NORTH"": [""E_EXIT"", ""W_EXIT"", ""W_EXIT"", ""W_EXIT""], ""SOUTH"": [""N_EXIT"", ""W_EXIT"", ""W_EXIT"", ""W_EXIT"", ""E_EXIT""], ""WEST"": [""N_EXIT"", ""S_EXIT"", ""E_EXIT"", ""N_EXIT"", ""N_EXIT""]}"
52,30052,fcfs,16,2,6,6,2,2,16,52,"{""EAST"": [1, 3], ""NORTH"": [1, 3], ""SOUTH"": [2, 4, 5, 6, 6, 7], ""WEST"": [4, 4, 5, 5, 7, 8]}","{""EAST"": [""S_EXIT"", ""N_EXIT""], ""NORTH"": [""W_EXIT"", ""S_EXIT""], ""SOUTH"": [""E_EXIT"", ""N_EXIT"", ""W_EXIT"", ""W_EXIT"", ""W_EXIT"", ""E_EXIT""], ""WEST"": [""E_EXIT"", ""S_EXIT"", ""N_EXIT"", ""E_EXIT"", ""S_EXIT"", ""E_EXIT""]}"
52,30052,fixed_heuristic,16,2,6,6,2,2,16,52,"{""EAST"": [1, 3], ""NORTH"": [1, 3], ""SOUTH"": [2, 4, 5, 6, 6, 7], ""WEST"": [4, 4, 5, 5, 7, 8]}","{""EAST"": [""S_EXIT"", ""N_EXIT""], ""NORTH"": [""W_EXIT"", ""S_EXIT""], ""SOUTH"": [""E_EXIT"", ""N_EXIT"", ""W_EXIT"", ""W_EXIT"", ""W_EXIT"", ""E_EXIT""], ""WEST"": [""E_EXIT"", ""S_EXIT"", ""N_EXIT"", ""E_EXIT"", ""S_EXIT"", ""E_EXIT""]}"
52,30052,bo_heuristic,16,2,6,6,2,2,16,50,"{""EAST"": [1, 3], ""NORTH"": [1, 3], ""SOUTH"": [2, 4, 5, 6, 6, 7], ""WEST"": [4, 4, 5, 5, 7, 8]}","{""EAST"": [""S_EXIT"", ""N_EXIT""], ""NORTH"": [""W_EXIT"", ""S_EXIT""], ""SOUTH"": [""E_EXIT"", ""N_EXIT"", ""W_EXIT"", ""W_EXIT"", ""W_EXIT"", ""E_EXIT""], ""WEST"": [""E_EXIT"", ""S_EXIT"", ""N_EXIT"", ""E_EXIT"", ""S_EXIT"", ""E_EXIT""]}"
53,30053,fcfs,16,5,4,3,4,2,16,52,"{""EAST"": [5, 8, 8, 8], ""NORTH"": [0, 2, 3, 3, 4], ""SOUTH"": [4, 5, 7, 8], ""WEST"": [1, 4, 4]}","{""EAST"": [""S_EXIT"", ""W_EXIT"", ""W_EXIT"", ""N_EXIT""], ""NORTH"": [""S_EXIT"", ""E_EXIT"", ""S_EXIT"", ""E_EXIT"", ""S_EXIT""], ""SOUTH"": [""E_EXIT"", ""E_EXIT"", ""E_EXIT"", ""E_EXIT""], ""WEST"": [""E_EXIT"", ""E_EXIT"", ""E_EXIT""]}"
53,30053,fixed_heuristic,16,5,4,3,4,2,16,52,"{""EAST"": [5, 8, 8, 8], ""NORTH"": [0, 2, 3, 3, 4], ""SOUTH"": [4, 5, 7, 8], ""WEST"": [1, 4, 4]}","{""EAST"": [""S_EXIT"", ""W_EXIT"", ""W_EXIT"", ""N_EXIT""], ""NORTH"": [""S_EXIT"", ""E_EXIT"", ""S_EXIT"", ""E_EXIT"", ""S_EXIT""], ""SOUTH"": [""E_EXIT"", ""E_EXIT"", ""E_EXIT"", ""E_EXIT""], ""WEST"": [""E_EXIT"", ""E_EXIT"", ""E_EXIT""]}"
53,30053,bo_heuristic,16,5,4,3,4,2,16,51,"{""EAST"": [5, 8, 8, 8], ""NORTH"": [0, 2, 3, 3, 4], ""SOUTH"": [4, 5, 7, 8], ""WEST"": [1, 4, 4]}","{""EAST"": [""S_EXIT"", ""W_EXIT"", ""W_EXIT"", ""N_EXIT""], ""NORTH"": [""S_EXIT"", ""E_EXIT"", ""S_EXIT"", ""E_EXIT"", ""S_EXIT""], ""SOUTH"": [""E_EXIT"", ""E_EXIT"", ""E_EXIT"", ""E_EXIT""], ""WEST"": [""E_EXIT"", ""E_EXIT"", ""E_EXIT""]}"
54,30054,fcfs,16,5,4,4,3,2,16,58,"{""EAST"": [0, 4, 8], ""NORTH"": [2, 2, 4, 5, 6], ""SOUTH"": [1, 3, 6, 8], ""WEST"": [1, 1, 4, 5]}","{""EAST"": [""W_EXIT"", ""W_EXIT"", ""W_EXIT""], ""NORTH"": [""W_EXIT"", ""E_EXIT"", ""S_EXIT"", ""E_EXIT"", ""S_EXIT""], ""SOUTH"": [""W_EXIT"", ""N_EXIT"", ""W_EXIT"", ""W_EXIT""], ""WEST"": [""E_EXIT"", ""E_EXIT"", ""E_EXIT"", ""E_EXIT""]}"
54,30054,fixed_heuristic,16,5,4,4,3,2,16,52,"{""EAST"": [0, 4, 8], ""NORTH"": [2, 2, 4, 5, 6], ""SOUTH"": [1, 3, 6, 8], ""WEST"": [1, 1, 4, 5]}","{""EAST"": [""W_EXIT"", ""W_EXIT"", ""W_EXIT""], ""NORTH"": [""W_EXIT"", ""E_EXIT"", ""S_EXIT"", ""E_EXIT"", ""S_EXIT""], ""SOUTH"": [""W_EXIT"", ""N_EXIT"", ""W_EXIT"", ""W_EXIT""], ""WEST"": [""E_EXIT"", ""E_EXIT"", ""E_EXIT"", ""E_EXIT""]}"
54,30054,bo_heuristic,16,5,4,4,3,2,16,51,"{""EAST"": [0, 4, 8], ""NORTH"": [2, 2, 4, 5, 6], ""SOUTH"": [1, 3, 6, 8], ""WEST"": [1, 1, 4, 5]}","{""EAST"": [""W_EXIT"", ""W_EXIT"", ""W_EXIT""], ""NORTH"": [""W_EXIT"", ""E_EXIT"", ""S_EXIT"", ""E_EXIT"", ""S_EXIT""], ""SOUTH"": [""W_EXIT"", ""N_EXIT"", ""W_EXIT"", ""W_EXIT""], ""WEST"": [""E_EXIT"", ""E_EXIT"", ""E_EXIT"", ""E_EXIT""]}"
55,30055,fcfs,16,6,4,3,3,2,16,61,"{""EAST"": [2, 6, 7], ""NORTH"": [0, 4, 6, 6, 6, 8], ""SOUTH"": [2, 3, 5, 8], ""WEST"": [1, 4, 7]}","{""EAST"": [""W_EXIT"", ""S_EXIT"", ""N_EXIT""], ""NORTH"": [""S_EXIT"", ""W_EXIT"", ""E_EXIT"", ""E_EXIT"", ""W_EXIT"", ""S_EXIT""], ""SOUTH"": [""N_EXIT"", ""W_EXIT"", ""W_EXIT"", ""W_EXIT""], ""WEST"": [""E_EXIT"", ""E_EXIT"", ""E_EXIT""]}"
55,30055,fixed_heuristic,16,6,4,3,3,2,16,54,"{""EAST"": [2, 6, 7], ""NORTH"": [0, 4, 6, 6, 6, 8], ""SOUTH"": [2, 3, 5, 8], ""WEST"": [1, 4, 7]}","{""EAST"": [""W_EXIT"", ""S_EXIT"", ""N_EXIT""], ""NORTH"": [""S_EXIT"", ""W_EXIT"", ""E_EXIT"", ""E_EXIT"", ""W_EXIT"", ""S_EXIT""], ""SOUTH"": [""N_EXIT"", ""W_EXIT"", ""W_EXIT"", ""W_EXIT""], ""WEST"": [""E_EXIT"", ""E_EXIT"", ""E_EXIT""]}"
55,30055,bo_heuristic,16,6,4,3,3,2,16,51,"{""EAST"": [2, 6, 7], ""NORTH"": [0, 4, 6, 6, 6, 8], ""SOUTH"": [2, 3, 5, 8], ""WEST"": [1, 4, 7]}","{""EAST"": [""W_EXIT"", ""S_EXIT"", ""N_EXIT""], ""NORTH"": [""S_EXIT"", ""W_EXIT"", ""E_EXIT"", ""E_EXIT"", ""W_EXIT"", ""S_EXIT""], ""SOUTH"": [""N_EXIT"", ""W_EXIT"", ""W_EXIT"", ""W_EXIT""], ""WEST"": [""E_EXIT"", ""E_EXIT"", ""E_EXIT""]}"
56,30056,fcfs,16,5,2,6,3,2,16,58,"{""EAST"": [0, 3, 8], ""NORTH"": [2, 2, 5, 6, 8], ""SOUTH"": [2, 5], ""WEST"": [0, 4, 5, 5, 6, 6]}","{""EAST"": [""N_EXIT"", ""S_EXIT"", ""S_EXIT""], ""NORTH"": [""S_EXIT"", ""E_EXIT"", ""W_EXIT"", ""E_EXIT"", ""W_EXIT""], ""SOUTH"": [""W_EXIT"", ""E_EXIT""], ""WEST"": [""E_EXIT"", ""S_EXIT"", ""S_EXIT"", ""N_EXIT"", ""S_EXIT"", ""E_EXIT""]}"
56,30056,fixed_heuristic,16,5,2,6,3,2,16,49,"{""EAST"": [0, 3, 8], ""NORTH"": [2, 2, 5, 6, 8], ""SOUTH"": [2, 5], ""WEST"": [0, 4, 5, 5, 6, 6]}","{""EAST"": [""N_EXIT"", ""S_EXIT"", ""S_EXIT""], ""NORTH"": [""S_EXIT"", ""E_EXIT"", ""W_EXIT"", ""E_EXIT"", ""W_EXIT""], ""SOUTH"": [""W_EXIT"", ""E_EXIT""], ""WEST"": [""E_EXIT"", ""S_EXIT"", ""S_EXIT"", ""N_EXIT"", ""S_EXIT"", ""E_EXIT""]}"
56,30056,bo_heuristic,16,5,2,6,3,2,16,49,"{""EAST"": [0, 3, 8], ""NORTH"": [2, 2, 5, 6, 8], ""SOUTH"": [2, 5], ""WEST"": [0, 4, 5, 5, 6, 6]}","{""EAST"": [""N_EXIT"", ""S_EXIT"", ""S_EXIT""], ""NORTH"": [""S_EXIT"", ""E_EXIT"", ""W_EXIT"", ""E_EXIT"", ""W_EXIT""], ""SOUTH"": [""W_EXIT"", ""E_EXIT""], ""WEST"": [""E_EXIT"", ""S_EXIT"", ""S_EXIT"", ""N_EXIT"", ""S_EXIT"", ""E_EXIT""]}"
57,30057,fcfs,16,2,3,6,5,2,16,56,"{""EAST"": [0, 5, 6, 7, 7], ""NORTH"": [3, 4], ""SOUTH"": [1, 3, 8], ""WEST"": [0, 1, 1, 3, 5, 7]}","{""EAST"": [""W_EXIT"", ""N_EXIT"", ""S_EXIT"", ""W_EXIT"", ""N_EXIT""], ""NORTH"": [""S_EXIT"", ""E_EXIT""], ""SOUTH"": [""N_EXIT"", ""W_EXIT"", ""E_EXIT""], ""WEST"": [""N_EXIT"", ""E_EXIT"", ""E_EXIT"", ""S_EXIT"", ""S_EXIT"", ""E_EXIT""]}"
57,30057,fixed_heuristic,16,2,3,6,5,2,16,43,"{""EAST"": [0, 5, 6, 7, 7], ""NORTH"": [3, 4], ""SOUTH"": [1, 3, 8], ""WEST"": [0, 1, 1, 3, 5, 7]}","{""EAST"": [""W_EXIT"", ""N_EXIT"", ""S_EXIT"", ""W_EXIT"", ""N_EXIT""], ""NORTH"": [""S_EXIT"", ""E_EXIT""], ""SOUTH"": [""N_EXIT"", ""W_EXIT"", ""E_EXIT""], ""WEST"": [""N_EXIT"", ""E_EXIT"", ""E_EXIT"", ""S_EXIT"", ""S_EXIT"", ""E_EXIT""]}"
57,30057,bo_heuristic,16,2,3,6,5,2,16,43,"{""EAST"": [0, 5, 6, 7, 7], ""NORTH"": [3, 4], ""SOUTH"": [1, 3, 8], ""WEST"": [0, 1, 1, 3, 5, 7]}","{""EAST"": [""W_EXIT"", ""N_EXIT"", ""S_EXIT"", ""W_EXIT"", ""N_EXIT""], ""NORTH"": [""S_EXIT"", ""E_EXIT""], ""SOUTH"": [""N_EXIT"", ""W_EXIT"", ""E_EXIT""], ""WEST"": [""N_EXIT"", ""E_EXIT"", ""E_EXIT"", ""S_EXIT"", ""S_EXIT"", ""E_EXIT""]}"
58,30058,fcfs,16,6,5,2,3,2,16,52,"{""EAST"": [0, 5, 5], ""NORTH"": [0, 2, 4, 4, 7, 8], ""SOUTH"": [0, 2, 4, 4, 5], ""WEST"": [2, 7]}","{""EAST"": [""S_EXIT"", ""N_EXIT"", ""W_EXIT""], ""NORTH"": [""E_EXIT"", ""E_EXIT"", ""S_EXIT"", ""S_EXIT"", ""E_EXIT"", ""S_EXIT""], ""SOUTH"": [""N_EXIT"", ""N_EXIT"", ""E_EXIT"", ""N_EXIT"", ""N_EXIT""], ""WEST"": [""S_EXIT"", ""S_EXIT""]}"
58,30058,fixed_heuristic,16,6,5,2,3,2,16,47,"{""EAST"": [0, 5, 5], ""NORTH"": [0, 2, 4, 4, 7, 8], ""SOUTH"": [0, 2, 4, 4, 5], ""WEST"": [2, 7]}","{""EAST"": [""S_EXIT"", ""N_EXIT"", ""W_EXIT""], ""NORTH"": [""E_EXIT"", ""E_EXIT"", ""S_EXIT"", ""S_EXIT"", ""E_EXIT"", ""S_EXIT""], ""SOUTH"": [""N_EXIT"", ""N_EXIT"", ""E_EXIT"", ""N_EXIT"", ""N_EXIT""], ""WEST"": [""S_EXIT"", ""S_EXIT""]}"
58,30058,bo_heuristic,16,6,5,2,3,2,16,47,"{""EAST"": [0, 5, 5], ""NORTH"": [0, 2, 4, 4, 7, 8], ""SOUTH"": [0, 2, 4, 4, 5], ""WEST"": [2, 7]}","{""EAST"": [""S_EXIT"", ""N_EXIT"", ""W_EXIT""], ""NORTH"": [""E_EXIT"", ""E_EXIT"", ""S_EXIT"", ""S_EXIT"", ""E_EXIT"", ""S_EXIT""], ""SOUTH"": [""N_EXIT"", ""N_EXIT"", ""E_EXIT"", ""N_EXIT"", ""N_EXIT""], ""WEST"": [""S_EXIT"", ""S_EXIT""]}"
59,30059,fcfs,16,2,4,4,6,2,16,54,"{""EAST"": [1, 2, 2, 4, 7, 8], ""NORTH"": [4, 8], ""SOUTH"": [0, 4, 5, 6], ""WEST"": [0, 3, 3, 7]}","{""EAST"": [""W_EXIT"", ""W_EXIT"", ""N_EXIT"", ""N_EXIT"", ""W_EXIT"", ""N_EXIT""], ""NORTH"": [""E_EXIT"", ""E_EXIT""], ""SOUTH"": [""N_EXIT"", ""E_EXIT"", ""E_EXIT"", ""E_EXIT""], ""WEST"": [""E_EXIT"", ""S_EXIT"", ""S_EXIT"", ""N_EXIT""]}"
59,30059,fixed_heuristic,16,2,4,4,6,2,16,41,"{""EAST"": [1, 2, 2, 4, 7, 8], ""NORTH"": [4, 8], ""SOUTH"": [0, 4, 5, 6], ""WEST"": [0, 3, 3, 7]}","{""EAST"": [""W_EXIT"", ""W_EXIT"", ""N_EXIT"", ""N_EXIT"", ""W_EXIT"", ""N_EXIT""], ""NORTH"": [""E_EXIT"", ""E_EXIT""], ""SOUTH"": [""N_EXIT"", ""E_EXIT"", ""E_EXIT"", ""E_EXIT""], ""WEST"": [""E_EXIT"", ""S_EXIT"", ""S_EXIT"", ""N_EXIT""]}"
59,30059,bo_heuristic,16,2,4,4,6,2,16,41,"{""EAST"": [1, 2, 2, 4, 7, 8], ""NORTH"": [4, 8], ""SOUTH"": [0, 4, 5, 6], ""WEST"": [0, 3, 3, 7]}","{""EAST"": [""W_EXIT"", ""W_EXIT"", ""N_EXIT"", ""N_EXIT"", ""W_EXIT"", ""N_EXIT""], ""NORTH"": [""E_EXIT"", ""E_EXIT""], ""SOUTH"": [""N_EXIT"", ""E_EXIT"", ""E_EXIT"", ""E_EXIT""], ""WEST"": [""E_EXIT"", ""S_EXIT"", ""S_EXIT"", ""N_EXIT""]}"
60,30060,fcfs,16,6,2,5,3,2,16,57,"{""EAST"": [1, 2, 4], ""NORTH"": [1, 1, 2, 6, 6, 7], ""SOUTH"": [2, 6], ""WEST"": [0, 1, 4, 8, 8]}","{""EAST"": [""S_EXIT"", ""W_EXIT"", ""W_EXIT""], ""NORTH"": [""E_EXIT"", ""W_EXIT"", ""W_EXIT"", ""S_EXIT"", ""E_EXIT"", ""E_EXIT""], ""SOUTH"": [""E_EXIT"", ""N_EXIT""], ""WEST"": [""N_EXIT"", ""S_EXIT"", ""N_EXIT"", ""E_EXIT"", ""S_EXIT""]}"
60,30060,fixed_heuristic,16,6,2,5,3,2,16,49,"{""EAST"": [1, 2, 4], ""NORTH"": [1, 1, 2, 6, 6, 7], ""SOUTH"": [2, 6], ""WEST"": [0, 1, 4, 8, 8]}","{""EAST"": [""S_EXIT"", ""W_EXIT"", ""W_EXIT""], ""NORTH"": [""E_EXIT"", ""W_EXIT"", ""W_EXIT"", ""S_EXIT"", ""E_EXIT"", ""E_EXIT""], ""SOUTH"": [""E_EXIT"", ""N_EXIT""], ""WEST"": [""N_EXIT"", ""S_EXIT"", ""N_EXIT"", ""E_EXIT"", ""S_EXIT""]}"
60,30060,bo_heuristic,16,6,2,5,3,2,16,49,"{""EAST"": [1, 2, 4], ""NORTH"": [1, 1, 2, 6, 6, 7], ""SOUTH"": [2, 6], ""WEST"": [0, 1, 4, 8, 8]}","{""EAST"": [""S_EXIT"", ""W_EXIT"", ""W_EXIT""], ""NORTH"": [""E_EXIT"", ""W_EXIT"", ""W_EXIT"", ""S_EXIT"", ""E_EXIT"", ""E_EXIT""], ""SOUTH"": [""E_EXIT"", ""N_EXIT""], ""WEST"": [""N_EXIT"", ""S_EXIT"", ""N_EXIT"", ""E_EXIT"", ""S_EXIT""]}"
61,30061,fcfs,16,3,4,3,6,2,16,58,"{""EAST"": [0, 1, 6, 7, 7, 8], ""NORTH"": [3, 4, 6], ""SOUTH"": [2, 4, 6, 6], ""WEST"": [0, 0, 5]}","{""EAST"": [""N_EXIT"", ""W_EXIT"", ""S_EXIT"", ""S_EXIT"", ""S_EXIT"", ""W_EXIT""], ""NORTH"": [""E_EXIT"", ""W_EXIT"", ""W_EXIT""], ""SOUTH"": [""N_EXIT"", ""N_EXIT"", ""E_EXIT"", ""E_EXIT""], ""WEST"": [""N_EXIT"", ""N_EXIT"", ""N_EXIT""]}"
61,30061,fixed_heuristic,16,3,4,3,6,2,16,55,"{""EAST"": [0, 1, 6, 7, 7, 8], ""NORTH"": [3, 4, 6], ""SOUTH"": [2, 4, 6, 6], ""WEST"": [0, 0, 5]}","{""EAST"": [""N_EXIT"", ""W_EXIT"", ""S_EXIT"", ""S_EXIT"", ""S_EXIT"", ""W_EXIT""], ""NORTH"": [""E_EXIT"", ""W_EXIT"", ""W_EXIT""], ""SOUTH"": [""N_EXIT"", ""N_EXIT"", ""E_EXIT"", ""E_EXIT""], ""WEST"": [""N_EXIT"", ""N_EXIT"", ""N_EXIT""]}"
61,30061,bo_heuristic,16,3,4,3,6,2,16,55,"{""EAST"": [0, 1, 6, 7, 7, 8], ""NORTH"": [3, 4, 6], ""SOUTH"": [2, 4, 6, 6], ""WEST"": [0, 0, 5]}","{""EAST"": [""N_EXIT"", ""W_EXIT"", ""S_EXIT"", ""S_EXIT"", ""S_EXIT"", ""W_EXIT""], ""NORTH"": [""E_EXIT"", ""W_EXIT"", ""W_EXIT""], ""SOUTH"": [""N_EXIT"", ""N_EXIT"", ""E_EXIT"", ""E_EXIT""], ""WEST"": [""N_EXIT"", ""N_EXIT"", ""N_EXIT""]}"
62,30062,fcfs,16,2,6,5,3,2,16,49,"{""EAST"": [1, 3, 6], ""NORTH"": [1, 2], ""SOUTH"": [0, 2, 3, 4, 8, 8], ""WEST"": [0, 0, 5, 6, 7]}","{""EAST"": [""N_EXIT"", ""S_EXIT"", ""W_EXIT""], ""NORTH"": [""S_EXIT"", ""S_EXIT""], ""SOUTH"": [""N_EXIT"", ""E_EXIT"", ""E_EXIT"", ""W_EXIT"", ""E_EXIT"", ""N_EXIT""], ""WEST"": [""S_EXIT"", ""N_EXIT"", ""S_EXIT"", ""S_EXIT"", ""S_EXIT""]}"
62,30062,fixed_heuristic,16,2,6,5,3,2,16,42,"{""EAST"": [1, 3, 6], ""NORTH"": [1, 2], ""SOUTH"": [0, 2, 3, 4, 8, 8], ""WEST"": [0, 0, 5, 6, 7]}","{""EAST"": [""N_EXIT"", ""S_EXIT"", ""W_EXIT""], ""NORTH"": [""S_EXIT"", ""S_EXIT""], ""SOUTH"": [""N_EXIT"", ""E_EXIT"", ""E_EXIT"", ""W_EXIT"", ""E_EXIT"", ""N_EXIT""], ""WEST"": [""S_EXIT"", ""N_EXIT"", ""S_EXIT"", ""S_EXIT"", ""S_EXIT""]}"
62,30062,bo_heuristic,16,2,6,5,3,2,16,44,"{""EAST"": [1, 3, 6], ""NORTH"": [1, 2], ""SOUTH"": [0, 2, 3, 4, 8, 8], ""WEST"": [0, 0, 5, 6, 7]}","{""EAST"": [""N_EXIT"", ""S_EXIT"", ""W_EXIT""], ""NORTH"": [""S_EXIT"", ""S_EXIT""], ""SOUTH"": [""N_EXIT"", ""E_EXIT"", ""E_EXIT"", ""W_EXIT"", ""E_EXIT"", ""N_EXIT""], ""WEST"": [""S_EXIT"", ""N_EXIT"", ""S_EXIT"", ""S_EXIT"", ""S_EXIT""]}"
63,30063,fcfs,16,5,5,3,3,2,16,50,"{""EAST"": [0, 0, 2], ""NORTH"": [1, 4, 5, 6, 8], ""SOUTH"": [0, 4, 4, 8, 8], ""WEST"": [0, 1, 3]}","{""EAST"": [""N_EXIT"", ""S_EXIT"", ""N_EXIT""], ""NORTH"": [""S_EXIT"", ""E_EXIT"", ""S_EXIT"", ""S_EXIT"", ""W_EXIT""], ""SOUTH"": [""E_EXIT"", ""E_EXIT"", ""N_EXIT"", ""E_EXIT"", ""W_EXIT""], ""WEST"": [""E_EXIT"", ""N_EXIT"", ""E_EXIT""]}"
63,30063,fixed_heuristic,16,5,5,3,3,2,16,46,"{""EAST"": [0, 0, 2], ""NORTH"": [1, 4, 5, 6, 8], ""SOUTH"": [0, 4, 4, 8, 8], ""WEST"": [0, 1, 3]}","{""EAST"": [""N_EXIT"", ""S_EXIT"", ""N_EXIT""], ""NORTH"": [""S_EXIT"", ""E_EXIT"", ""S_EXIT"", ""S_EXIT"", ""W_EXIT""], ""SOUTH"": [""E_EXIT"", ""E_EXIT"", ""N_EXIT"", ""E_EXIT"", ""W_EXIT""], ""WEST"": [""E_EXIT"", ""N_EXIT"", ""E_EXIT""]}"
63,30063,bo_heuristic,16,5,5,3,3,2,16,47,"{""EAST"": [0, 0, 2], ""NORTH"": [1, 4, 5, 6, 8], ""SOUTH"": [0, 4, 4, 8, 8], ""WEST"": [0, 1, 3]}","{""EAST"": [""N_EXIT"", ""S_EXIT"", ""N_EXIT""], ""NORTH"": [""S_EXIT"", ""E_EXIT"", ""S_EXIT"", ""S_EXIT"", ""W_EXIT""], ""SOUTH"": [""E_EXIT"", ""E_EXIT"", ""N_EXIT"", ""E_EXIT"", ""W_EXIT""], ""WEST"": [""E_EXIT"", ""N_EXIT"", ""E_EXIT""]}"
64,30064,fcfs,16,4,4,4,4,2,16,47,"{""EAST"": [0, 3, 3, 4], ""NORTH"": [2, 4, 6, 8], ""SOUTH"": [0, 4, 6, 8], ""WEST"": [0, 5, 6, 8]}","{""EAST"": [""W_EXIT"", ""N_EXIT"", ""S_EXIT"", ""W_EXIT""], ""NORTH"": [""S_EXIT"", ""W_EXIT"", ""S_EXIT"", ""S_EXIT""], ""SOUTH"": [""N_EXIT"", ""N_EXIT"", ""E_EXIT"", ""E_EXIT""], ""WEST"": [""E_EXIT"", ""N_EXIT"", ""E_EXIT"", ""S_EXIT""]}"
64,30064,fixed_heuristic,16,4,4,4,4,2,16,44,"{""EAST"": [0, 3, 3, 4], ""NORTH"": [2, 4, 6, 8], ""SOUTH"": [0, 4, 6, 8], ""WEST"": [0, 5, 6, 8]}","{""EAST"": [""W_EXIT"", ""N_EXIT"", ""S_EXIT"", ""W_EXIT""], ""NORTH"": [""S_EXIT"", ""W_EXIT"", ""S_EXIT"", ""S_EXIT""], ""SOUTH"": [""N_EXIT"", ""N_EXIT"", ""E_EXIT"", ""E_EXIT""], ""WEST"": [""E_EXIT"", ""N_EXIT"", ""E_EXIT"", ""S_EXIT""]}"
64,30064,bo_heuristic,16,4,4,4,4,2,16,43,"{""EAST"": [0, 3, 3, 4], ""NORTH"": [2, 4, 6, 8], ""SOUTH"": [0, 4, 6, 8], ""WEST"": [0, 5, 6, 8]}","{""EAST"": [""W_EXIT"", ""N_EXIT"", ""S_EXIT"", ""W_EXIT""], ""NORTH"": [""S_EXIT"", ""W_EXIT"", ""S_EXIT"", ""S_EXIT""], ""SOUTH"": [""N_EXIT"", ""N_EXIT"", ""E_EXIT"", ""E_EXIT""], ""WEST"": [""E_EXIT"", ""N_EXIT"", ""E_EXIT"", ""S_EXIT""]}"
65,30065,fcfs,16,5,6,2,3,2,16,57,"{""EAST"": [1, 2, 7], ""NORTH"": [0, 2, 3, 5, 8], ""SOUTH"": [0, 2, 5, 5, 6, 7], ""WEST"": [1, 4]}","{""EAST"": [""N_EXIT"", ""S_EXIT"", ""N_EXIT""], ""NORTH"": [""W_EXIT"", ""W_EXIT"", ""E_EXIT"", ""E_EXIT"", ""E_EXIT""], ""SOUTH"": [""E_EXIT"", ""W_EXIT"", ""N_EXIT"", ""W_EXIT"", ""N_EXIT"", ""E_EXIT""], ""WEST"": [""S_EXIT"", ""S_EXIT""]}"
65,30065,fixed_heuristic,16,5,6,2,3,2,16,50,"{""EAST"": [1, 2, 7], ""NORTH"": [0, 2, 3, 5, 8], ""SOUTH"": [0, 2, 5, 5, 6, 7], ""WEST"": [1, 4]}","{""EAST"": [""N_EXIT"", ""S_EXIT"", ""N_EXIT""], ""NORTH"": [""W_EXIT"", ""W_EXIT"", ""E_EXIT"", ""E_EXIT"", ""E_EXIT""], ""SOUTH"": [""E_EXIT"", ""W_EXIT"", ""N_EXIT"", ""W_EXIT"", ""N_EXIT"", ""E_EXIT""], ""WEST"": [""S_EXIT"", ""S_EXIT""]}"
65,30065,bo_heuristic,16,5,6,2,3,2,16,50,"{""EAST"": [1, 2, 7], ""NORTH"": [0, 2, 3, 5, 8], ""SOUTH"": [0, 2, 5, 5, 6, 7], ""WEST"": [1, 4]}","{""EAST"": [""N_EXIT"", ""S_EXIT"", ""N_EXIT""], ""NORTH"": [""W_EXIT"", ""W_EXIT"", ""E_EXIT"", ""E_EXIT"", ""E_EXIT""], ""SOUTH"": [""E_EXIT"", ""W_EXIT"", ""N_EXIT"", ""W_EXIT"", ""N_EXIT"", ""E_EXIT""], ""WEST"": [""S_EXIT"", ""S_EXIT""]}"
66,30066,fcfs,16,4,5,4,3,2,16,55,"{""EAST"": [1, 7, 8], ""NORTH"": [1, 3, 5, 8], ""SOUTH"": [2, 3, 5, 5, 5], ""WEST"": [0, 1, 2, 7]}","{""EAST"": [""W_EXIT"", ""S_EXIT"", ""N_EXIT""], ""NORTH"": [""S_EXIT"", ""E_EXIT"", ""W_EXIT"", ""S_EXIT""], ""SOUTH"": [""E_EXIT"", ""W_EXIT"", ""N_EXIT"", ""N_EXIT"", ""W_EXIT""], ""WEST"": [""N_EXIT"", ""S_EXIT"", ""N_EXIT"", ""S_EXIT""]}"
66,30066,fixed_heuristic,16,4,5,4,3,2,16,49,"{""EAST"": [1, 7, 8], ""NORTH"": [1, 3, 5, 8], ""SOUTH"": [2, 3, 5, 5, 5], ""WEST"": [0, 1, 2, 7]}","{""EAST"": [""W_EXIT"", ""S_EXIT"", ""N_EXIT""], ""NORTH"": [""S_EXIT"", ""E_EXIT"", ""W_EXIT"", ""S_EXIT""], ""SOUTH"": [""E_EXIT"", ""W_EXIT"", ""N_EXIT"", ""N_EXIT"", ""W_EXIT""], ""WEST"": [""N_EXIT"", ""S_EXIT"", ""N_EXIT"", ""S_EXIT""]}"
66,30066,bo_heuristic,16,4,5,4,3,2,16,51,"{""EAST"": [1, 7, 8], ""NORTH"": [1, 3, 5, 8], ""SOUTH"": [2, 3, 5, 5, 5], ""WEST"": [0, 1, 2, 7]}","{""EAST"": [""W_EXIT"", ""S_EXIT"", ""N_EXIT""], ""NORTH"": [""S_EXIT"", ""E_EXIT"", ""W_EXIT"", ""S_EXIT""], ""SOUTH"": [""E_EXIT"", ""W_EXIT"", ""N_EXIT"", ""N_EXIT"", ""W_EXIT""], ""WEST"": [""N_EXIT"", ""S_EXIT"", ""N_EXIT"", ""S_EXIT""]}"
67,30067,fcfs,16,4,5,4,3,2,16,57,"{""EAST"": [0, 2, 4], ""NORTH"": [2, 2, 5, 5], ""SOUTH"": [0, 2, 3, 5, 7], ""WEST"": [3, 4, 7, 7]}","{""EAST"": [""N_EXIT"", ""S_EXIT"", ""S_EXIT""], ""NORTH"": [""W_EXIT"", ""S_EXIT"", ""E_EXIT"", ""E_EXIT""], ""SOUTH"": [""E_EXIT"", ""W_EXIT"", ""W_EXIT"", ""E_EXIT"", ""W_EXIT""], ""WEST"": [""S_EXIT"", ""S_EXIT"", ""N_EXIT"", ""N_EXIT""]}"
67,30067,fixed_heuristic,16,4,5,4,3,2,16,54,"{""EAST"": [0, 2, 4], ""NORTH"": [2, 2, 5, 5], ""SOUTH"": [0, 2, 3, 5, 7], ""WEST"": [3, 4, 7, 7]}","{""EAST"": [""N_EXIT"", ""S_EXIT"", ""S_EXIT""], ""NORTH"": [""W_EXIT"", ""S_EXIT"", ""E_EXIT"", ""E_EXIT""], ""SOUTH"": [""E_EXIT"", ""W_EXIT"", ""W_EXIT"", ""E_EXIT"", ""W_EXIT""], ""WEST"": [""S_EXIT"", ""S_EXIT"", ""N_EXIT"", ""N_EXIT""]}"
67,30067,bo_heuristic,16,4,5,4,3,2,16,54,"{""EAST"": [0, 2, 4], ""NORTH"": [2, 2, 5, 5], ""SOUTH"": [0, 2, 3, 5, 7], ""WEST"": [3, 4, 7, 7]}","{""EAST"": [""N_EXIT"", ""S_EXIT"", ""S_EXIT""], ""NORTH"": [""W_EXIT"", ""S_EXIT"", ""E_EXIT"", ""E_EXIT""], ""SOUTH"": [""E_EXIT"", ""W_EXIT"", ""W_EXIT"", ""E_EXIT"", ""W_EXIT""], ""WEST"": [""S_EXIT"", ""S_EXIT"", ""N_EXIT"", ""N_EXIT""]}"
68,30068,fcfs,16,5,5,3,3,2,16,55,"{""EAST"": [3, 4, 5], ""NORTH"": [1, 1, 6, 8, 8], ""SOUTH"": [0, 1, 2, 4, 8], ""WEST"": [2, 2, 5]}","{""EAST"": [""W_EXIT"", ""W_EXIT"", ""S_EXIT""], ""NORTH"": [""E_EXIT"", ""W_EXIT"", ""E_EXIT"", ""W_EXIT"", ""S_EXIT""], ""SOUTH"": [""E_EXIT"", ""W_EXIT"", ""E_EXIT"", ""E_EXIT"", ""E_EXIT""], ""WEST"": [""S_EXIT"", ""N_EXIT"", ""S_EXIT""]}"
68,30068,fixed_heuristic,16,5,5,3,3,2,16,45,"{""EAST"": [3, 4, 5], ""NORTH"": [1, 1, 6, 8, 8], ""SOUTH"": [0, 1, 2, 4, 8], ""WEST"": [2, 2, 5]}","{""EAST"": [""W_EXIT"", ""W_EXIT"", ""S_EXIT""], ""NORTH"": [""E_EXIT"", ""W_EXIT"", ""E_EXIT"", ""W_EXIT"", ""S_EXIT""], ""SOUTH"": [""E_EXIT"", ""W_EXIT"", ""E_EXIT"", ""E_EXIT"", ""E_EXIT""], ""WEST"": [""S_EXIT"", ""N_EXIT"", ""S_EXIT""]}"
68,30068,bo_heuristic,16,5,5,3,3,2,16,46,"{""EAST"": [3, 4, 5], ""NORTH"": [1, 1, 6, 8, 8], ""SOUTH"": [0, 1, 2, 4, 8], ""WEST"": [2, 2, 5]}","{""EAST"": [""W_EXIT"", ""W_EXIT"", ""S_EXIT""], ""NORTH"": [""E_EXIT"", ""W_EXIT"", ""E_EXIT"", ""W_EXIT"", ""S_EXIT""], ""SOUTH"": [""E_EXIT"", ""W_EXIT"", ""E_EXIT"", ""E_EXIT"", ""E_EXIT""], ""WEST"": [""S_EXIT"", ""N_EXIT"", ""S_EXIT""]}"
69,30069,fcfs,16,4,4,2,6,2,16,53,"{""EAST"": [0, 0, 2, 4, 5, 6], ""NORTH"": [0, 3, 5, 7], ""SOUTH"": [2, 4, 4, 4], ""WEST"": [3, 5]}","{""EAST"": [""N_EXIT"", ""S_EXIT"", ""W_EXIT"", ""S_EXIT"", ""W_EXIT"", ""N_EXIT""], ""NORTH"": [""S_EXIT"", ""W_EXIT"", ""S_EXIT"", ""E_EXIT""], ""SOUTH"": [""W_EXIT"", ""W_EXIT"", ""N_EXIT"", ""W_EXIT""], ""WEST"": [""S_EXIT"", ""E_EXIT""]}"
69,30069,fixed_heuristic,16,4,4,2,6,2,16,48,"{""EAST"": [0, 0, 2, 4, 5, 6], ""NORTH"": [0, 3, 5, 7], ""SOUTH"": [2, 4, 4, 4], ""WEST"": [3, 5]}","{""EAST"": [""N_EXIT"", ""S_EXIT"", ""W_EXIT"", ""S_EXIT"", ""W_EXIT"", ""N_EXIT""], ""NORTH"": [""S_EXIT"", ""W_EXIT"", ""S_EXIT"", ""E_EXIT""], ""SOUTH"": [""W_EXIT"", ""W_EXIT"", ""N_EXIT"", ""W_EXIT""], ""WEST"": [""S_EXIT"", ""E_EXIT""]}"
69,30069,bo_heuristic,16,4,4,2,6,2,16,48,"{""EAST"": [0, 0, 2, 4, 5, 6], ""NORTH"": [0, 3, 5, 7], ""SOUTH"": [2, 4, 4, 4], ""WEST"": [3, 5]}","{""EAST"": [""N_EXIT"", ""S_EXIT"", ""W_EXIT"", ""S_EXIT"", ""W_EXIT"", ""N_EXIT""], ""NORTH"": [""S_EXIT"", ""W_EXIT"", ""S_EXIT"", ""E_EXIT""], ""SOUTH"": [""W_EXIT"", ""W_EXIT"", ""N_EXIT"", ""W_EXIT""], ""WEST"": [""S_EXIT"", ""E_EXIT""]}"
70,30070,fcfs,16,5,2,4,5,2,16,49,"{""EAST"": [0, 0, 4, 6, 8], ""NORTH"": [0, 1, 1, 7, 7], ""SOUTH"": [4, 8], ""WEST"": [6, 6, 7, 8]}","{""EAST"": [""W_EXIT"", ""N_EXIT"", ""N_EXIT"", ""W_EXIT"", ""S_EXIT""], ""NORTH"": [""S_EXIT"", ""W_EXIT"", ""W_EXIT"", ""E_EXIT"", ""W_EXIT""], ""SOUTH"": [""N_EXIT"", ""N_EXIT""], ""WEST"": [""E_EXIT"", ""S_EXIT"", ""N_EXIT"", ""E_EXIT""]}"
70,30070,fixed_heuristic,16,5,2,4,5,2,16,48,"{""EAST"": [0, 0, 4, 6, 8], ""NORTH"": [0, 1, 1, 7, 7], ""SOUTH"": [4, 8], ""WEST"": [6, 6, 7, 8]}","{""EAST"": [""W_EXIT"", ""N_EXIT"", ""N_EXIT"", ""W_EXIT"", ""S_EXIT""], ""NORTH"": [""S_EXIT"", ""W_EXIT"", ""W_EXIT"", ""E_EXIT"", ""W_EXIT""], ""SOUTH"": [""N_EXIT"", ""N_EXIT""], ""WEST"": [""E_EXIT"", ""S_EXIT"", ""N_EXIT"", ""E_EXIT""]}"
70,30070,bo_heuristic,16,5,2,4,5,2,16,45,"{""EAST"": [0, 0, 4, 6, 8], ""NORTH"": [0, 1, 1, 7, 7], ""SOUTH"": [4, 8], ""WEST"": [6, 6, 7, 8]}","{""EAST"": [""W_EXIT"", ""N_EXIT"", ""N_EXIT"", ""W_EXIT"", ""S_EXIT""], ""NORTH"": [""S_EXIT"", ""W_EXIT"", ""W_EXIT"", ""E_EXIT"", ""W_EXIT""], ""SOUTH"": [""N_EXIT"", ""N_EXIT""], ""WEST"": [""E_EXIT"", ""S_EXIT"", ""N_EXIT"", ""E_EXIT""]}"
71,30071,fcfs,16,3,4,6,3,2,16,50,"{""EAST"": [7, 7, 7], ""NORTH"": [6, 7, 8], ""SOUTH"": [3, 4, 6, 8], ""WEST"": [0, 1, 3, 3, 5, 8]}","{""EAST"": [""N_EXIT"", ""W_EXIT"", ""N_EXIT""], ""NORTH"": [""W_EXIT"", ""S_EXIT"", ""W_EXIT""], ""SOUTH"": [""N_EXIT"", ""E_EXIT"", ""W_EXIT"", ""N_EXIT""], ""WEST"": [""S_EXIT"", ""S_EXIT"", ""N_EXIT"", ""E_EXIT"", ""E_EXIT"", ""S_EXIT""]}"
71,30071,fixed_heuristic,16,3,4,6,3,2,16,43,"{""EAST"": [7, 7, 7], ""NORTH"": [6, 7, 8], ""SOUTH"": [3, 4, 6, 8], ""WEST"": [0, 1, 3, 3, 5, 8]}","{""EAST"": [""N_EXIT"", ""W_EXIT"", ""N_EXIT""], ""NORTH"": [""W_EXIT"", ""S_EXIT"", ""W_EXIT""], ""SOUTH"": [""N_EXIT"", ""E_EXIT"", ""W_EXIT"", ""N_EXIT""], ""WEST"": [""S_EXIT"", ""S_EXIT"", ""N_EXIT"", ""E_EXIT"", ""E_EXIT"", ""S_EXIT""]}"
71,30071,bo_heuristic,16,3,4,6,3,2,16,43,"{""EAST"": [7, 7, 7], ""NORTH"": [6, 7, 8], ""SOUTH"": [3, 4, 6, 8], ""WEST"": [0, 1, 3, 3, 5, 8]}","{""EAST"": [""N_EXIT"", ""W_EXIT"", ""N_EXIT""], ""NORTH"": [""W_EXIT"", ""S_EXIT"", ""W_EXIT""], ""SOUTH"": [""N_EXIT"", ""E_EXIT"", ""W_EXIT"", ""N_EXIT""], ""WEST"": [""S_EXIT"", ""S_EXIT"", ""N_EXIT"", ""E_EXIT"", ""E_EXIT"", ""S_EXIT""]}"
72,30072,fcfs,16,4,4,4,4,2,16,58,"{""EAST"": [5, 6, 6, 6], ""NORTH"": [2, 4, 6, 7], ""SOUTH"": [1, 3, 7, 7], ""WEST"": [0, 3, 4, 5]}","{""EAST"": [""W_EXIT"", ""W_EXIT"", ""S_EXIT"", ""S_EXIT""], ""NORTH"": [""E_EXIT"", ""S_EXIT"", ""S_EXIT"", ""W_EXIT""], ""SOUTH"": [""N_EXIT"", ""N_EXIT"", ""W_EXIT"", ""E_EXIT""], ""WEST"": [""N_EXIT"", ""N_EXIT"", ""S_EXIT"", ""E_EXIT""]}"
72,30072,fixed_heuristic,16,4,4,4,4,2,16,50,"{""EAST"": [5, 6, 6, 6], ""NORTH"": [2, 4, 6, 7], ""SOUTH"": [1, 3, 7, 7], ""WEST"": [0, 3, 4, 5]}","{""EAST"": [""W_EXIT"", ""W_EXIT"", ""S_EXIT"", ""S_EXIT""], ""NORTH"": [""E_EXIT"", ""S_EXIT"", ""S_EXIT"", ""W_EXIT""], ""SOUTH"": [""N_EXIT"", ""N_EXIT"", ""W_EXIT"", ""E_EXIT""], ""WEST"": [""N_EXIT"", ""N_EXIT"", ""S_EXIT"", ""E_EXIT""]}"
72,30072,bo_heuristic,16,4,4,4,4,2,16,50,"{""EAST"": [5, 6, 6, 6], ""NORTH"": [2, 4, 6, 7], ""SOUTH"": [1, 3, 7, 7], ""WEST"": [0, 3, 4, 5]}","{""EAST"": [""W_EXIT"", ""W_EXIT"", ""S_EXIT"", ""S_EXIT""], ""NORTH"": [""E_EXIT"", ""S_EXIT"", ""S_EXIT"", ""W_EXIT""], ""SOUTH"": [""N_EXIT"", ""N_EXIT"", ""W_EXIT"", ""E_EXIT""], ""WEST"": [""N_EXIT"", ""N_EXIT"", ""S_EXIT"", ""E_EXIT""]}"
73,30073,fcfs,16,4,5,2,5,2,16,58,"{""EAST"": [1, 3, 3, 4, 6], ""NORTH"": [1, 5, 5, 6], ""SOUTH"": [0, 0, 1, 1, 3], ""WEST"": [4, 6]}","{""EAST"": [""S_EXIT"", ""W_EXIT"", ""W_EXIT"", ""W_EXIT"", ""N_EXIT""], ""NORTH"": [""W_EXIT"", ""W_EXIT"", ""S_EXIT"", ""E_EXIT""], ""SOUTH"": [""W_EXIT"", ""E_EXIT"", ""W_EXIT"", ""W_EXIT"", ""N_EXIT""], ""WEST"": [""S_EXIT"", ""N_EXIT""]}"
73,30073,fixed_heuristic,16,4,5,2,5,2,16,54,"{""EAST"": [1, 3, 3, 4, 6], ""NORTH"": [1, 5, 5, 6], ""SOUTH"": [0, 0, 1, 1, 3], ""WEST"": [4, 6]}","{""EAST"": [""S_EXIT"", ""W_EXIT"", ""W_EXIT"", ""W_EXIT"", ""N_EXIT""], ""NORTH"": [""W_EXIT"", ""W_EXIT"", ""S_EXIT"", ""E_EXIT""], ""SOUTH"": [""W_EXIT"", ""E_EXIT"", ""W_EXIT"", ""W_EXIT"", ""N_EXIT""], ""WEST"": [""S_EXIT"", ""N_EXIT""]}"
73,30073,bo_heuristic,16,4,5,2,5,2,16,53,"{""EAST"": [1, 3, 3, 4, 6], ""NORTH"": [1, 5, 5, 6], ""SOUTH"": [0, 0, 1, 1, 3], ""WEST"": [4, 6]}","{""EAST"": [""S_EXIT"", ""W_EXIT"", ""W_EXIT"", ""W_EXIT"", ""N_EXIT""], ""NORTH"": [""W_EXIT"", ""W_EXIT"", ""S_EXIT"", ""E_EXIT""], ""SOUTH"": [""W_EXIT"", ""E_EXIT"", ""W_EXIT"", ""W_EXIT"", ""N_EXIT""], ""WEST"": [""S_EXIT"", ""N_EXIT""]}"
74,30074,fcfs,16,2,6,4,4,2,16,51,"{""EAST"": [2, 4, 4, 8], ""NORTH"": [1, 6], ""SOUTH"": [0, 5, 5, 5, 7, 7], ""WEST"": [1, 1, 4, 7]}","{""EAST"": [""S_EXIT"", ""W_EXIT"", ""N_EXIT"", ""S_EXIT""], ""NORTH"": [""W_EXIT"", ""S_EXIT""], ""SOUTH"": [""N_EXIT"", ""E_EXIT"", ""N_EXIT"", ""N_EXIT"", ""E_EXIT"", ""W_EXIT""], ""WEST"": [""S_EXIT"", ""S_EXIT"", ""E_EXIT"", ""S_EXIT""]}"
74,30074,fixed_heuristic,16,2,6,4,4,2,16,45,"{""EAST"": [2, 4, 4, 8], ""NORTH"": [1, 6], ""SOUTH"": [0, 5, 5, 5, 7, 7], ""WEST"": [1, 1, 4, 7]}","{""EAST"": [""S_EXIT"", ""W_EXIT"", ""N_EXIT"", ""S_EXIT""], ""NORTH"": [""W_EXIT"", ""S_EXIT""], ""SOUTH"": [""N_EXIT"", ""E_EXIT"", ""N_EXIT"", ""N_EXIT"", ""E_EXIT"", ""W_EXIT""], ""WEST"": [""S_EXIT"", ""S_EXIT"", ""E_EXIT"", ""S_EXIT""]}"
74,30074,bo_heuristic,16,2,6,4,4,2,16,50,"{""EAST"": [2, 4, 4, 8], ""NORTH"": [1, 6], ""SOUTH"": [0, 5, 5, 5, 7, 7], ""WEST"": [1, 1, 4, 7]}","{""EAST"": [""S_EXIT"", ""W_EXIT"", ""N_EXIT"", ""S_EXIT""], ""NORTH"": [""W_EXIT"", ""S_EXIT""], ""SOUTH"": [""N_EXIT"", ""E_EXIT"", ""N_EXIT"", ""N_EXIT"", ""E_EXIT"", ""W_EXIT""], ""WEST"": [""S_EXIT"", ""S_EXIT"", ""E_EXIT"", ""S_EXIT""]}"
75,30075,fcfs,16,5,4,3,4,2,16,42,"{""EAST"": [0, 1, 2, 7], ""NORTH"": [0, 0, 3, 5, 5], ""SOUTH"": [2, 4, 5, 8], ""WEST"": [1, 2, 7]}","{""EAST"": [""N_EXIT"", ""W_EXIT"", ""N_EXIT"", ""W_EXIT""], ""NORTH"": [""W_EXIT"", ""W_EXIT"", ""S_EXIT"", ""E_EXIT"", ""W_EXIT""], ""SOUTH"": [""E_EXIT"", ""W_EXIT"", ""E_EXIT"", ""E_EXIT""], ""WEST"": [""S_EXIT"", ""S_EXIT"", ""E_EXIT""]}"
75,30075,fixed_heuristic,16,5,4,3,4,2,16,38,"{""EAST"": [0, 1, 2, 7], ""NORTH"": [0, 0, 3, 5, 5], ""SOUTH"": [2, 4, 5, 8], ""WEST"": [1, 2, 7]}","{""EAST"": [""N_EXIT"", ""W_EXIT"", ""N_EXIT"", ""W_EXIT""], ""NORTH"": [""W_EXIT"", ""W_EXIT"", ""S_EXIT"", ""E_EXIT"", ""W_EXIT""], ""SOUTH"": [""E_EXIT"", ""W_EXIT"", ""E_EXIT"", ""E_EXIT""], ""WEST"": [""S_EXIT"", ""S_EXIT"", ""E_EXIT""]}"
75,30075,bo_heuristic,16,5,4,3,4,2,16,40,"{""EAST"": [0, 1, 2, 7], ""NORTH"": [0, 0, 3, 5, 5], ""SOUTH"": [2, 4, 5, 8], ""WEST"": [1, 2, 7]}","{""EAST"": [""N_EXIT"", ""W_EXIT"", ""N_EXIT"", ""W_EXIT""], ""NORTH"": [""W_EXIT"", ""W_EXIT"", ""S_EXIT"", ""E_EXIT"", ""W_EXIT""], ""SOUTH"": [""E_EXIT"", ""W_EXIT"", ""E_EXIT"", ""E_EXIT""], ""WEST"": [""S_EXIT"", ""S_EXIT"", ""E_EXIT""]}"
76,30076,fcfs,16,4,3,4,5,2,16,51,"{""EAST"": [2, 2, 4, 5, 8], ""NORTH"": [1, 2, 4, 4], ""SOUTH"": [0, 0, 7], ""WEST"": [3, 4, 5, 7]}","{""EAST"": [""W_EXIT"", ""W_EXIT"", ""S_EXIT"", ""N_EXIT"", ""W_EXIT""], ""NORTH"": [""W_EXIT"", ""W_EXIT"", ""S_EXIT"", ""W_EXIT""], ""SOUTH"": [""W_EXIT"", ""E_EXIT"", ""W_EXIT""], ""WEST"": [""E_EXIT"", ""E_EXIT"", ""N_EXIT"", ""E_EXIT""]}"
76,30076,fixed_heuristic,16,4,3,4,5,2,16,49,"{""EAST"": [2, 2, 4, 5, 8], ""NORTH"": [1, 2, 4, 4], ""SOUTH"": [0, 0, 7], ""WEST"": [3, 4, 5, 7]}","{""EAST"": [""W_EXIT"", ""W_EXIT"", ""S_EXIT"", ""N_EXIT"", ""W_EXIT""], ""NORTH"": [""W_EXIT"", ""W_EXIT"", ""S_EXIT"", ""W_EXIT""], ""SOUTH"": [""W_EXIT"", ""E_EXIT"", ""W_EXIT""], ""WEST"": [""E_EXIT"", ""E_EXIT"", ""N_EXIT"", ""E_EXIT""]}"
76,30076,bo_heuristic,16,4,3,4,5,2,16,46,"{""EAST"": [2, 2, 4, 5, 8], ""NORTH"": [1, 2, 4, 4], ""SOUTH"": [0, 0, 7], ""WEST"": [3, 4, 5, 7]}","{""EAST"": [""W_EXIT"", ""W_EXIT"", ""S_EXIT"", ""N_EXIT"", ""W_EXIT""], ""NORTH"": [""W_EXIT"", ""W_EXIT"", ""S_EXIT"", ""W_EXIT""], ""SOUTH"": [""W_EXIT"", ""E_EXIT"", ""W_EXIT""], ""WEST"": [""E_EXIT"", ""E_EXIT"", ""N_EXIT"", ""E_EXIT""]}"
77,30077,fcfs,16,5,3,4,4,2,16,49,"{""EAST"": [1, 3, 5, 6], ""NORTH"": [1, 3, 4, 6, 8], ""SOUTH"": [0, 3, 8], ""WEST"": [0, 0, 6, 7]}","{""EAST"": [""W_EXIT"", ""W_EXIT"", ""N_EXIT"", ""N_EXIT""], ""NORTH"": [""E_EXIT"", ""S_EXIT"", ""E_EXIT"", ""S_EXIT"", ""W_EXIT""], ""SOUTH"": [""W_EXIT"", ""N_EXIT"", ""E_EXIT""], ""WEST"": [""S_EXIT"", ""S_EXIT"", ""E_EXIT"", ""S_EXIT""]}"
77,30077,fixed_heuristic,16,5,3,4,4,2,16,43,"{""EAST"": [1, 3, 5, 6], ""NORTH"": [1, 3, 4, 6, 8], ""SOUTH"": [0, 3, 8], ""WEST"": [0, 0, 6, 7]}","{""EAST"": [""W_EXIT"", ""W_EXIT"", ""N_EXIT"", ""N_EXIT""], ""NORTH"": [""E_EXIT"", ""S_EXIT"", ""E_EXIT"", ""S_EXIT"", ""W_EXIT""], ""SOUTH"": [""W_EXIT"", ""N_EXIT"", ""E_EXIT""], ""WEST"": [""S_EXIT"", ""S_EXIT"", ""E_EXIT"", ""S_EXIT""]}"
77,30077,bo_heuristic,16,5,3,4,4,2,16,40,"{""EAST"": [1, 3, 5, 6], ""NORTH"": [1, 3, 4, 6, 8], ""SOUTH"": [0, 3, 8], ""WEST"": [0, 0, 6, 7]}","{""EAST"": [""W_EXIT"", ""W_EXIT"", ""N_EXIT"", ""N_EXIT""], ""NORTH"": [""E_EXIT"", ""S_EXIT"", ""E_EXIT"", ""S_EXIT"", ""W_EXIT""], ""SOUTH"": [""W_EXIT"", ""N_EXIT"", ""E_EXIT""], ""WEST"": [""S_EXIT"", ""S_EXIT"", ""E_EXIT"", ""S_EXIT""]}"
78,30078,fcfs,16,5,3,4,4,2,16,63,"{""EAST"": [1, 4, 5, 7], ""NORTH"": [0, 0, 2, 8, 8], ""SOUTH"": [0, 2, 5], ""WEST"": [2, 4, 5, 6]}","{""EAST"": [""N_EXIT"", ""S_EXIT"", ""S_EXIT"", ""S_EXIT""], ""NORTH"": [""E_EXIT"", ""E_EXIT"", ""W_EXIT"", ""S_EXIT"", ""E_EXIT""], ""SOUTH"": [""N_EXIT"", ""N_EXIT"", ""E_EXIT""], ""WEST"": [""E_EXIT"", ""S_EXIT"", ""N_EXIT"", ""N_EXIT""]}"
78,30078,fixed_heuristic,16,5,3,4,4,2,16,55,"{""EAST"": [1, 4, 5, 7], ""NORTH"": [0, 0, 2, 8, 8], ""SOUTH"": [0, 2, 5], ""WEST"": [2, 4, 5, 6]}","{""EAST"": [""N_EXIT"", ""S_EXIT"", ""S_EXIT"", ""S_EXIT""], ""NORTH"": [""E_EXIT"", ""E_EXIT"", ""W_EXIT"", ""S_EXIT"", ""E_EXIT""], ""SOUTH"": [""N_EXIT"", ""N_EXIT"", ""E_EXIT""], ""WEST"": [""E_EXIT"", ""S_EXIT"", ""N_EXIT"", ""N_EXIT""]}"
78,30078,bo_heuristic,16,5,3,4,4,2,16,55,"{""EAST"": [1, 4, 5, 7], ""NORTH"": [0, 0, 2, 8, 8], ""SOUTH"": [0, 2, 5], ""WEST"": [2, 4, 5, 6]}","{""EAST"": [""N_EXIT"", ""S_EXIT"", ""S_EXIT"", ""S_EXIT""], ""NORTH"": [""E_EXIT"", ""E_EXIT"", ""W_EXIT"", ""S_EXIT"", ""E_EXIT""], ""SOUTH"": [""N_EXIT"", ""N_EXIT"", ""E_EXIT""], ""WEST"": [""E_EXIT"", ""S_EXIT"", ""N_EXIT"", ""N_EXIT""]}"
79,30079,fcfs,16,5,4,4,3,2,16,60,"{""EAST"": [6, 7, 8], ""NORTH"": [2, 3, 5, 7, 8], ""SOUTH"": [0, 1, 4, 7], ""WEST"": [0, 4, 4, 7]}","{""EAST"": [""W_EXIT"", ""S_EXIT"", ""S_EXIT""], ""NORTH"": [""E_EXIT"", ""S_EXIT"", ""W_EXIT"", ""S_EXIT"", ""E_EXIT""], ""SOUTH"": [""W_EXIT"", ""W_EXIT"", ""E_EXIT"", ""N_EXIT""], ""WEST"": [""E_EXIT"", ""S_EXIT"", ""S_EXIT"", ""E_EXIT""]}"
79,30079,fixed_heuristic,16,5,4,4,3,2,16,52,"{""EAST"": [6, 7, 8], ""NORTH"": [2, 3, 5, 7, 8], ""SOUTH"": [0, 1, 4, 7], ""WEST"": [0, 4, 4, 7]}","{""EAST"": [""W_EXIT"", ""S_EXIT"", ""S_EXIT""], ""NORTH"": [""E_EXIT"", ""S_EXIT"", ""W_EXIT"", ""S_EXIT"", ""E_EXIT""], ""SOUTH"": [""W_EXIT"", ""W_EXIT"", ""E_EXIT"", ""N_EXIT""], ""WEST"": [""E_EXIT"", ""S_EXIT"", ""S_EXIT"", ""E_EXIT""]}"
79,30079,bo_heuristic,16,5,4,4,3,2,16,52,"{""EAST"": [6, 7, 8], ""NORTH"": [2, 3, 5, 7, 8], ""SOUTH"": [0, 1, 4, 7], ""WEST"": [0, 4, 4, 7]}","{""EAST"": [""W_EXIT"", ""S_EXIT"", ""S_EXIT""], ""NORTH"": [""E_EXIT"", ""S_EXIT"", ""W_EXIT"", ""S_EXIT"", ""E_EXIT""], ""SOUTH"": [""W_EXIT"", ""W_EXIT"", ""E_EXIT"", ""N_EXIT""], ""WEST"": [""E_EXIT"", ""S_EXIT"", ""S_EXIT"", ""E_EXIT""]}"
80,30080,fcfs,16,3,4,5,4,2,16,51,"{""EAST"": [2, 7, 7, 8], ""NORTH"": [1, 1, 3], ""SOUTH"": [2, 6, 6, 7], ""WEST"": [0, 4, 5, 5, 7]}","{""EAST"": [""W_EXIT"", ""S_EXIT"", ""N_EXIT"", ""N_EXIT""], ""NORTH"": [""S_EXIT"", ""W_EXIT"", ""E_EXIT""], ""SOUTH"": [""N_EXIT"", ""W_EXIT"", ""W_EXIT"", ""W_EXIT""], ""WEST"": [""N_EXIT"", ""N_EXIT"", ""E_EXIT"", ""S_EXIT"", ""S_EXIT""]}"
80,30080,fixed_heuristic,16,3,4,5,4,2,16,51,"{""EAST"": [2, 7, 7, 8], ""NORTH"": [1, 1, 3], ""SOUTH"": [2, 6, 6, 7], ""WEST"": [0, 4, 5, 5, 7]}","{""EAST"": [""W_EXIT"", ""S_EXIT"", ""N_EXIT"", ""N_EXIT""], ""NORTH"": [""S_EXIT"", ""W_EXIT"", ""E_EXIT""], ""SOUTH"": [""N_EXIT"", ""W_EXIT"", ""W_EXIT"", ""W_EXIT""], ""WEST"": [""N_EXIT"", ""N_EXIT"", ""E_EXIT"", ""S_EXIT"", ""S_EXIT""]}"
80,30080,bo_heuristic,16,3,4,5,4,2,16,51,"{""EAST"": [2, 7, 7, 8], ""NORTH"": [1, 1, 3], ""SOUTH"": [2, 6, 6, 7], ""WEST"": [0, 4, 5, 5, 7]}","{""EAST"": [""W_EXIT"", ""S_EXIT"", ""N_EXIT"", ""N_EXIT""], ""NORTH"": [""S_EXIT"", ""W_EXIT"", ""E_EXIT""], ""SOUTH"": [""N_EXIT"", ""W_EXIT"", ""W_EXIT"", ""W_EXIT""], ""WEST"": [""N_EXIT"", ""N_EXIT"", ""E_EXIT"", ""S_EXIT"", ""S_EXIT""]}"
81,30081,fcfs,16,4,5,3,4,2,16,56,"{""EAST"": [3, 3, 5, 6], ""NORTH"": [1, 2, 3, 8], ""SOUTH"": [0, 3, 5, 7, 7], ""WEST"": [1, 3, 6]}","{""EAST"": [""S_EXIT"", ""S_EXIT"", ""S_EXIT"", ""W_EXIT""], ""NORTH"": [""E_EXIT"", ""W_EXIT"", ""E_EXIT"", ""E_EXIT""], ""SOUTH"": [""N_EXIT"", ""E_EXIT"", ""W_EXIT"", ""E_EXIT"", ""E_EXIT""], ""WEST"": [""S_EXIT"", ""S_EXIT"", ""S_EXIT""]}"
81,30081,fixed_heuristic,16,4,5,3,4,2,16,53,"{""EAST"": [3, 3, 5, 6], ""NORTH"": [1, 2, 3, 8], ""SOUTH"": [0, 3, 5, 7, 7], ""WEST"": [1, 3, 6]}","{""EAST"": [""S_EXIT"", ""S_EXIT"", ""S_EXIT"", ""W_EXIT""], ""NORTH"": [""E_EXIT"", ""W_EXIT"", ""E_EXIT"", ""E_EXIT""], ""SOUTH"": [""N_EXIT"", ""E_EXIT"", ""W_EXIT"", ""E_EXIT"", ""E_EXIT""], ""WEST"": [""S_EXIT"", ""S_EXIT"", ""S_EXIT""]}"
81,30081,bo_heuristic,16,4,5,3,4,2,16,53,"{""EAST"": [3, 3, 5, 6], ""NORTH"": [1, 2, 3, 8], ""SOUTH"": [0, 3, 5, 7, 7], ""WEST"": [1, 3, 6]}","{""EAST"": [""S_EXIT"", ""S_EXIT"", ""S_EXIT"", ""W_EXIT""], ""NORTH"": [""E_EXIT"", ""W_EXIT"", ""E_EXIT"", ""E_EXIT""], ""SOUTH"": [""N_EXIT"", ""E_EXIT"", ""W_EXIT"", ""E_EXIT"", ""E_EXIT""], ""WEST"": [""S_EXIT"", ""S_EXIT"", ""S_EXIT""]}"
82,30082,fcfs,16,3,3,4,6,2,16,51,"{""EAST"": [1, 3, 5, 7, 7, 8], ""NORTH"": [1, 6, 8], ""SOUTH"": [3, 4, 7], ""WEST"": [3, 4, 6, 8]}","{""EAST"": [""N_EXIT"", ""N_EXIT"", ""N_EXIT"", ""N_EXIT"", ""S_EXIT"", ""N_EXIT""], ""NORTH"": [""S_EXIT"", ""S_EXIT"", ""W_EXIT""], ""SOUTH"": [""W_EXIT"", ""E_EXIT"", ""N_EXIT""], ""WEST"": [""N_EXIT"", ""S_EXIT"", ""E_EXIT"", ""N_EXIT""]}"
82,30082,fixed_heuristic,16,3,3,4,6,2,16,46,"{""EAST"": [1, 3, 5, 7, 7, 8], ""NORTH"": [1, 6, 8], ""SOUTH"": [3, 4, 7], ""WEST"": [3, 4, 6, 8]}","{""EAST"": [""N_EXIT"", ""N_EXIT"", ""N_EXIT"", ""N_EXIT"", ""S_EXIT"", ""N_EXIT""], ""NORTH"": [""S_EXIT"", ""S_EXIT"", ""W_EXIT""], ""SOUTH"": [""W_EXIT"", ""E_EXIT"", ""N_EXIT""], ""WEST"": [""N_EXIT"", ""S_EXIT"", ""E_EXIT"", ""N_EXIT""]}"
82,30082,bo_heuristic,16,3,3,4,6,2,16,50,"{""EAST"": [1, 3, 5, 7, 7, 8], ""NORTH"": [1, 6, 8], ""SOUTH"": [3, 4, 7], ""WEST"": [3, 4, 6, 8]}","{""EAST"": [""N_EXIT"", ""N_EXIT"", ""N_EXIT"", ""N_EXIT"", ""S_EXIT"", ""N_EXIT""], ""NORTH"": [""S_EXIT"", ""S_EXIT"", ""W_EXIT""], ""SOUTH"": [""W_EXIT"", ""E_EXIT"", ""N_EXIT""], ""WEST"": [""N_EXIT"", ""S_EXIT"", ""E_EXIT"", ""N_EXIT""]}"
83,30083,fcfs,16,4,4,4,4,2,16,50,"{""EAST"": [2, 4, 8, 8], ""NORTH"": [1, 2, 3, 4], ""SOUTH"": [6, 7, 7, 8], ""WEST"": [0, 1, 2, 5]}","{""EAST"": [""N_EXIT"", ""W_EXIT"", ""S_EXIT"", ""N_EXIT""], ""NORTH"": [""W_EXIT"", ""W_EXIT"", ""E_EXIT"", ""W_EXIT""], ""SOUTH"": [""N_EXIT"", ""E_EXIT"", ""W_EXIT"", ""N_EXIT""], ""WEST"": [""S_EXIT"", ""S_EXIT"", ""S_EXIT"", ""N_EXIT""]}"
83,30083,fixed_heuristic,16,4,4,4,4,2,16,46,"{""EAST"": [2, 4, 8, 8], ""NORTH"": [1, 2, 3, 4], ""SOUTH"": [6, 7, 7, 8], ""WEST"": [0, 1, 2, 5]}","{""EAST"": [""N_EXIT"", ""W_EXIT"", ""S_EXIT"", ""N_EXIT""], ""NORTH"": [""W_EXIT"", ""W_EXIT"", ""E_EXIT"", ""W_EXIT""], ""SOUTH"": [""N_EXIT"", ""E_EXIT"", ""W_EXIT"", ""N_EXIT""], ""WEST"": [""S_EXIT"", ""S_EXIT"", ""S_EXIT"", ""N_EXIT""]}"
83,30083,bo_heuristic,16,4,4,4,4,2,16,45,"{""EAST"": [2, 4, 8, 8], ""NORTH"": [1, 2, 3, 4], ""SOUTH"": [6, 7, 7, 8], ""WEST"": [0, 1, 2, 5]}","{""EAST"": [""N_EXIT"", ""W_EXIT"", ""S_EXIT"", ""N_EXIT""], ""NORTH"": [""W_EXIT"", ""W_EXIT"", ""E_EXIT"", ""W_EXIT""], ""SOUTH"": [""N_EXIT"", ""E_EXIT"", ""W_EXIT"", ""N_EXIT""], ""WEST"": [""S_EXIT"", ""S_EXIT"", ""S_EXIT"", ""N_EXIT""]}"
84,30084,fcfs,16,4,4,4,4,2,16,50,"{""EAST"": [2, 4, 5, 6], ""NORTH"": [0, 5, 6, 6], ""SOUTH"": [1, 1, 3, 7], ""WEST"": [2, 3, 4, 7]}","{""EAST"": [""S_EXIT"", ""N_EXIT"", ""W_EXIT"", ""N_EXIT""], ""NORTH"": [""S_EXIT"", ""E_EXIT"", ""S_EXIT"", ""E_EXIT""], ""SOUTH"": [""W_EXIT"", ""E_EXIT"", ""E_EXIT"", ""W_EXIT""], ""WEST"": [""S_EXIT"", ""N_EXIT"", ""S_EXIT"", ""E_EXIT""]}"
84,30084,fixed_heuristic,16,4,4,4,4,2,16,48,"{""EAST"": [2, 4, 5, 6], ""NORTH"": [0, 5, 6, 6], ""SOUTH"": [1, 1, 3, 7], ""WEST"": [2, 3, 4, 7]}","{""EAST"": [""S_EXIT"", ""N_EXIT"", ""W_EXIT"", ""N_EXIT""], ""NORTH"": [""S_EXIT"", ""E_EXIT"", ""S_EXIT"", ""E_EXIT""], ""SOUTH"": [""W_EXIT"", ""E_EXIT"", ""E_EXIT"", ""W_EXIT""], ""WEST"": [""S_EXIT"", ""N_EXIT"", ""S_EXIT"", ""E_EXIT""]}"
84,30084,bo_heuristic,16,4,4,4,4,2,16,46,"{""EAST"": [2, 4, 5, 6], ""NORTH"": [0, 5, 6, 6], ""SOUTH"": [1, 1, 3, 7], ""WEST"": [2, 3, 4, 7]}","{""EAST"": [""S_EXIT"", ""N_EXIT"", ""W_EXIT"", ""N_EXIT""], ""NORTH"": [""S_EXIT"", ""E_EXIT"", ""S_EXIT"", ""E_EXIT""], ""SOUTH"": [""W_EXIT"", ""E_EXIT"", ""E_EXIT"", ""W_EXIT""], ""WEST"": [""S_EXIT"", ""N_EXIT"", ""S_EXIT"", ""E_EXIT""]}"
85,30085,fcfs,16,2,4,6,4,2,16,58,"{""EAST"": [2, 5, 7, 8], ""NORTH"": [5, 8], ""SOUTH"": [0, 6, 6, 7], ""WEST"": [2, 2, 3, 4, 7, 7]}","{""EAST"": [""S_EXIT"", ""S_EXIT"", ""N_EXIT"", ""W_EXIT""], ""NORTH"": [""S_EXIT"", ""S_EXIT""], ""SOUTH"": [""W_EXIT"", ""E_EXIT"", ""E_EXIT"", ""W_EXIT""], ""WEST"": [""E_EXIT"", ""N_EXIT"", ""N_EXIT"", ""S_EXIT"", ""S_EXIT"", ""E_EXIT""]}"
85,30085,fixed_heuristic,16,2,4,6,4,2,16,60,"{""EAST"": [2, 5, 7, 8], ""NORTH"": [5, 8], ""SOUTH"": [0, 6, 6, 7], ""WEST"": [2, 2, 3, 4, 7, 7]}","{""EAST"": [""S_EXIT"", ""S_EXIT"", ""N_EXIT"", ""W_EXIT""], ""NORTH"": [""S_EXIT"", ""S_EXIT""], ""SOUTH"": [""W_EXIT"", ""E_EXIT"", ""E_EXIT"", ""W_EXIT""], ""WEST"": [""E_EXIT"", ""N_EXIT"", ""N_EXIT"", ""S_EXIT"", ""S_EXIT"", ""E_EXIT""]}"
85,30085,bo_heuristic,16,2,4,6,4,2,16,52,"{""EAST"": [2, 5, 7, 8], ""NORTH"": [5, 8], ""SOUTH"": [0, 6, 6, 7], ""WEST"": [2, 2, 3, 4, 7, 7]}","{""EAST"": [""S_EXIT"", ""S_EXIT"", ""N_EXIT"", ""W_EXIT""], ""NORTH"": [""S_EXIT"", ""S_EXIT""], ""SOUTH"": [""W_EXIT"", ""E_EXIT"", ""E_EXIT"", ""W_EXIT""], ""WEST"": [""E_EXIT"", ""N_EXIT"", ""N_EXIT"", ""S_EXIT"", ""S_EXIT"", ""E_EXIT""]}"
86,30086,fcfs,16,3,3,4,6,2,16,56,"{""EAST"": [1, 2, 2, 4, 5, 6], ""NORTH"": [2, 3, 5], ""SOUTH"": [1, 4, 7], ""WEST"": [2, 3, 3, 6]}","{""EAST"": [""W_EXIT"", ""W_EXIT"", ""N_EXIT"", ""N_EXIT"", ""W_EXIT"", ""N_EXIT""], ""NORTH"": [""E_EXIT"", ""S_EXIT"", ""E_EXIT""], ""SOUTH"": [""N_EXIT"", ""E_EXIT"", ""W_EXIT""], ""WEST"": [""E_EXIT"", ""E_EXIT"", ""N_EXIT"", ""E_EXIT""]}"
86,30086,fixed_heuristic,16,3,3,4,6,2,16,50,"{""EAST"": [1, 2, 2, 4, 5, 6], ""NORTH"": [2, 3, 5], ""SOUTH"": [1, 4, 7], ""WEST"": [2, 3, 3, 6]}","{""EAST"": [""W_EXIT"", ""W_EXIT"", ""N_EXIT"", ""N_EXIT"", ""W_EXIT"", ""N_EXIT""], ""NORTH"": [""E_EXIT"", ""S_EXIT"", ""E_EXIT""], ""SOUTH"": [""N_EXIT"", ""E_EXIT"", ""W_EXIT""], ""WEST"": [""E_EXIT"", ""E_EXIT"", ""N_EXIT"", ""E_EXIT""]}"
86,30086,bo_heuristic,16,3,3,4,6,2,16,46,"{""EAST"": [1, 2, 2, 4, 5, 6], ""NORTH"": [2, 3, 5], ""SOUTH"": [1, 4, 7], ""WEST"": [2, 3, 3, 6]}","{""EAST"": [""W_EXIT"", ""W_EXIT"", ""N_EXIT"", ""N_EXIT"", ""W_EXIT"", ""N_EXIT""], ""NORTH"": [""E_EXIT"", ""S_EXIT"", ""E_EXIT""], ""SOUTH"": [""N_EXIT"", ""E_EXIT"", ""W_EXIT""], ""WEST"": [""E_EXIT"", ""E_EXIT"", ""N_EXIT"", ""E_EXIT""]}"
87,30087,fcfs,16,3,2,5,6,2,16,53,"{""EAST"": [2, 2, 2, 4, 6, 7], ""NORTH"": [0, 4, 8], ""SOUTH"": [2, 5], ""WEST"": [2, 5, 6, 7, 8]}","{""EAST"": [""N_EXIT"", ""N_EXIT"", ""N_EXIT"", ""S_EXIT"", ""W_EXIT"", ""W_EXIT""], ""NORTH"": [""E_EXIT"", ""E_EXIT"", ""S_EXIT""], ""SOUTH"": [""N_EXIT"", ""N_EXIT""], ""WEST"": [""S_EXIT"", ""E_EXIT"", ""E_EXIT"", ""E_EXIT"", ""N_EXIT""]}"
87,30087,fixed_heuristic,16,3,2,5,6,2,16,47,"{""EAST"": [2, 2, 2, 4, 6, 7], ""NORTH"": [0, 4, 8], ""SOUTH"": [2, 5], ""WEST"": [2, 5, 6, 7, 8]}","{""EAST"": [""N_EXIT"", ""N_EXIT"", ""N_EXIT"", ""S_EXIT"", ""W_EXIT"", ""W_EXIT""], ""NORTH"": [""E_EXIT"", ""E_EXIT"", ""S_EXIT""], ""SOUTH"": [""N_EXIT"", ""N_EXIT""], ""WEST"": [""S_EXIT"", ""E_EXIT"", ""E_EXIT"", ""E_EXIT"", ""N_EXIT""]}"
87,30087,bo_heuristic,16,3,2,5,6,2,16,48,"{""EAST"": [2, 2, 2, 4, 6, 7], ""NORTH"": [0, 4, 8], ""SOUTH"": [2, 5], ""WEST"": [2, 5, 6, 7, 8]}","{""EAST"": [""N_EXIT"", ""N_EXIT"", ""N_EXIT"", ""S_EXIT"", ""W_EXIT"", ""W_EXIT""], ""NORTH"": [""E_EXIT"", ""E_EXIT"", ""S_EXIT""], ""SOUTH"": [""N_EXIT"", ""N_EXIT""], ""WEST"": [""S_EXIT"", ""E_EXIT"", ""E_EXIT"", ""E_EXIT"", ""N_EXIT""]}"
88,30088,fcfs,16,5,2,6,3,2,16,47,"{""EAST"": [2, 3, 4], ""NORTH"": [3, 4, 4, 5, 8], ""SOUTH"": [3, 8], ""WEST"": [0, 1, 1, 5, 7, 8]}","{""EAST"": [""N_EXIT"", ""N_EXIT"", ""W_EXIT""], ""NORTH"": [""S_EXIT"", ""W_EXIT"", ""E_EXIT"", ""E_EXIT"", ""W_EXIT""], ""SOUTH"": [""N_EXIT"", ""N_EXIT""], ""WEST"": [""S_EXIT"", ""S_EXIT"", ""S_EXIT"", ""S_EXIT"", ""S_EXIT"", ""S_EXIT""]}"
88,30088,fixed_heuristic,16,5,2,6,3,2,16,45,"{""EAST"": [2, 3, 4], ""NORTH"": [3, 4, 4, 5, 8], ""SOUTH"": [3, 8], ""WEST"": [0, 1, 1, 5, 7, 8]}","{""EAST"": [""N_EXIT"", ""N_EXIT"", ""W_EXIT""], ""NORTH"": [""S_EXIT"", ""W_EXIT"", ""E_EXIT"", ""E_EXIT"", ""W_EXIT""], ""SOUTH"": [""N_EXIT"", ""N_EXIT""], ""WEST"": [""S_EXIT"", ""S_EXIT"", ""S_EXIT"", ""S_EXIT"", ""S_EXIT"", ""S_EXIT""]}"
88,30088,bo_heuristic,16,5,2,6,3,2,16,45,"{""EAST"": [2, 3, 4], ""NORTH"": [3, 4, 4, 5, 8], ""SOUTH"": [3, 8], ""WEST"": [0, 1, 1, 5, 7, 8]}","{""EAST"": [""N_EXIT"", ""N_EXIT"", ""W_EXIT""], ""NORTH"": [""S_EXIT"", ""W_EXIT"", ""E_EXIT"", ""E_EXIT"", ""W_EXIT""], ""SOUTH"": [""N_EXIT"", ""N_EXIT""], ""WEST"": [""S_EXIT"", ""S_EXIT"", ""S_EXIT"", ""S_EXIT"", ""S_EXIT"", ""S_EXIT""]}"
89,30089,fcfs,16,2,4,4,6,2,16,64,"{""EAST"": [0, 0, 2, 4, 7, 8], ""NORTH"": [5, 7], ""SOUTH"": [1, 2, 4, 4], ""WEST"": [1, 1, 7, 8]}","{""EAST"": [""S_EXIT"", ""N_EXIT"", ""W_EXIT"", ""S_EXIT"", ""N_EXIT"", ""S_EXIT""], ""NORTH"": [""S_EXIT"", ""E_EXIT""], ""SOUTH"": [""W_EXIT"", ""W_EXIT"", ""N_EXIT"", ""N_EXIT""], ""WEST"": [""S_EXIT"", ""N_EXIT"", ""N_EXIT"", ""E_EXIT""]}"
89,30089,fixed_heuristic,16,2,4,4,6,2,16,60,"{""EAST"": [0, 0, 2, 4, 7, 8], ""NORTH"": [5, 7], ""SOUTH"": [1, 2, 4, 4], ""WEST"": [1, 1, 7, 8]}","{""EAST"": [""S_EXIT"", ""N_EXIT"", ""W_EXIT"", ""S_EXIT"", ""N_EXIT"", ""S_EXIT""], ""NORTH"": [""S_EXIT"", ""E_EXIT""], ""SOUTH"": [""W_EXIT"", ""W_EXIT"", ""N_EXIT"", ""N_EXIT""], ""WEST"": [""S_EXIT"", ""N_EXIT"", ""N_EXIT"", ""E_EXIT""]}"
89,30089,bo_heuristic,16,2,4,4,6,2,16,56,"{""EAST"": [0, 0, 2, 4, 7, 8], ""NORTH"": [5, 7], ""SOUTH"": [1, 2, 4, 4], ""WEST"": [1, 1, 7, 8]}","{""EAST"": [""S_EXIT"", ""N_EXIT"", ""W_EXIT"", ""S_EXIT"", ""N_EXIT"", ""S_EXIT""], ""NORTH"": [""S_EXIT"", ""E_EXIT""], ""SOUTH"": [""W_EXIT"", ""W_EXIT"", ""N_EXIT"", ""N_EXIT""], ""WEST"": [""S_EXIT"", ""N_EXIT"", ""N_EXIT"", ""E_EXIT""]}"
90,30090,fcfs,16,4,4,3,5,2,16,44,"{""EAST"": [0, 4, 4, 5, 7], ""NORTH"": [0, 2, 2, 8], ""SOUTH"": [6, 6, 7, 8], ""WEST"": [1, 1, 5]}","{""EAST"": [""S_EXIT"", ""N_EXIT"", ""W_EXIT"", ""N_EXIT"", ""N_EXIT""], ""NORTH"": [""W_EXIT"", ""S_EXIT"", ""W_EXIT"", ""S_EXIT""], ""SOUTH"": [""N_EXIT"", ""N_EXIT"", ""W_EXIT"", ""E_EXIT""], ""WEST"": [""S_EXIT"", ""S_EXIT"", ""E_EXIT""]}"
90,30090,fixed_heuristic,16,4,4,3,5,2,16,43,"{""EAST"": [0, 4, 4, 5, 7], ""NORTH"": [0, 2, 2, 8], ""SOUTH"": [6, 6, 7, 8], ""WEST"": [1, 1, 5]}","{""EAST"": [""S_EXIT"", ""N_EXIT"", ""W_EXIT"", ""N_EXIT"", ""N_EXIT""], ""NORTH"": [""W_EXIT"", ""S_EXIT"", ""W_EXIT"", ""S_EXIT""], ""SOUTH"": [""N_EXIT"", ""N_EXIT"", ""W_EXIT"", ""E_EXIT""], ""WEST"": [""S_EXIT"", ""S_EXIT"", ""E_EXIT""]}"
90,30090,bo_heuristic,16,4,4,3,5,2,16,40,"{""EAST"": [0, 4, 4, 5, 7], ""NORTH"": [0, 2, 2, 8], ""SOUTH"": [6, 6, 7, 8], ""WEST"": [1, 1, 5]}","{""EAST"": [""S_EXIT"", ""N_EXIT"", ""W_EXIT"", ""N_EXIT"", ""N_EXIT""], ""NORTH"": [""W_EXIT"", ""S_EXIT"", ""W_EXIT"", ""S_EXIT""], ""SOUTH"": [""N_EXIT"", ""N_EXIT"", ""W_EXIT"", ""E_EXIT""], ""WEST"": [""S_EXIT"", ""S_EXIT"", ""E_EXIT""]}"
91,30091,fcfs,16,2,6,5,3,2,16,56,"{""EAST"": [3, 6, 7], ""NORTH"": [1, 7], ""SOUTH"": [1, 2, 3, 4, 6, 8], ""WEST"": [3, 3, 7, 8, 8]}","{""EAST"": [""S_EXIT"", ""W_EXIT"", ""N_EXIT""], ""NORTH"": [""E_EXIT"", ""E_EXIT""], ""SOUTH"": [""E_EXIT"", ""E_EXIT"", ""E_EXIT"", ""W_EXIT"", ""N_EXIT"", ""W_EXIT""], ""WEST"": [""N_EXIT"", ""N_EXIT"", ""E_EXIT"", ""E_EXIT"", ""S_EXIT""]}"
91,30091,fixed_heuristic,16,2,6,5,3,2,16,53,"{""EAST"": [3, 6, 7], ""NORTH"": [1, 7], ""SOUTH"": [1, 2, 3, 4, 6, 8], ""WEST"": [3, 3, 7, 8, 8]}","{""EAST"": [""S_EXIT"", ""W_EXIT"", ""N_EXIT""], ""NORTH"": [""E_EXIT"", ""E_EXIT""], ""SOUTH"": [""E_EXIT"", ""E_EXIT"", ""E_EXIT"", ""W_EXIT"", ""N_EXIT"", ""W_EXIT""], ""WEST"": [""N_EXIT"", ""N_EXIT"", ""E_EXIT"", ""E_EXIT"", ""S_EXIT""]}"
91,30091,bo_heuristic,16,2,6,5,3,2,16,55,"{""EAST"": [3, 6, 7], ""NORTH"": [1, 7], ""SOUTH"": [1, 2, 3, 4, 6, 8], ""WEST"": [3, 3, 7, 8, 8]}","{""EAST"": [""S_EXIT"", ""W_EXIT"", ""N_EXIT""], ""NORTH"": [""E_EXIT"", ""E_EXIT""], ""SOUTH"": [""E_EXIT"", ""E_EXIT"", ""E_EXIT"", ""W_EXIT"", ""N_EXIT"", ""W_EXIT""], ""WEST"": [""N_EXIT"", ""N_EXIT"", ""E_EXIT"", ""E_EXIT"", ""S_EXIT""]}"
92,30092,fcfs,16,2,5,5,4,2,16,53,"{""EAST"": [0, 5, 7, 8], ""NORTH"": [5, 8], ""SOUTH"": [1, 1, 3, 3, 6], ""WEST"": [0, 1, 3, 3, 8]}","{""EAST"": [""W_EXIT"", ""N_EXIT"", ""W_EXIT"", ""S_EXIT""], ""NORTH"": [""S_EXIT"", ""S_EXIT""], ""SOUTH"": [""E_EXIT"", ""N_EXIT"", ""W_EXIT"", ""W_EXIT"", ""N_EXIT""], ""WEST"": [""N_EXIT"", ""E_EXIT"", ""E_EXIT"", ""S_EXIT"", ""N_EXIT""]}"
92,30092,fixed_heuristic,16,2,5,5,4,2,16,48,"{""EAST"": [0, 5, 7, 8], ""NORTH"": [5, 8], ""SOUTH"": [1, 1, 3, 3, 6], ""WEST"": [0, 1, 3, 3, 8]}","{""EAST"": [""W_EXIT"", ""N_EXIT"", ""W_EXIT"", ""S_EXIT""], ""NORTH"": [""S_EXIT"", ""S_EXIT""], ""SOUTH"": [""E_EXIT"", ""N_EXIT"", ""W_EXIT"", ""W_EXIT"", ""N_EXIT""], ""WEST"": [""N_EXIT"", ""E_EXIT"", ""E_EXIT"", ""S_EXIT"", ""N_EXIT""]}"
92,30092,bo_heuristic,16,2,5,5,4,2,16,49,"{""EAST"": [0, 5, 7, 8], ""NORTH"": [5, 8], ""SOUTH"": [1, 1, 3, 3, 6], ""WEST"": [0, 1, 3, 3, 8]}","{""EAST"": [""W_EXIT"", ""N_EXIT"", ""W_EXIT"", ""S_EXIT""], ""NORTH"": [""S_EXIT"", ""S_EXIT""], ""SOUTH"": [""E_EXIT"", ""N_EXIT"", ""W_EXIT"", ""W_EXIT"", ""N_EXIT""], ""WEST"": [""N_EXIT"", ""E_EXIT"", ""E_EXIT"", ""S_EXIT"", ""N_EXIT""]}"
93,30093,fcfs,16,2,4,6,4,2,16,56,"{""EAST"": [3, 5, 5, 7], ""NORTH"": [4, 5], ""SOUTH"": [2, 2, 3, 5], ""WEST"": [0, 2, 6, 6, 6, 8]}","{""EAST"": [""N_EXIT"", ""N_EXIT"", ""S_EXIT"", ""N_EXIT""], ""NORTH"": [""W_EXIT"", ""E_EXIT""], ""SOUTH"": [""E_EXIT"", ""N_EXIT"", ""W_EXIT"", ""W_EXIT""], ""WEST"": [""N_EXIT"", ""S_EXIT"", ""E_EXIT"", ""N_EXIT"", ""E_EXIT"", ""N_EXIT""]}"
93,30093,fixed_heuristic,16,2,4,6,4,2,16,49,"{""EAST"": [3, 5, 5, 7], ""NORTH"": [4, 5], ""SOUTH"": [2, 2, 3, 5], ""WEST"": [0, 2, 6, 6, 6, 8]}","{""EAST"": [""N_EXIT"", ""N_EXIT"", ""S_EXIT"", ""N_EXIT""], ""NORTH"": [""W_EXIT"", ""E_EXIT""], ""SOUTH"": [""E_EXIT"", ""N_EXIT"", ""W_EXIT"", ""W_EXIT""], ""WEST"": [""N_EXIT"", ""S_EXIT"", ""E_EXIT"", ""N_EXIT"", ""E_EXIT"", ""N_EXIT""]}"
93,30093,bo_heuristic,16,2,4,6,4,2,16,49,"{""EAST"": [3, 5, 5, 7], ""NORTH"": [4, 5], ""SOUTH"": [2, 2, 3, 5], ""WEST"": [0, 2, 6, 6, 6, 8]}","{""EAST"": [""N_EXIT"", ""N_EXIT"", ""S_EXIT"", ""N_EXIT""], ""NORTH"": [""W_EXIT"", ""E_EXIT""], ""SOUTH"": [""E_EXIT"", ""N_EXIT"", ""W_EXIT"", ""W_EXIT""], ""WEST"": [""N_EXIT"", ""S_EXIT"", ""E_EXIT"", ""N_EXIT"", ""E_EXIT"", ""N_EXIT""]}"
94,30094,fcfs,16,5,4,3,4,2,16,55,"{""EAST"": [0, 5, 6, 7], ""NORTH"": [1, 2, 7, 7, 8], ""SOUTH"": [4, 6, 7, 8], ""WEST"": [0, 3, 8]}","{""EAST"": [""N_EXIT"", ""W_EXIT"", ""W_EXIT"", ""S_EXIT""], ""NORTH"": [""S_EXIT"", ""E_EXIT"", ""S_EXIT"", ""S_EXIT"", ""S_EXIT""], ""SOUTH"": [""W_EXIT"", ""E_EXIT"", ""N_EXIT"", ""N_EXIT""], ""WEST"": [""S_EXIT"", ""N_EXIT"", ""S_EXIT""]}"
94,30094,fixed_heuristic,16,5,4,3,4,2,16,52,"{""EAST"": [0, 5, 6, 7], ""NORTH"": [1, 2, 7, 7, 8], ""SOUTH"": [4, 6, 7, 8], ""WEST"": [0, 3, 8]}","{""EAST"": [""N_EXIT"", ""W_EXIT"", ""W_EXIT"", ""S_EXIT""], ""NORTH"": [""S_EXIT"", ""E_EXIT"", ""S_EXIT"", ""S_EXIT"", ""S_EXIT""], ""SOUTH"": [""W_EXIT"", ""E_EXIT"", ""N_EXIT"", ""N_EXIT""], ""WEST"": [""S_EXIT"", ""N_EXIT"", ""S_EXIT""]}"
94,30094,bo_heuristic,16,5,4,3,4,2,16,49,"{""EAST"": [0, 5, 6, 7], ""NORTH"": [1, 2, 7, 7, 8], ""SOUTH"": [4, 6, 7, 8], ""WEST"": [0, 3, 8]}","{""EAST"": [""N_EXIT"", ""W_EXIT"", ""W_EXIT"", ""S_EXIT""], ""NORTH"": [""S_EXIT"", ""E_EXIT"", ""S_EXIT"", ""S_EXIT"", ""S_EXIT""], ""SOUTH"": [""W_EXIT"", ""E_EXIT"", ""N_EXIT"", ""N_EXIT""], ""WEST"": [""S_EXIT"", ""N_EXIT"", ""S_EXIT""]}"
95,30095,fcfs,16,4,4,4,4,2,16,50,"{""EAST"": [1, 5, 7, 8], ""NORTH"": [2, 3, 3, 7], ""SOUTH"": [0, 2, 4, 5], ""WEST"": [4, 5, 7, 8]}","{""EAST"": [""S_EXIT"", ""S_EXIT"", ""W_EXIT"", ""N_EXIT""], ""NORTH"": [""W_EXIT"", ""W_EXIT"", ""W_EXIT"", ""E_EXIT""], ""SOUTH"": [""E_EXIT"", ""E_EXIT"", ""W_EXIT"", ""N_EXIT""], ""WEST"": [""S_EXIT"", ""S_EXIT"", ""N_EXIT"", ""E_EXIT""]}"
95,30095,fixed_heuristic,16,4,4,4,4,2,16,46,"{""EAST"": [1, 5, 7, 8], ""NORTH"": [2, 3, 3, 7], ""SOUTH"": [0, 2, 4, 5], ""WEST"": [4, 5, 7, 8]}","{""EAST"": [""S_EXIT"", ""S_EXIT"", ""W_EXIT"", ""N_EXIT""], ""NORTH"": [""W_EXIT"", ""W_EXIT"", ""W_EXIT"", ""E_EXIT""], ""SOUTH"": [""E_EXIT"", ""E_EXIT"", ""W_EXIT"", ""N_EXIT""], ""WEST"": [""S_EXIT"", ""S_EXIT"", ""N_EXIT"", ""E_EXIT""]}"
95,30095,bo_heuristic,16,4,4,4,4,2,16,47,"{""EAST"": [1, 5, 7, 8], ""NORTH"": [2, 3, 3, 7], ""SOUTH"": [0, 2, 4, 5], ""WEST"": [4, 5, 7, 8]}","{""EAST"": [""S_EXIT"", ""S_EXIT"", ""W_EXIT"", ""N_EXIT""], ""NORTH"": [""W_EXIT"", ""W_EXIT"", ""W_EXIT"", ""E_EXIT""], ""SOUTH"": [""E_EXIT"", ""E_EXIT"", ""W_EXIT"", ""N_EXIT""], ""WEST"": [""S_EXIT"", ""S_EXIT"", ""N_EXIT"", ""E_EXIT""]}"
96,30096,fcfs,16,3,6,3,4,2,16,62,"{""EAST"": [2, 2, 4, 6], ""NORTH"": [2, 2, 8], ""SOUTH"": [1, 2, 3, 4, 4, 6], ""WEST"": [1, 7, 8]}","{""EAST"": [""S_EXIT"", ""S_EXIT"", ""W_EXIT"", ""N_EXIT""], ""NORTH"": [""W_EXIT"", ""E_EXIT"", ""W_EXIT""], ""SOUTH"": [""N_EXIT"", ""W_EXIT"", ""E_EXIT"", ""W_EXIT"", ""N_EXIT"", ""N_EXIT""], ""WEST"": [""N_EXIT"", ""E_EXIT"", ""E_EXIT""]}"
96,30096,fixed_heuristic,16,3,6,3,4,2,16,57,"{""EAST"": [2, 2, 4, 6], ""NORTH"": [2, 2, 8], ""SOUTH"": [1, 2, 3, 4, 4, 6], ""WEST"": [1, 7, 8]}","{""EAST"": [""S_EXIT"", ""S_EXIT"", ""W_EXIT"", ""N_EXIT""], ""NORTH"": [""W_EXIT"", ""E_EXIT"", ""W_EXIT""], ""SOUTH"": [""N_EXIT"", ""W_EXIT"", ""E_EXIT"", ""W_EXIT"", ""N_EXIT"", ""N_EXIT""], ""WEST"": [""N_EXIT"", ""E_EXIT"", ""E_EXIT""]}"
96,30096,bo_heuristic,16,3,6,3,4,2,16,57,"{""EAST"": [2, 2, 4, 6], ""NORTH"": [2, 2, 8], ""SOUTH"": [1, 2, 3, 4, 4, 6], ""WEST"": [1, 7, 8]}","{""EAST"": [""S_EXIT"", ""S_EXIT"", ""W_EXIT"", ""N_EXIT""], ""NORTH"": [""W_EXIT"", ""E_EXIT"", ""W_EXIT""], ""SOUTH"": [""N_EXIT"", ""W_EXIT"", ""E_EXIT"", ""W_EXIT"", ""N_EXIT"", ""N_EXIT""], ""WEST"": [""N_EXIT"", ""E_EXIT"", ""E_EXIT""]}"
97,30097,fcfs,16,5,3,2,6,2,16,50,"{""EAST"": [4, 4, 7, 8, 8, 8], ""NORTH"": [0, 0, 1, 4, 8], ""SOUTH"": [0, 5, 7], ""WEST"": [3, 7]}","{""EAST"": [""N_EXIT"", ""N_EXIT"", ""W_EXIT"", ""N_EXIT"", ""W_EXIT"", ""W_EXIT""], ""NORTH"": [""S_EXIT"", ""E_EXIT"", ""E_EXIT"", ""E_EXIT"", ""W_EXIT""], ""SOUTH"": [""W_EXIT"", ""E_EXIT"", ""E_EXIT""], ""WEST"": [""S_EXIT"", ""E_EXIT""]}"
97,30097,fixed_heuristic,16,5,3,2,6,2,16,45,"{""EAST"": [4, 4, 7, 8, 8, 8], ""NORTH"": [0, 0, 1, 4, 8], ""SOUTH"": [0, 5, 7], ""WEST"": [3, 7]}","{""EAST"": [""N_EXIT"", ""N_EXIT"", ""W_EXIT"", ""N_EXIT"", ""W_EXIT"", ""W_EXIT""], ""NORTH"": [""S_EXIT"", ""E_EXIT"", ""E_EXIT"", ""E_EXIT"", ""W_EXIT""], ""SOUTH"": [""W_EXIT"", ""E_EXIT"", ""E_EXIT""], ""WEST"": [""S_EXIT"", ""E_EXIT""]}"
97,30097,bo_heuristic,16,5,3,2,6,2,16,43,"{""EAST"": [4, 4, 7, 8, 8, 8], ""NORTH"": [0, 0, 1, 4, 8], ""SOUTH"": [0, 5, 7], ""WEST"": [3, 7]}","{""EAST"": [""N_EXIT"", ""N_EXIT"", ""W_EXIT"", ""N_EXIT"", ""W_EXIT"", ""W_EXIT""], ""NORTH"": [""S_EXIT"", ""E_EXIT"", ""E_EXIT"", ""E_EXIT"", ""W_EXIT""], ""SOUTH"": [""W_EXIT"", ""E_EXIT"", ""E_EXIT""], ""WEST"": [""S_EXIT"", ""E_EXIT""]}"
98,30098,fcfs,16,5,4,4,3,2,16,57,"{""EAST"": [0, 2, 8], ""NORTH"": [0, 2, 3, 4, 6], ""SOUTH"": [0, 1, 3, 4], ""WEST"": [3, 5, 6, 7]}","{""EAST"": [""W_EXIT"", ""S_EXIT"", ""S_EXIT""], ""NORTH"": [""S_EXIT"", ""E_EXIT"", ""S_EXIT"", ""E_EXIT"", ""E_EXIT""], ""SOUTH"": [""N_EXIT"", ""W_EXIT"", ""E_EXIT"", ""N_EXIT""], ""WEST"": [""N_EXIT"", ""E_EXIT"", ""S_EXIT"", ""S_EXIT""]}"
98,30098,fixed_heuristic,16,5,4,4,3,2,16,56,"{""EAST"": [0, 2, 8], ""NORTH"": [0, 2, 3, 4, 6], ""SOUTH"": [0, 1, 3, 4], ""WEST"": [3, 5, 6, 7]}","{""EAST"": [""W_EXIT"", ""S_EXIT"", ""S_EXIT""], ""NORTH"": [""S_EXIT"", ""E_EXIT"", ""S_EXIT"", ""E_EXIT"", ""E_EXIT""], ""SOUTH"": [""N_EXIT"", ""W_EXIT"", ""E_EXIT"", ""N_EXIT""], ""WEST"": [""N_EXIT"", ""E_EXIT"", ""S_EXIT"", ""S_EXIT""]}"
98,30098,bo_heuristic,16,5,4,4,3,2,16,55,"{""EAST"": [0, 2, 8], ""NORTH"": [0, 2, 3, 4, 6], ""SOUTH"": [0, 1, 3, 4], ""WEST"": [3, 5, 6, 7]}","{""EAST"": [""W_EXIT"", ""S_EXIT"", ""S_EXIT""], ""NORTH"": [""S_EXIT"", ""E_EXIT"", ""S_EXIT"", ""E_EXIT"", ""E_EXIT""], ""SOUTH"": [""N_EXIT"", ""W_EXIT"", ""E_EXIT"", ""N_EXIT""], ""WEST"": [""N_EXIT"", ""E_EXIT"", ""S_EXIT"", ""S_EXIT""]}"
99,30099,fcfs,16,5,2,3,6,2,16,49,"{""EAST"": [0, 2, 2, 3, 3, 7], ""NORTH"": [3, 5, 7, 8, 8], ""SOUTH"": [1, 6], ""WEST"": [0, 2, 4]}","{""EAST"": [""N_EXIT"", ""N_EXIT"", ""N_EXIT"", ""N_EXIT"", ""S_EXIT"", ""W_EXIT""], ""NORTH"": [""W_EXIT"", ""W_EXIT"", ""S_EXIT"", ""S_EXIT"", ""W_EXIT""], ""SOUTH"": [""N_EXIT"", ""W_EXIT""], ""WEST"": [""E_EXIT"", ""N_EXIT"", ""E_EXIT""]}"
99,30099,fixed_heuristic,16,5,2,3,6,2,16,45,"{""EAST"": [0, 2, 2, 3, 3, 7], ""NORTH"": [3, 5, 7, 8, 8], ""SOUTH"": [1, 6], ""WEST"": [0, 2, 4]}","{""EAST"": [""N_EXIT"", ""N_EXIT"", ""N_EXIT"", ""N_EXIT"", ""S_EXIT"", ""W_EXIT""], ""NORTH"": [""W_EXIT"", ""W_EXIT"", ""S_EXIT"", ""S_EXIT"", ""W_EXIT""], ""SOUTH"": [""N_EXIT"", ""W_EXIT""], ""WEST"": [""E_EXIT"", ""N_EXIT"", ""E_EXIT""]}"
99,30099,bo_heuristic,16,5,2,3,6,2,16,45,"{""EAST"": [0, 2, 2, 3, 3, 7], ""NORTH"": [3, 5, 7, 8, 8], ""SOUTH"": [1, 6], ""WEST"": [0, 2, 4]}","{""EAST"": [""N_EXIT"", ""N_EXIT"", ""N_EXIT"", ""N_EXIT"", ""S_EXIT"", ""W_EXIT""], ""NORTH"": [""W_EXIT"", ""W_EXIT"", ""S_EXIT"", ""S_EXIT"", ""W_EXIT""], ""SOUTH"": [""N_EXIT"", ""W_EXIT""], ""WEST"": [""E_EXIT"", ""N_EXIT"", ""E_EXIT""]}"
