run_index,scenario_seed,scenario_case_id,scenario_case_name,scenario_case_label,scenario_split,dominant_approach,dominant_approach_count,dominant_exit,dominant_exit_count,early_departures,total_agvs,north_agvs,south_agvs,west_agvs,east_agvs,spawn_plan_json,goal_plan_json
0,40000,1,normal_balanced,Scenario 1: Normal balanced,train_test,,0,,0,0,20,5,5,5,5,"{""EAST"": [0, 4, 8, 12, 16], ""NORTH"": [0, 4, 8, 12, 16], ""SOUTH"": [0, 4, 8, 12, 16], ""WEST"": [0, 4, 8, 12, 16]}","{""EAST"": [""W_EXIT"", ""S_EXIT"", ""S_EXIT"", ""S_EXIT"", ""N_EXIT""], ""NORTH"": [""E_EXIT"", ""W_EXIT"", ""W_EXIT"", ""W_EXIT"", ""E_EXIT""], ""SOUTH"": [""N_EXIT"", ""W_EXIT"", ""N_EXIT"", ""N_EXIT"", ""N_EXIT""], ""WEST"": [""S_EXIT"", ""E_EXIT"", ""S_EXIT"", ""E_EXIT"", ""E_EXIT""]}"
1,40001,1,normal_balanced,Scenario 1: Normal balanced,train_test,,0,,0,0,20,5,5,5,5,"{""EAST"": [0, 4, 8, 12, 16], ""NORTH"": [0, 4, 8, 12, 16], ""SOUTH"": [0, 4, 8, 12, 16], ""WEST"": [0, 4, 8, 12, 16]}","{""EAST"": [""S_EXIT"", ""W_EXIT"", ""N_EXIT"", ""W_EXIT"", ""W_EXIT""], ""NORTH"": [""W_EXIT"", ""W_EXIT"", ""S_EXIT"", ""E_EXIT"", ""E_EXIT""], ""SOUTH"": [""E_EXIT"", ""N_EXIT"", ""E_EXIT"", ""E_EXIT"", ""N_EXIT""], ""WEST"": [""N_EXIT"", ""S_EXIT"", ""S_EXIT"", ""N_EXIT"", ""S_EXIT""]}"
2,40002,1,normal_balanced,Scenario 1: Normal balanced,train_test,,0,,0,0,20,5,5,5,5,"{""EAST"": [0, 4, 8, 12, 16], ""NORTH"": [0, 4, 8, 12, 16], ""SOUTH"": [0, 4, 8, 12, 16], ""WEST"": [0, 4, 8, 12, 16]}","{""EAST"": [""N_EXIT"", ""W_EXIT"", ""S_EXIT"", ""N_EXIT"", ""S_EXIT""], ""NORTH"": [""W_EXIT"", ""S_EXIT"", ""E_EXIT"", ""W_EXIT"", ""E_EXIT""], ""SOUTH"": [""N_EXIT"", ""W_EXIT"", ""E_EXIT"", ""N_EXIT"", ""W_EXIT""], ""WEST"": [""E_EXIT"", ""S_EXIT"", ""E_EXIT"", ""S_EXIT"", ""N_EXIT""]}"
3,40003,1,normal_balanced,Scenario 1: Normal balanced,train_test,,0,,0,0,20,5,5,5,5,"{""EAST"": [0, 4, 8, 12, 16], ""NORTH"": [0, 4, 8, 12, 16], ""SOUTH"": [0, 4, 8, 12, 16], ""WEST"": [0, 4, 8, 12, 16]}","{""EAST"": [""N_EXIT"", ""S_EXIT"", ""S_EXIT"", ""W_EXIT"", ""S_EXIT""], ""NORTH"": [""E_EXIT"", ""W_EXIT"", ""W_EXIT"", ""E_EXIT"", ""S_EXIT""], ""SOUTH"": [""W_EXIT"", ""N_EXIT"", ""N_EXIT"", ""W_EXIT"", ""N_EXIT""], ""WEST"": [""N_EXIT"", ""E_EXIT"", ""E_EXIT"", ""S_EXIT"", ""E_EXIT""]}"
4,40004,1,normal_balanced,Scenario 1: Normal balanced,train_test,,0,,0,0,20,5,5,5,5,"{""EAST"": [0, 4, 8, 12, 16], ""NORTH"": [0, 4, 8, 12, 16], ""SOUTH"": [0, 4, 8, 12, 16], ""WEST"": [0, 4, 8, 12, 16]}","{""EAST"": [""N_EXIT"", ""W_EXIT"", ""N_EXIT"", ""N_EXIT"", ""S_EXIT""], ""NORTH"": [""S_EXIT"", ""E_EXIT"", ""W_EXIT"", ""E_EXIT"", ""W_EXIT""], ""SOUTH"": [""E_EXIT"", ""N_EXIT"", ""E_EXIT"", ""W_EXIT"", ""W_EXIT""], ""WEST"": [""S_EXIT"", ""N_EXIT"", ""S_EXIT"", ""S_EXIT"", ""E_EXIT""]}"
5,40005,1,normal_balanced,Scenario 1: Normal balanced,train_test,,0,,0,0,20,5,5,5,5,"{""EAST"": [0, 4, 8, 12, 16], ""NORTH"": [0, 4, 8, 12, 16], ""SOUTH"": [0, 4, 8, 12, 16], ""WEST"": [0, 4, 8, 12, 16]}","{""EAST"": [""N_EXIT"", ""S_EXIT"", ""N_EXIT"", ""S_EXIT"", ""W_EXIT""], ""NORTH"": [""S_EXIT"", ""W_EXIT"", ""E_EXIT"", ""S_EXIT"", ""E_EXIT""], ""SOUTH"": [""N_EXIT"", ""W_EXIT"", ""E_EXIT"", ""W_EXIT"", ""W_EXIT""], ""WEST"": [""E_EXIT"", ""N_EXIT"", ""S_EXIT"", ""N_EXIT"", ""E_EXIT""]}"
6,40006,1,normal_balanced,Scenario 1: Normal balanced,train_test,,0,,0,0,20,5,5,5,5,"{""EAST"": [0, 4, 8, 12, 16], ""NORTH"": [0, 4, 8, 12, 16], ""SOUTH"": [0, 4, 8, 12, 16], ""WEST"": [0, 4, 8, 12, 16]}","{""EAST"": [""S_EXIT"", ""W_EXIT"", ""S_EXIT"", ""N_EXIT"", ""S_EXIT""], ""NORTH"": [""W_EXIT"", ""E_EXIT"", ""W_EXIT"", ""S_EXIT"", ""E_EXIT""], ""SOUTH"": [""E_EXIT"", ""N_EXIT"", ""W_EXIT"", ""N_EXIT"", ""W_EXIT""], ""WEST"": [""E_EXIT"", ""N_EXIT"", ""N_EXIT"", ""S_EXIT"", ""E_EXIT""]}"
7,40007,1,normal_balanced,Scenario 1: Normal balanced,train_test,,0,,0,0,20,5,5,5,5,"{""EAST"": [0, 4, 8, 12, 16], ""NORTH"": [0, 4, 8, 12, 16], ""SOUTH"": [0, 4, 8, 12, 16], ""WEST"": [0, 4, 8, 12, 16]}","{""EAST"": [""S_EXIT"", ""N_EXIT"", ""S_EXIT"", ""N_EXIT"", ""S_EXIT""], ""NORTH"": [""W_EXIT"", ""E_EXIT"", ""S_EXIT"", ""E_EXIT"", ""W_EXIT""], ""SOUTH"": [""N_EXIT"", ""E_EXIT"", ""W_EXIT"", ""W_EXIT"", ""W_EXIT""], ""WEST"": [""N_EXIT"", ""S_EXIT"", ""E_EXIT"", ""N_EXIT"", ""E_EXIT""]}"
8,40008,1,normal_balanced,Scenario 1: Normal balanced,train_test,,0,,0,0,20,5,5,5,5,"{""EAST"": [0, 4, 8, 12, 16], ""NORTH"": [0, 4, 8, 12, 16], ""SOUTH"": [0, 4, 8, 12, 16], ""WEST"": [0, 4, 8, 12, 16]}","{""EAST"": [""S_EXIT"", ""W_EXIT"", ""N_EXIT"", ""S_EXIT"", ""N_EXIT""], ""NORTH"": [""S_EXIT"", ""W_EXIT"", ""W_EXIT"", ""E_EXIT"", ""W_EXIT""], ""SOUTH"": [""E_EXIT"", ""W_EXIT"", ""N_EXIT"", ""E_EXIT"", ""E_EXIT""], ""WEST"": [""N_EXIT"", ""S_EXIT"", ""N_EXIT"", ""E_EXIT"", ""S_EXIT""]}"
9,40009,1,normal_balanced,Scenario 1: Normal balanced,train_test,,0,,0,0,20,5,5,5,5,"{""EAST"": [0, 4, 8, 12, 16], ""NORTH"": [0, 4, 8, 12, 16], ""SOUTH"": [0, 4, 8, 12, 16], ""WEST"": [0, 4, 8, 12, 16]}","{""EAST"": [""S_EXIT"", ""N_EXIT"", ""W_EXIT"", ""S_EXIT"", ""N_EXIT""], ""NORTH"": [""W_EXIT"", ""S_EXIT"", ""E_EXIT"", ""W_EXIT"", ""W_EXIT""], ""SOUTH"": [""E_EXIT"", ""W_EXIT"", ""E_EXIT"", ""E_EXIT"", ""N_EXIT""], ""WEST"": [""N_EXIT"", ""N_EXIT"", ""S_EXIT"", ""E_EXIT"", ""S_EXIT""]}"
10,40010,1,normal_balanced,Scenario 1: Normal balanced,train_test,,0,,0,0,20,5,5,5,5,"{""EAST"": [0, 4, 8, 12, 16], ""NORTH"": [0, 4, 8, 12, 16], ""SOUTH"": [0, 4, 8, 12, 16], ""WEST"": [0, 4, 8, 12, 16]}","{""EAST"": [""S_EXIT"", ""W_EXIT"", ""S_EXIT"", ""S_EXIT"", ""W_EXIT""], ""NORTH"": [""W_EXIT"", ""S_EXIT"", ""E_EXIT"", ""E_EXIT"", ""W_EXIT""], ""SOUTH"": [""N_EXIT"", ""N_EXIT"", ""W_EXIT"", ""N_EXIT"", ""E_EXIT""], ""WEST"": [""E_EXIT"", ""N_EXIT"", ""S_EXIT"", ""E_EXIT"", ""N_EXIT""]}"
11,40011,1,normal_balanced,Scenario 1: Normal balanced,train_test,,0,,0,0,20,5,5,5,5,"{""EAST"": [0, 4, 8, 12, 16], ""NORTH"": [0, 4, 8, 12, 16], ""SOUTH"": [0, 4, 8, 12, 16], ""WEST"": [0, 4, 8, 12, 16]}","{""EAST"": [""N_EXIT"", ""W_EXIT"", ""S_EXIT"", ""W_EXIT"", ""S_EXIT""], ""NORTH"": [""E_EXIT"", ""S_EXIT"", ""W_EXIT"", ""E_EXIT"", ""S_EXIT""], ""SOUTH"": [""W_EXIT"", ""E_EXIT"", ""N_EXIT"", ""W_EXIT"", ""E_EXIT""], ""WEST"": [""S_EXIT"", ""E_EXIT"", ""N_EXIT"", ""N_EXIT"", ""N_EXIT""]}"
12,40012,1,normal_balanced,Scenario 1: Normal balanced,train_test,,0,,0,0,20,5,5,5,5,"{""EAST"": [0, 4, 8, 12, 16], ""NORTH"": [0, 4, 8, 12, 16], ""SOUTH"": [0, 4, 8, 12, 16], ""WEST"": [0, 4, 8, 12, 16]}","{""EAST"": [""S_EXIT"", ""N_EXIT"", ""S_EXIT"", ""N_EXIT"", ""N_EXIT""], ""NORTH"": [""E_EXIT"", ""W_EXIT"", ""S_EXIT"", ""S_EXIT"", ""W_EXIT""], ""SOUTH"": [""W_EXIT"", ""W_EXIT"", ""E_EXIT"", ""W_EXIT"", ""E_EXIT""], ""WEST"": [""N_EXIT"", ""E_EXIT"", ""N_EXIT"", ""E_EXIT"", ""S_EXIT""]}"
13,40013,1,normal_balanced,Scenario 1: Normal balanced,train_test,,0,,0,0,20,5,5,5,5,"{""EAST"": [0, 4, 8, 12, 16], ""NORTH"": [0, 4, 8, 12, 16], ""SOUTH"": [0, 4, 8, 12, 16], ""WEST"": [0, 4, 8, 12, 16]}","{""EAST"": [""W_EXIT"", ""S_EXIT"", ""N_EXIT"", ""S_EXIT"", ""W_EXIT""], ""NORTH"": [""S_EXIT"", ""E_EXIT"", ""W_EXIT"", ""S_EXIT"", ""W_EXIT""], ""SOUTH"": [""E_EXIT"", ""N_EXIT"", ""W_EXIT"", ""E_EXIT"", ""E_EXIT""], ""WEST"": [""N_EXIT"", ""S_EXIT"", ""E_EXIT"", ""N_EXIT"", ""N_EXIT""]}"
14,40014,1,normal_balanced,Scenario 1: Normal balanced,train_test,,0,,0,0,20,5,5,5,5,"{""EAST"": [0, 4, 8, 12, 16], ""NORTH"": [0, 4, 8, 12, 16], ""SOUTH"": [0, 4, 8, 12, 16], ""WEST"": [0, 4, 8, 12, 16]}","{""EAST"": [""N_EXIT"", ""W_EXIT"", ""S_EXIT"", ""N_EXIT"", ""N_EXIT""], ""NORTH"": [""S_EXIT"", ""W_EXIT"", ""S_EXIT"", ""W_EXIT"", ""E_EXIT""], ""SOUTH"": [""E_EXIT"", ""W_EXIT"", ""N_EXIT"", ""N_EXIT"", ""W_EXIT""], ""WEST"": [""E_EXIT"", ""E_EXIT"", ""S_EXIT"", ""E_EXIT"", ""S_EXIT""]}"
15,40015,1,normal_balanced,Scenario 1: Normal balanced,train_test,,0,,0,0,20,5,5,5,5,"{""EAST"": [0, 4, 8, 12, 16], ""NORTH"": [0, 4, 8, 12, 16], ""SOUTH"": [0, 4, 8, 12, 16], ""WEST"": [0, 4, 8, 12, 16]}","{""EAST"": [""W_EXIT"", ""W_EXIT"", ""S_EXIT"", ""N_EXIT"", ""W_EXIT""], ""NORTH"": [""S_EXIT"", ""E_EXIT"", ""E_EXIT"", ""S_EXIT"", ""S_EXIT""], ""SOUTH"": [""N_EXIT"", ""E_EXIT"", ""W_EXIT"", ""W_EXIT"", ""N_EXIT""], ""WEST"": [""N_EXIT"", ""S_EXIT"", ""N_EXIT"", ""E_EXIT"", ""E_EXIT""]}"
16,40016,1,normal_balanced,Scenario 1: Normal balanced,train_test,,0,,0,0,20,5,5,5,5,"{""EAST"": [0, 4, 8, 12, 16], ""NORTH"": [0, 4, 8, 12, 16], ""SOUTH"": [0, 4, 8, 12, 16], ""WEST"": [0, 4, 8, 12, 16]}","{""EAST"": [""S_EXIT"", ""W_EXIT"", ""N_EXIT"", ""S_EXIT"", ""S_EXIT""], ""NORTH"": [""W_EXIT"", ""E_EXIT"", ""W_EXIT"", ""W_EXIT"", ""E_EXIT""], ""SOUTH"": [""E_EXIT"", ""W_EXIT"", ""N_EXIT"", ""E_EXIT"", ""N_EXIT""], ""WEST"": [""N_EXIT"", ""S_EXIT"", ""E_EXIT"", ""N_EXIT"", ""S_EXIT""]}"
17,40017,1,normal_balanced,Scenario 1: Normal balanced,train_test,,0,,0,0,20,5,5,5,5,"{""EAST"": [0, 4, 8, 12, 16], ""NORTH"": [0, 4, 8, 12, 16], ""SOUTH"": [0, 4, 8, 12, 16], ""WEST"": [0, 4, 8, 12, 16]}","{""EAST"": [""S_EXIT"", ""W_EXIT"", ""N_EXIT"", ""S_EXIT"", ""N_EXIT""], ""NORTH"": [""W_EXIT"", ""W_EXIT"", ""E_EXIT"", ""S_EXIT"", ""W_EXIT""], ""SOUTH"": [""E_EXIT"", ""W_EXIT"", ""E_EXIT"", ""E_EXIT"", ""E_EXIT""], ""WEST"": [""N_EXIT"", ""S_EXIT"", ""S_EXIT"", ""N_EXIT"", ""N_EXIT""]}"
18,40018,1,normal_balanced,Scenario 1: Normal balanced,train_test,,0,,0,0,20,5,5,5,5,"{""EAST"": [0, 4, 8, 12, 16], ""NORTH"": [0, 4, 8, 12, 16], ""SOUTH"": [0, 4, 8, 12, 16], ""WEST"": [0, 4, 8, 12, 16]}","{""EAST"": [""W_EXIT"", ""N_EXIT"", ""W_EXIT"", ""W_EXIT"", ""N_EXIT""], ""NORTH"": [""S_EXIT"", ""E_EXIT"", ""S_EXIT"", ""W_EXIT"", ""E_EXIT""], ""SOUTH"": [""N_EXIT"", ""E_EXIT"", ""N_EXIT"", ""W_EXIT"", ""E_EXIT""], ""WEST"": [""E_EXIT"", ""N_EXIT"", ""S_EXIT"", ""S_EXIT"", ""S_EXIT""]}"
19,40019,1,normal_balanced,Scenario 1: Normal balanced,train_test,,0,,0,0,20,5,5,5,5,"{""EAST"": [0, 4, 8, 12, 16], ""NORTH"": [0, 4, 8, 12, 16], ""SOUTH"": [0, 4, 8, 12, 16], ""WEST"": [0, 4, 8, 12, 16]}","{""EAST"": [""N_EXIT"", ""S_EXIT"", ""W_EXIT"", ""S_EXIT"", ""S_EXIT""], ""NORTH"": [""E_EXIT"", ""W_EXIT"", ""E_EXIT"", ""S_EXIT"", ""E_EXIT""], ""SOUTH"": [""W_EXIT"", ""N_EXIT"", ""W_EXIT"", ""N_EXIT"", ""W_EXIT""], ""WEST"": [""N_EXIT"", ""N_EXIT"", ""E_EXIT"", ""S_EXIT"", ""E_EXIT""]}"
20,40020,1,normal_balanced,Scenario 1: Normal balanced,train_test,,0,,0,0,20,5,5,5,5,"{""EAST"": [0, 4, 8, 12, 16], ""NORTH"": [0, 4, 8, 12, 16], ""SOUTH"": [0, 4, 8, 12, 16], ""WEST"": [0, 4, 8, 12, 16]}","{""EAST"": [""N_EXIT"", ""S_EXIT"", ""S_EXIT"", ""N_EXIT"", ""W_EXIT""], ""NORTH"": [""E_EXIT"", ""S_EXIT"", ""W_EXIT"", ""S_EXIT"", ""W_EXIT""], ""SOUTH"": [""W_EXIT"", ""N_EXIT"", ""N_EXIT"", ""W_EXIT"", ""E_EXIT""], ""WEST"": [""E_EXIT"", ""E_EXIT"", ""N_EXIT"", ""E_EXIT"", ""S_EXIT""]}"
21,40021,1,normal_balanced,Scenario 1: Normal balanced,train_test,,0,,0,0,20,5,5,5,5,"{""EAST"": [0, 4, 8, 12, 16], ""NORTH"": [0, 4, 8, 12, 16], ""SOUTH"": [0, 4, 8, 12, 16], ""WEST"": [0, 4, 8, 12, 16]}","{""EAST"": [""S_EXIT"", ""N_EXIT"", ""W_EXIT"", ""S_EXIT"", ""S_EXIT""], ""NORTH"": [""S_EXIT"", ""E_EXIT"", ""W_EXIT"", ""E_EXIT"", ""E_EXIT""], ""SOUTH"": [""N_EXIT"", ""W_EXIT"", ""W_EXIT"", ""E_EXIT"", ""W_EXIT""], ""WEST"": [""E_EXIT"", ""N_EXIT"", ""S_EXIT"", ""N_EXIT"", ""N_EXIT""]}"
22,40022,1,normal_balanced,Scenario 1: Normal balanced,train_test,,0,,0,0,20,5,5,5,5,"{""EAST"": [0, 4, 8, 12, 16], ""NORTH"": [0, 4, 8, 12, 16], ""SOUTH"": [0, 4, 8, 12, 16], ""WEST"": [0, 4, 8, 12, 16]}","{""EAST"": [""N_EXIT"", ""S_EXIT"", ""N_EXIT"", ""W_EXIT"", ""S_EXIT""], ""NORTH"": [""E_EXIT"", ""E_EXIT"", ""S_EXIT"", ""W_EXIT"", ""S_EXIT""], ""SOUTH"": [""W_EXIT"", ""W_EXIT"", ""W_EXIT"", ""N_EXIT"", ""E_EXIT""], ""WEST"": [""N_EXIT"", ""S_EXIT"", ""E_EXIT"", ""N_EXIT"", ""E_EXIT""]}"
23,40023,1,normal_balanced,Scenario 1: Normal balanced,train_test,,0,,0,0,20,5,5,5,5,"{""EAST"": [0, 4, 8, 12, 16], ""NORTH"": [0, 4, 8, 12, 16], ""SOUTH"": [0, 4, 8, 12, 16], ""WEST"": [0, 4, 8, 12, 16]}","{""EAST"": [""S_EXIT"", ""N_EXIT"", ""S_EXIT"", ""N_EXIT"", ""W_EXIT""], ""NORTH"": [""S_EXIT"", ""E_EXIT"", ""W_EXIT"", ""E_EXIT"", ""E_EXIT""], ""SOUTH"": [""W_EXIT"", ""E_EXIT"", ""W_EXIT"", ""W_EXIT"", ""E_EXIT""], ""WEST"": [""N_EXIT"", ""N_EXIT"", ""S_EXIT"", ""N_EXIT"", ""S_EXIT""]}"
24,40024,1,normal_balanced,Scenario 1: Normal balanced,train_test,,0,,0,0,20,5,5,5,5,"{""EAST"": [0, 4, 8, 12, 16], ""NORTH"": [0, 4, 8, 12, 16], ""SOUTH"": [0, 4, 8, 12, 16], ""WEST"": [0, 4, 8, 12, 16]}","{""EAST"": [""N_EXIT"", ""N_EXIT"", ""W_EXIT"", ""S_EXIT"", ""W_EXIT""], ""NORTH"": [""S_EXIT"", ""W_EXIT"", ""S_EXIT"", ""S_EXIT"", ""E_EXIT""], ""SOUTH"": [""W_EXIT"", ""E_EXIT"", ""N_EXIT"", ""E_EXIT"", ""W_EXIT""], ""WEST"": [""S_EXIT"", ""E_EXIT"", ""N_EXIT"", ""E_EXIT"", ""N_EXIT""]}"
25,40025,1,normal_balanced,Scenario 1: Normal balanced,train_test,,0,,0,0,20,5,5,5,5,"{""EAST"": [0, 4, 8, 12, 16], ""NORTH"": [0, 4, 8, 12, 16], ""SOUTH"": [0, 4, 8, 12, 16], ""WEST"": [0, 4, 8, 12, 16]}","{""EAST"": [""N_EXIT"", ""W_EXIT"", ""S_EXIT"", ""S_EXIT"", ""N_EXIT""], ""NORTH"": [""E_EXIT"", ""W_EXIT"", ""E_EXIT"", ""W_EXIT"", ""E_EXIT""], ""SOUTH"": [""N_EXIT"", ""E_EXIT"", ""W_EXIT"", ""N_EXIT"", ""W_EXIT""], ""WEST"": [""S_EXIT"", ""E_EXIT"", ""N_EXIT"", ""S_EXIT"", ""S_EXIT""]}"
26,40026,1,normal_balanced,Scenario 1: Normal balanced,train_test,,0,,0,0,20,5,5,5,5,"{""EAST"": [0, 4, 8, 12, 16], ""NORTH"": [0, 4, 8, 12, 16], ""SOUTH"": [0, 4, 8, 12, 16], ""WEST"": [0, 4, 8, 12, 16]}","{""EAST"": [""S_EXIT"", ""W_EXIT"", ""S_EXIT"", ""S_EXIT"", ""W_EXIT""], ""NORTH"": [""S_EXIT"", ""E_EXIT"", ""W_EXIT"", ""E_EXIT"", ""W_EXIT""], ""SOUTH"": [""W_EXIT"", ""E_EXIT"", ""E_EXIT"", ""N_EXIT"", ""N_EXIT""], ""WEST"": [""N_EXIT"", ""N_EXIT"", ""N_EXIT"", ""S_EXIT"", ""E_EXIT""]}"
27,40027,1,normal_balanced,Scenario 1: Normal balanced,train_test,,0,,0,0,20,5,5,5,5,"{""EAST"": [0, 4, 8, 12, 16], ""NORTH"": [0, 4, 8, 12, 16], ""SOUTH"": [0, 4, 8, 12, 16], ""WEST"": [0, 4, 8, 12, 16]}","{""EAST"": [""W_EXIT"", ""S_EXIT"", ""S_EXIT"", ""W_EXIT"", ""N_EXIT""], ""NORTH"": [""E_EXIT"", ""W_EXIT"", ""E_EXIT"", ""W_EXIT"", ""E_EXIT""], ""SOUTH"": [""N_EXIT"", ""W_EXIT"", ""E_EXIT"", ""N_EXIT"", ""N_EXIT""], ""WEST"": [""N_EXIT"", ""E_EXIT"", ""S_EXIT"", ""S_EXIT"", ""S_EXIT""]}"
28,40028,1,normal_balanced,Scenario 1: Normal balanced,train_test,,0,,0,0,20,5,5,5,5,"{""EAST"": [0, 4, 8, 12, 16], ""NORTH"": [0, 4, 8, 12, 16], ""SOUTH"": [0, 4, 8, 12, 16], ""WEST"": [0, 4, 8, 12, 16]}","{""EAST"": [""W_EXIT"", ""W_EXIT"", ""S_EXIT"", ""W_EXIT"", ""N_EXIT""], ""NORTH"": [""S_EXIT"", ""E_EXIT"", ""S_EXIT"", ""E_EXIT"", ""W_EXIT""], ""SOUTH"": [""N_EXIT"", ""E_EXIT"", ""W_EXIT"", ""N_EXIT"", ""N_EXIT""], ""WEST"": [""N_EXIT"", ""E_EXIT"", ""S_EXIT"", ""S_EXIT"", ""E_EXIT""]}"
29,40029,1,normal_balanced,Scenario 1: Normal balanced,train_test,,0,,0,0,20,5,5,5,5,"{""EAST"": [0, 4, 8, 12, 16], ""NORTH"": [0, 4, 8, 12, 16], ""SOUTH"": [0, 4, 8, 12, 16], ""WEST"": [0, 4, 8, 12, 16]}","{""EAST"": [""W_EXIT"", ""N_EXIT"", ""S_EXIT"", ""S_EXIT"", ""N_EXIT""], ""NORTH"": [""E_EXIT"", ""S_EXIT"", ""E_EXIT"", ""W_EXIT"", ""E_EXIT""], ""SOUTH"": [""W_EXIT"", ""N_EXIT"", ""W_EXIT"", ""E_EXIT"", ""W_EXIT""], ""WEST"": [""S_EXIT"", ""E_EXIT"", ""N_EXIT"", ""S_EXIT"", ""N_EXIT""]}"
30,40030,1,normal_balanced,Scenario 1: Normal balanced,train_test,,0,,0,0,20,5,5,5,5,"{""EAST"": [0, 4, 8, 12, 16], ""NORTH"": [0, 4, 8, 12, 16], ""SOUTH"": [0, 4, 8, 12, 16], ""WEST"": [0, 4, 8, 12, 16]}","{""EAST"": [""W_EXIT"", ""N_EXIT"", ""S_EXIT"", ""S_EXIT"", ""N_EXIT""], ""NORTH"": [""E_EXIT"", ""S_EXIT"", ""W_EXIT"", ""S_EXIT"", ""W_EXIT""], ""SOUTH"": [""N_EXIT"", ""W_EXIT"", ""E_EXIT"", ""N_EXIT"", ""W_EXIT""], ""WEST"": [""E_EXIT"", ""E_EXIT"", ""N_EXIT"", ""S_EXIT"", ""E_EXIT""]}"
31,40031,1,normal_balanced,Scenario 1: Normal balanced,train_test,,0,,0,0,20,5,5,5,5,"{""EAST"": [0, 4, 8, 12, 16], ""NORTH"": [0, 4, 8, 12, 16], ""SOUTH"": [0, 4, 8, 12, 16], ""WEST"": [0, 4, 8, 12, 16]}","{""EAST"": [""S_EXIT"", ""W_EXIT"", ""W_EXIT"", ""W_EXIT"", ""N_EXIT""], ""NORTH"": [""W_EXIT"", ""S_EXIT"", ""E_EXIT"", ""W_EXIT"", ""S_EXIT""], ""SOUTH"": [""N_EXIT"", ""E_EXIT"", ""N_EXIT"", ""E_EXIT"", ""E_EXIT""], ""WEST"": [""E_EXIT"", ""N_EXIT"", ""S_EXIT"", ""N_EXIT"", ""S_EXIT""]}"
32,40032,1,normal_balanced,Scenario 1: Normal balanced,train_test,,0,,0,0,20,5,5,5,5,"{""EAST"": [0, 4, 8, 12, 16], ""NORTH"": [0, 4, 8, 12, 16], ""SOUTH"": [0, 4, 8, 12, 16], ""WEST"": [0, 4, 8, 12, 16]}","{""EAST"": [""S_EXIT"", ""S_EXIT"", ""W_EXIT"", ""S_EXIT"", ""N_EXIT""], ""NORTH"": [""S_EXIT"", ""E_EXIT"", ""W_EXIT"", ""E_EXIT"", ""E_EXIT""], ""SOUTH"": [""W_EXIT"", ""E_EXIT"", ""W_EXIT"", ""W_EXIT"", ""N_EXIT""], ""WEST"": [""N_EXIT"", ""N_EXIT"", ""N_EXIT"", ""S_EXIT"", ""E_EXIT""]}"
33,40033,1,normal_balanced,Scenario 1: Normal balanced,train_test,,0,,0,0,20,5,5,5,5,"{""EAST"": [0, 4, 8, 12, 16], ""NORTH"": [0, 4, 8, 12, 16], ""SOUTH"": [0, 4, 8, 12, 16], ""WEST"": [0, 4, 8, 12, 16]}","{""EAST"": [""W_EXIT"", ""N_EXIT"", ""N_EXIT"", ""S_EXIT"", ""N_EXIT""], ""NORTH"": [""E_EXIT"", ""S_EXIT"", ""S_EXIT"", ""W_EXIT"", ""W_EXIT""], ""SOUTH"": [""N_EXIT"", ""W_EXIT"", ""E_EXIT"", ""E_EXIT"", ""W_EXIT""], ""WEST"": [""E_EXIT"", ""S_EXIT"", ""N_EXIT"", ""S_EXIT"", ""E_EXIT""]}"
34,40034,1,normal_balanced,Scenario 1: Normal balanced,train_test,,0,,0,0,20,5,5,5,5,"{""EAST"": [0, 4, 8, 12, 16], ""NORTH"": [0, 4, 8, 12, 16], ""SOUTH"": [0, 4, 8, 12, 16], ""WEST"": [0, 4, 8, 12, 16]}","{""EAST"": [""W_EXIT"", ""S_EXIT"", ""W_EXIT"", ""S_EXIT"", ""W_EXIT""], ""NORTH"": [""S_EXIT"", ""E_EXIT"", ""E_EXIT"", ""S_EXIT"", ""W_EXIT""], ""SOUTH"": [""N_EXIT"", ""E_EXIT"", ""W_EXIT"", ""E_EXIT"", ""N_EXIT""], ""WEST"": [""N_EXIT"", ""S_EXIT"", ""N_EXIT"", ""N_EXIT"", ""E_EXIT""]}"
35,40035,1,normal_balanced,Scenario 1: Normal balanced,train_test,,0,,0,0,20,5,5,5,5,"{""EAST"": [0, 4, 8, 12, 16], ""NORTH"": [0, 4, 8, 12, 16], ""SOUTH"": [0, 4, 8, 12, 16], ""WEST"": [0, 4, 8, 12, 16]}","{""EAST"": [""N_EXIT"", ""S_EXIT"", ""W_EXIT"", ""W_EXIT"", ""W_EXIT""], ""NORTH"": [""E_EXIT"", ""S_EXIT"", ""W_EXIT"", ""S_EXIT"", ""S_EXIT""], ""SOUTH"": [""N_EXIT"", ""E_EXIT"", ""W_EXIT"", ""N_EXIT"", ""N_EXIT""], ""WEST"": [""E_EXIT"", ""E_EXIT"", ""N_EXIT"", ""E_EXIT"", ""S_EXIT""]}"
36,40036,1,normal_balanced,Scenario 1: Normal balanced,train_test,,0,,0,0,20,5,5,5,5,"{""EAST"": [0, 4, 8, 12, 16], ""NORTH"": [0, 4, 8, 12, 16], ""SOUTH"": [0, 4, 8, 12, 16], ""WEST"": [0, 4, 8, 12, 16]}","{""EAST"": [""N_EXIT"", ""S_EXIT"", ""S_EXIT"", ""W_EXIT"", ""N_EXIT""], ""NORTH"": [""S_EXIT"", ""E_EXIT"", ""E_EXIT"", ""W_EXIT"", ""S_EXIT""], ""SOUTH"": [""W_EXIT"", ""E_EXIT"", ""N_EXIT"", ""W_EXIT"", ""W_EXIT""], ""WEST"": [""N_EXIT"", ""S_EXIT"", ""N_EXIT"", ""E_EXIT"", ""E_EXIT""]}"
37,40037,1,normal_balanced,Scenario 1: Normal balanced,train_test,,0,,0,0,20,5,5,5,5,"{""EAST"": [0, 4, 8, 12, 16], ""NORTH"": [0, 4, 8, 12, 16], ""SOUTH"": [0, 4, 8, 12, 16], ""WEST"": [0, 4, 8, 12, 16]}","{""EAST"": [""S_EXIT"", ""N_EXIT"", ""S_EXIT"", ""S_EXIT"", ""N_EXIT""], ""NORTH"": [""W_EXIT"", ""W_EXIT"", ""E_EXIT"", ""W_EXIT"", ""E_EXIT""], ""SOUTH"": [""W_EXIT"", ""E_EXIT"", ""N_EXIT"", ""E_EXIT"", ""W_EXIT""], ""WEST"": [""E_EXIT"", ""N_EXIT"", ""S_EXIT"", ""S_EXIT"", ""N_EXIT""]}"
38,40038,1,normal_balanced,Scenario 1: Normal balanced,train_test,,0,,0,0,20,5,5,5,5,"{""EAST"": [0, 4, 8, 12, 16], ""NORTH"": [0, 4, 8, 12, 16], ""SOUTH"": [0, 4, 8, 12, 16], ""WEST"": [0, 4, 8, 12, 16]}","{""EAST"": [""N_EXIT"", ""W_EXIT"", ""N_EXIT"", ""S_EXIT"", ""W_EXIT""], ""NORTH"": [""W_EXIT"", ""S_EXIT"", ""S_EXIT"", ""S_EXIT"", ""W_EXIT""], ""SOUTH"": [""E_EXIT"", ""N_EXIT"", ""N_EXIT"", ""E_EXIT"", ""W_EXIT""], ""WEST"": [""N_EXIT"", ""E_EXIT"", ""E_EXIT"", ""E_EXIT"", ""S_EXIT""]}"
39,40039,1,normal_balanced,Scenario 1: Normal balanced,train_test,,0,,0,0,20,5,5,5,5,"{""EAST"": [0, 4, 8, 12, 16], ""NORTH"": [0, 4, 8, 12, 16], ""SOUTH"": [0, 4, 8, 12, 16], ""WEST"": [0, 4, 8, 12, 16]}","{""EAST"": [""S_EXIT"", ""W_EXIT"", ""N_EXIT"", ""W_EXIT"", ""W_EXIT""], ""NORTH"": [""E_EXIT"", ""S_EXIT"", ""W_EXIT"", ""S_EXIT"", ""E_EXIT""], ""SOUTH"": [""W_EXIT"", ""N_EXIT"", ""E_EXIT"", ""E_EXIT"", ""N_EXIT""], ""WEST"": [""N_EXIT"", ""E_EXIT"", ""S_EXIT"", ""N_EXIT"", ""S_EXIT""]}"
40,40040,1,normal_balanced,Scenario 1: Normal balanced,train_test,,0,,0,0,20,5,5,5,5,"{""EAST"": [0, 4, 8, 12, 16], ""NORTH"": [0, 4, 8, 12, 16], ""SOUTH"": [0, 4, 8, 12, 16], ""WEST"": [0, 4, 8, 12, 16]}","{""EAST"": [""S_EXIT"", ""S_EXIT"", ""N_EXIT"", ""N_EXIT"", ""W_EXIT""], ""NORTH"": [""E_EXIT"", ""W_EXIT"", ""S_EXIT"", ""E_EXIT"", ""E_EXIT""], ""SOUTH"": [""W_EXIT"", ""E_EXIT"", ""W_EXIT"", ""W_EXIT"", ""E_EXIT""], ""WEST"": [""N_EXIT"", ""N_EXIT"", ""N_EXIT"", ""S_EXIT"", ""S_EXIT""]}"
41,40041,1,normal_balanced,Scenario 1: Normal balanced,train_test,,0,,0,0,20,5,5,5,5,"{""EAST"": [0, 4, 8, 12, 16], ""NORTH"": [0, 4, 8, 12, 16], ""SOUTH"": [0, 4, 8, 12, 16], ""WEST"": [0, 4, 8, 12, 16]}","{""EAST"": [""W_EXIT"", ""N_EXIT"", ""W_EXIT"", ""S_EXIT"", ""W_EXIT""], ""NORTH"": [""S_EXIT"", ""W_EXIT"", ""E_EXIT"", ""W_EXIT"", ""E_EXIT""], ""SOUTH"": [""E_EXIT"", ""N_EXIT"", ""N_EXIT"", ""E_EXIT"", ""N_EXIT""], ""WEST"": [""S_EXIT"", ""E_EXIT"", ""N_EXIT"", ""S_EXIT"", ""S_EXIT""]}"
42,40042,1,normal_balanced,Scenario 1: Normal balanced,train_test,,0,,0,0,20,5,5,5,5,"{""EAST"": [0, 4, 8, 12, 16], ""NORTH"": [0, 4, 8, 12, 16], ""SOUTH"": [0, 4, 8, 12, 16], ""WEST"": [0, 4, 8, 12, 16]}","{""EAST"": [""N_EXIT"", ""S_EXIT"", ""N_EXIT"", ""W_EXIT"", ""N_EXIT""], ""NORTH"": [""E_EXIT"", ""E_EXIT"", ""W_EXIT"", ""S_EXIT"", ""W_EXIT""], ""SOUTH"": [""W_EXIT"", ""N_EXIT"", ""E_EXIT"", ""W_EXIT"", ""N_EXIT""], ""WEST"": [""S_EXIT"", ""S_EXIT"", ""E_EXIT"", ""S_EXIT"", ""E_EXIT""]}"
43,40043,1,normal_balanced,Scenario 1: Normal balanced,train_test,,0,,0,0,20,5,5,5,5,"{""EAST"": [0, 4, 8, 12, 16], ""NORTH"": [0, 4, 8, 12, 16], ""SOUTH"": [0, 4, 8, 12, 16], ""WEST"": [0, 4, 8, 12, 16]}","{""EAST"": [""N_EXIT"", ""W_EXIT"", ""S_EXIT"", ""N_EXIT"", ""W_EXIT""], ""NORTH"": [""W_EXIT"", ""S_EXIT"", ""W_EXIT"", ""S_EXIT"", ""W_EXIT""], ""SOUTH"": [""E_EXIT"", ""N_EXIT"", ""E_EXIT"", ""N_EXIT"", ""E_EXIT""], ""WEST"": [""S_EXIT"", ""E_EXIT"", ""E_EXIT"", ""N_EXIT"", ""S_EXIT""]}"
44,40044,1,normal_balanced,Scenario 1: Normal balanced,train_test,,0,,0,0,20,5,5,5,5,"{""EAST"": [0, 4, 8, 12, 16], ""NORTH"": [0, 4, 8, 12, 16], ""SOUTH"": [0, 4, 8, 12, 16], ""WEST"": [0, 4, 8, 12, 16]}","{""EAST"": [""N_EXIT"", ""W_EXIT"", ""S_EXIT"", ""S_EXIT"", ""N_EXIT""], ""NORTH"": [""W_EXIT"", ""E_EXIT"", ""S_EXIT"", ""S_EXIT"", ""W_EXIT""], ""SOUTH"": [""N_EXIT"", ""W_EXIT"", ""N_EXIT"", ""E_EXIT"", ""W_EXIT""], ""WEST"": [""S_EXIT"", ""E_EXIT"", ""N_EXIT"", ""E_EXIT"", ""E_EXIT""]}"
45,40045,1,normal_balanced,Scenario 1: Normal balanced,train_test,,0,,0,0,20,5,5,5,5,"{""EAST"": [0, 4, 8, 12, 16], ""NORTH"": [0, 4, 8, 12, 16], ""SOUTH"": [0, 4, 8, 12, 16], ""WEST"": [0, 4, 8, 12, 16]}","{""EAST"": [""W_EXIT"", ""N_EXIT"", ""N_EXIT"", ""S_EXIT"", ""N_EXIT""], ""NORTH"": [""E_EXIT"", ""S_EXIT"", ""S_EXIT"", ""E_EXIT"", ""W_EXIT""], ""SOUTH"": [""N_EXIT"", ""W_EXIT"", ""W_EXIT"", ""E_EXIT"", ""W_EXIT""], ""WEST"": [""S_EXIT"", ""E_EXIT"", ""N_EXIT"", ""S_EXIT"", ""E_EXIT""]}"
46,40046,1,normal_balanced,Scenario 1: Normal balanced,train_test,,0,,0,0,20,5,5,5,5,"{""EAST"": [0, 4, 8, 12, 16], ""NORTH"": [0, 4, 8, 12, 16], ""SOUTH"": [0, 4, 8, 12, 16], ""WEST"": [0, 4, 8, 12, 16]}","{""EAST"": [""N_EXIT"", ""S_EXIT"", ""W_EXIT"", ""W_EXIT"", ""N_EXIT""], ""NORTH"": [""W_EXIT"", ""E_EXIT"", ""S_EXIT"", ""E_EXIT"", ""S_EXIT""], ""SOUTH"": [""E_EXIT"", ""N_EXIT"", ""W_EXIT"", ""W_EXIT"", ""N_EXIT""], ""WEST"": [""S_EXIT"", ""E_EXIT"", ""S_EXIT"", ""E_EXIT"", ""N_EXIT""]}"
47,40047,1,normal_balanced,Scenario 1: Normal balanced,train_test,,0,,0,0,20,5,5,5,5,"{""EAST"": [0, 4, 8, 12, 16], ""NORTH"": [0, 4, 8, 12, 16], ""SOUTH"": [0, 4, 8, 12, 16], ""WEST"": [0, 4, 8, 12, 16]}","{""EAST"": [""W_EXIT"", ""S_EXIT"", ""W_EXIT"", ""S_EXIT"", ""N_EXIT""], ""NORTH"": [""E_EXIT"", ""W_EXIT"", ""S_EXIT"", ""S_EXIT"", ""W_EXIT""], ""SOUTH"": [""E_EXIT"", ""N_EXIT"", ""E_EXIT"", ""W_EXIT"", ""N_EXIT""], ""WEST"": [""N_EXIT"", ""N_EXIT"", ""E_EXIT"", ""E_EXIT"", ""S_EXIT""]}"
48,40048,1,normal_balanced,Scenario 1: Normal balanced,train_test,,0,,0,0,20,5,5,5,5,"{""EAST"": [0, 4, 8, 12, 16], ""NORTH"": [0, 4, 8, 12, 16], ""SOUTH"": [0, 4, 8, 12, 16], ""WEST"": [0, 4, 8, 12, 16]}","{""EAST"": [""N_EXIT"", ""S_EXIT"", ""S_EXIT"", ""W_EXIT"", ""N_EXIT""], ""NORTH"": [""E_EXIT"", ""E_EXIT"", ""E_EXIT"", ""E_EXIT"", ""W_EXIT""], ""SOUTH"": [""W_EXIT"", ""W_EXIT"", ""N_EXIT"", ""W_EXIT"", ""N_EXIT""], ""WEST"": [""N_EXIT"", ""S_EXIT"", ""E_EXIT"", ""S_EXIT"", ""S_EXIT""]}"
49,40049,1,normal_balanced,Scenario 1: Normal balanced,train_test,,0,,0,0,20,5,5,5,5,"{""EAST"": [0, 4, 8, 12, 16], ""NORTH"": [0, 4, 8, 12, 16], ""SOUTH"": [0, 4, 8, 12, 16], ""WEST"": [0, 4, 8, 12, 16]}","{""EAST"": [""W_EXIT"", ""S_EXIT"", ""N_EXIT"", ""S_EXIT"", ""S_EXIT""], ""NORTH"": [""E_EXIT"", ""W_EXIT"", ""S_EXIT"", ""W_EXIT"", ""E_EXIT""], ""SOUTH"": [""E_EXIT"", ""W_EXIT"", ""E_EXIT"", ""N_EXIT"", ""W_EXIT""], ""WEST"": [""S_EXIT"", ""N_EXIT"", ""N_EXIT"", ""E_EXIT"", ""N_EXIT""]}"
50,40050,1,normal_balanced,Scenario 1: Normal balanced,train_test,,0,,0,0,20,5,5,5,5,"{""EAST"": [0, 4, 8, 12, 16], ""NORTH"": [0, 4, 8, 12, 16], ""SOUTH"": [0, 4, 8, 12, 16], ""WEST"": [0, 4, 8, 12, 16]}","{""EAST"": [""S_EXIT"", ""N_EXIT"", ""W_EXIT"", ""N_EXIT"", ""S_EXIT""], ""NORTH"": [""E_EXIT"", ""S_EXIT"", ""S_EXIT"", ""E_EXIT"", ""W_EXIT""], ""SOUTH"": [""W_EXIT"", ""W_EXIT"", ""W_EXIT"", ""N_EXIT"", ""E_EXIT""], ""WEST"": [""N_EXIT"", ""S_EXIT"", ""E_EXIT"", ""N_EXIT"", ""E_EXIT""]}"
51,40051,1,normal_balanced,Scenario 1: Normal balanced,train_test,,0,,0,0,20,5,5,5,5,"{""EAST"": [0, 4, 8, 12, 16], ""NORTH"": [0, 4, 8, 12, 16], ""SOUTH"": [0, 4, 8, 12, 16], ""WEST"": [0, 4, 8, 12, 16]}","{""EAST"": [""N_EXIT"", ""S_EXIT"", ""W_EXIT"", ""W_EXIT"", ""S_EXIT""], ""NORTH"": [""E_EXIT"", ""E_EXIT"", ""S_EXIT"", ""E_EXIT"", ""W_EXIT""], ""SOUTH"": [""N_EXIT"", ""W_EXIT"", ""W_EXIT"", ""N_EXIT"", ""E_EXIT""], ""WEST"": [""N_EXIT"", ""S_EXIT"", ""E_EXIT"", ""N_EXIT"", ""S_EXIT""]}"
52,40052,1,normal_balanced,Scenario 1: Normal balanced,train_test,,0,,0,0,20,5,5,5,5,"{""EAST"": [0, 4, 8, 12, 16], ""NORTH"": [0, 4, 8, 12, 16], ""SOUTH"": [0, 4, 8, 12, 16], ""WEST"": [0, 4, 8, 12, 16]}","{""EAST"": [""W_EXIT"", ""N_EXIT"", ""S_EXIT"", ""N_EXIT"", ""W_EXIT""], ""NORTH"": [""S_EXIT"", ""S_EXIT"", ""W_EXIT"", ""E_EXIT"", ""S_EXIT""], ""SOUTH"": [""N_EXIT"", ""E_EXIT"", ""N_EXIT"", ""W_EXIT"", ""W_EXIT""], ""WEST"": [""E_EXIT"", ""S_EXIT"", ""N_EXIT"", ""E_EXIT"", ""E_EXIT""]}"
53,40053,1,normal_balanced,Scenario 1: Normal balanced,train_test,,0,,0,0,20,5,5,5,5,"{""EAST"": [0, 4, 8, 12, 16], ""NORTH"": [0, 4, 8, 12, 16], ""SOUTH"": [0, 4, 8, 12, 16], ""WEST"": [0, 4, 8, 12, 16]}","{""EAST"": [""S_EXIT"", ""N_EXIT"", ""S_EXIT"", ""N_EXIT"", ""N_EXIT""], ""NORTH"": [""W_EXIT"", ""E_EXIT"", ""W_EXIT"", ""S_EXIT"", ""S_EXIT""], ""SOUTH"": [""E_EXIT"", ""W_EXIT"", ""W_EXIT"", ""W_EXIT"", ""E_EXIT""], ""WEST"": [""N_EXIT"", ""E_EXIT"", ""S_EXIT"", ""N_EXIT"", ""E_EXIT""]}"
54,40054,1,normal_balanced,Scenario 1: Normal balanced,train_test,,0,,0,0,20,5,5,5,5,"{""EAST"": [0, 4, 8, 12, 16], ""NORTH"": [0, 4, 8, 12, 16], ""SOUTH"": [0, 4, 8, 12, 16], ""WEST"": [0, 4, 8, 12, 16]}","{""EAST"": [""N_EXIT"", ""W_EXIT"", ""W_EXIT"", ""N_EXIT"", ""W_EXIT""], ""NORTH"": [""S_EXIT"", ""S_EXIT"", ""W_EXIT"", ""S_EXIT"", ""S_EXIT""], ""SOUTH"": [""E_EXIT"", ""W_EXIT"", ""E_EXIT"", ""N_EXIT"", ""E_EXIT""], ""WEST"": [""S_EXIT"", ""N_EXIT"", ""E_EXIT"", ""E_EXIT"", ""N_EXIT""]}"
55,40055,1,normal_balanced,Scenario 1: Normal balanced,train_test,,0,,0,0,20,5,5,5,5,"{""EAST"": [0, 4, 8, 12, 16], ""NORTH"": [0, 4, 8, 12, 16], ""SOUTH"": [0, 4, 8, 12, 16], ""WEST"": [0, 4, 8, 12, 16]}","{""EAST"": [""S_EXIT"", ""S_EXIT"", ""N_EXIT"", ""W_EXIT"", ""S_EXIT""], ""NORTH"": [""W_EXIT"", ""S_EXIT"", ""E_EXIT"", ""W_EXIT"", ""W_EXIT""], ""SOUTH"": [""N_EXIT"", ""N_EXIT"", ""W_EXIT"", ""E_EXIT"", ""N_EXIT""], ""WEST"": [""E_EXIT"", ""E_EXIT"", ""N_EXIT"", ""S_EXIT"", ""E_EXIT""]}"
56,40056,1,normal_balanced,Scenario 1: Normal balanced,train_test,,0,,0,0,20,5,5,5,5,"{""EAST"": [0, 4, 8, 12, 16], ""NORTH"": [0, 4, 8, 12, 16], ""SOUTH"": [0, 4, 8, 12, 16], ""WEST"": [0, 4, 8, 12, 16]}","{""EAST"": [""W_EXIT"", ""S_EXIT"", ""N_EXIT"", ""W_EXIT"", ""N_EXIT""], ""NORTH"": [""S_EXIT"", ""S_EXIT"", ""S_EXIT"", ""E_EXIT"", ""W_EXIT""], ""SOUTH"": [""N_EXIT"", ""E_EXIT"", ""W_EXIT"", ""W_EXIT"", ""N_EXIT""], ""WEST"": [""E_EXIT"", ""E_EXIT"", ""N_EXIT"", ""E_EXIT"", ""S_EXIT""]}"
57,40057,1,normal_balanced,Scenario 1: Normal balanced,train_test,,0,,0,0,20,5,5,5,5,"{""EAST"": [0, 4, 8, 12, 16], ""NORTH"": [0, 4, 8, 12, 16], ""SOUTH"": [0, 4, 8, 12, 16], ""WEST"": [0, 4, 8, 12, 16]}","{""EAST"": [""S_EXIT"", ""W_EXIT"", ""S_EXIT"", ""S_EXIT"", ""W_EXIT""], ""NORTH"": [""E_EXIT"", ""W_EXIT"", ""E_EXIT"", ""S_EXIT"", ""W_EXIT""], ""SOUTH"": [""E_EXIT"", ""W_EXIT"", ""N_EXIT"", ""N_EXIT"", ""N_EXIT""], ""WEST"": [""N_EXIT"", ""E_EXIT"", ""N_EXIT"", ""S_EXIT"", ""E_EXIT""]}"
58,40058,1,normal_balanced,Scenario 1: Normal balanced,train_test,,0,,0,0,20,5,5,5,5,"{""EAST"": [0, 4, 8, 12, 16], ""NORTH"": [0, 4, 8, 12, 16], ""SOUTH"": [0, 4, 8, 12, 16], ""WEST"": [0, 4, 8, 12, 16]}","{""EAST"": [""N_EXIT"", ""W_EXIT"", ""W_EXIT"", ""N_EXIT"", ""N_EXIT""], ""NORTH"": [""S_EXIT"", ""E_EXIT"", ""E_EXIT"", ""S_EXIT"", ""S_EXIT""], ""SOUTH"": [""E_EXIT"", ""W_EXIT"", ""W_EXIT"", ""E_EXIT"", ""W_EXIT""], ""WEST"": [""S_EXIT"", ""N_EXIT"", ""N_EXIT"", ""S_EXIT"", ""E_EXIT""]}"
59,40059,1,normal_balanced,Scenario 1: Normal balanced,train_test,,0,,0,0,20,5,5,5,5,"{""EAST"": [0, 4, 8, 12, 16], ""NORTH"": [0, 4, 8, 12, 16], ""SOUTH"": [0, 4, 8, 12, 16], ""WEST"": [0, 4, 8, 12, 16]}","{""EAST"": [""N_EXIT"", ""W_EXIT"", ""W_EXIT"", ""N_EXIT"", ""W_EXIT""], ""NORTH"": [""S_EXIT"", ""E_EXIT"", ""S_EXIT"", ""S_EXIT"", ""W_EXIT""], ""SOUTH"": [""N_EXIT"", ""W_EXIT"", ""E_EXIT"", ""E_EXIT"", ""E_EXIT""], ""WEST"": [""S_EXIT"", ""E_EXIT"", ""N_EXIT"", ""S_EXIT"", ""N_EXIT""]}"
60,40060,1,normal_balanced,Scenario 1: Normal balanced,train_test,,0,,0,0,20,5,5,5,5,"{""EAST"": [0, 4, 8, 12, 16], ""NORTH"": [0, 4, 8, 12, 16], ""SOUTH"": [0, 4, 8, 12, 16], ""WEST"": [0, 4, 8, 12, 16]}","{""EAST"": [""W_EXIT"", ""S_EXIT"", ""W_EXIT"", ""N_EXIT"", ""N_EXIT""], ""NORTH"": [""S_EXIT"", ""S_EXIT"", ""W_EXIT"", ""S_EXIT"", ""W_EXIT""], ""SOUTH"": [""E_EXIT"", ""N_EXIT"", ""W_EXIT"", ""E_EXIT"", ""E_EXIT""], ""WEST"": [""E_EXIT"", ""N_EXIT"", ""E_EXIT"", ""S_EXIT"", ""N_EXIT""]}"
61,40061,1,normal_balanced,Scenario 1: Normal balanced,train_test,,0,,0,0,20,5,5,5,5,"{""EAST"": [0, 4, 8, 12, 16], ""NORTH"": [0, 4, 8, 12, 16], ""SOUTH"": [0, 4, 8, 12, 16], ""WEST"": [0, 4, 8, 12, 16]}","{""EAST"": [""W_EXIT"", ""S_EXIT"", ""N_EXIT"", ""S_EXIT"", ""S_EXIT""], ""NORTH"": [""E_EXIT"", ""S_EXIT"", ""W_EXIT"", ""E_EXIT"", ""W_EXIT""], ""SOUTH"": [""W_EXIT"", ""N_EXIT"", ""E_EXIT"", ""N_EXIT"", ""W_EXIT""], ""WEST"": [""N_EXIT"", ""E_EXIT"", ""E_EXIT"", ""N_EXIT"", ""S_EXIT""]}"
62,40062,1,normal_balanced,Scenario 1: Normal balanced,train_test,,0,,0,0,20,5,5,5,5,"{""EAST"": [0, 4, 8, 12, 16], ""NORTH"": [0, 4, 8, 12, 16], ""SOUTH"": [0, 4, 8, 12, 16], ""WEST"": [0, 4, 8, 12, 16]}","{""EAST"": [""W_EXIT"", ""S_EXIT"", ""W_EXIT"", ""N_EXIT"", ""S_EXIT""], ""NORTH"": [""E_EXIT"", ""S_EXIT"", ""W_EXIT"", ""S_EXIT"", ""W_EXIT""], ""SOUTH"": [""N_EXIT"", ""W_EXIT"", ""N_EXIT"", ""N_EXIT"", ""E_EXIT""], ""WEST"": [""E_EXIT"", ""S_EXIT"", ""E_EXIT"", ""E_EXIT"", ""N_EXIT""]}"
63,40063,1,normal_balanced,Scenario 1: Normal balanced,train_test,,0,,0,0,20,5,5,5,5,"{""EAST"": [0, 4, 8, 12, 16], ""NORTH"": [0, 4, 8, 12, 16], ""SOUTH"": [0, 4, 8, 12, 16], ""WEST"": [0, 4, 8, 12, 16]}","{""EAST"": [""W_EXIT"", ""S_EXIT"", ""N_EXIT"", ""W_EXIT"", ""S_EXIT""], ""NORTH"": [""E_EXIT"", ""S_EXIT"", ""S_EXIT"", ""E_EXIT"", ""W_EXIT""], ""SOUTH"": [""N_EXIT"", ""E_EXIT"", ""W_EXIT"", ""W_EXIT"", ""E_EXIT""], ""WEST"": [""S_EXIT"", ""N_EXIT"", ""N_EXIT"", ""E_EXIT"", ""N_EXIT""]}"
64,40064,1,normal_balanced,Scenario 1: Normal balanced,train_test,,0,,0,0,20,5,5,5,5,"{""EAST"": [0, 4, 8, 12, 16], ""NORTH"": [0, 4, 8, 12, 16], ""SOUTH"": [0, 4, 8, 12, 16], ""WEST"": [0, 4, 8, 12, 16]}","{""EAST"": [""N_EXIT"", ""S_EXIT"", ""N_EXIT"", ""S_EXIT"", ""W_EXIT""], ""NORTH"": [""E_EXIT"", ""S_EXIT"", ""S_EXIT"", ""E_EXIT"", ""W_EXIT""], ""SOUTH"": [""W_EXIT"", ""W_EXIT"", ""W_EXIT"", ""N_EXIT"", ""N_EXIT""], ""WEST"": [""N_EXIT"", ""E_EXIT"", ""E_EXIT"", ""S_EXIT"", ""E_EXIT""]}"
65,40065,1,normal_balanced,Scenario 1: Normal balanced,train_test,,0,,0,0,20,5,5,5,5,"{""EAST"": [0, 4, 8, 12, 16], ""NORTH"": [0, 4, 8, 12, 16], ""SOUTH"": [0, 4, 8, 12, 16], ""WEST"": [0, 4, 8, 12, 16]}","{""EAST"": [""W_EXIT"", ""S_EXIT"", ""W_EXIT"", ""W_EXIT"", ""S_EXIT""], ""NORTH"": [""S_EXIT"", ""E_EXIT"", ""S_EXIT"", ""S_EXIT"", ""E_EXIT""], ""SOUTH"": [""E_EXIT"", ""N_EXIT"", ""W_EXIT"", ""E_EXIT"", ""W_EXIT""], ""WEST"": [""N_EXIT"", ""E_EXIT"", ""N_EXIT"", ""N_EXIT"", ""N_EXIT""]}"
66,40066,1,normal_balanced,Scenario 1: Normal balanced,train_test,,0,,0,0,20,5,5,5,5,"{""EAST"": [0, 4, 8, 12, 16], ""NORTH"": [0, 4, 8, 12, 16], ""SOUTH"": [0, 4, 8, 12, 16], ""WEST"": [0, 4, 8, 12, 16]}","{""EAST"": [""W_EXIT"", ""S_EXIT"", ""N_EXIT"", ""S_EXIT"", ""W_EXIT""], ""NORTH"": [""S_EXIT"", ""W_EXIT"", ""E_EXIT"", ""S_EXIT"", ""W_EXIT""], ""SOUTH"": [""E_EXIT"", ""E_EXIT"", ""W_EXIT"", ""N_EXIT"", ""N_EXIT""], ""WEST"": [""N_EXIT"", ""N_EXIT"", ""E_EXIT"", ""S_EXIT"", ""E_EXIT""]}"
67,40067,1,normal_balanced,Scenario 1: Normal balanced,train_test,,0,,0,0,20,5,5,5,5,"{""EAST"": [0, 4, 8, 12, 16], ""NORTH"": [0, 4, 8, 12, 16], ""SOUTH"": [0, 4, 8, 12, 16], ""WEST"": [0, 4, 8, 12, 16]}","{""EAST"": [""S_EXIT"", ""W_EXIT"", ""N_EXIT"", ""N_EXIT"", ""W_EXIT""], ""NORTH"": [""W_EXIT"", ""W_EXIT"", ""S_EXIT"", ""S_EXIT"", ""E_EXIT""], ""SOUTH"": [""N_EXIT"", ""E_EXIT"", ""E_EXIT"", ""W_EXIT"", ""E_EXIT""], ""WEST"": [""E_EXIT"", ""N_EXIT"", ""S_EXIT"", ""N_EXIT"", ""S_EXIT""]}"
68,40068,1,normal_balanced,Scenario 1: Normal balanced,train_test,,0,,0,0,20,5,5,5,5,"{""EAST"": [0, 4, 8, 12, 16], ""NORTH"": [0, 4, 8, 12, 16], ""SOUTH"": [0, 4, 8, 12, 16], ""WEST"": [0, 4, 8, 12, 16]}","{""EAST"": [""S_EXIT"", ""S_EXIT"", ""W_EXIT"", ""N_EXIT"", ""W_EXIT""], ""NORTH"": [""W_EXIT"", ""S_EXIT"", ""S_EXIT"", ""W_EXIT"", ""S_EXIT""], ""SOUTH"": [""N_EXIT"", ""E_EXIT"", ""W_EXIT"", ""N_EXIT"", ""E_EXIT""], ""WEST"": [""E_EXIT"", ""N_EXIT"", ""E_EXIT"", ""N_EXIT"", ""E_EXIT""]}"
69,40069,1,normal_balanced,Scenario 1: Normal balanced,train_test,,0,,0,0,20,5,5,5,5,"{""EAST"": [0, 4, 8, 12, 16], ""NORTH"": [0, 4, 8, 12, 16], ""SOUTH"": [0, 4, 8, 12, 16], ""WEST"": [0, 4, 8, 12, 16]}","{""EAST"": [""N_EXIT"", ""W_EXIT"", ""N_EXIT"", ""S_EXIT"", ""N_EXIT""], ""NORTH"": [""S_EXIT"", ""E_EXIT"", ""E_EXIT"", ""S_EXIT"", ""E_EXIT""], ""SOUTH"": [""N_EXIT"", ""W_EXIT"", ""W_EXIT"", ""W_EXIT"", ""W_EXIT""], ""WEST"": [""E_EXIT"", ""S_EXIT"", ""N_EXIT"", ""S_EXIT"", ""E_EXIT""]}"
70,40070,1,normal_balanced,Scenario 1: Normal balanced,train_test,,0,,0,0,20,5,5,5,5,"{""EAST"": [0, 4, 8, 12, 16], ""NORTH"": [0, 4, 8, 12, 16], ""SOUTH"": [0, 4, 8, 12, 16], ""WEST"": [0, 4, 8, 12, 16]}","{""EAST"": [""S_EXIT"", ""S_EXIT"", ""W_EXIT"", ""W_EXIT"", ""S_EXIT""], ""NORTH"": [""W_EXIT"", ""E_EXIT"", ""W_EXIT"", ""E_EXIT"", ""S_EXIT""], ""SOUTH"": [""N_EXIT"", ""E_EXIT"", ""E_EXIT"", ""E_EXIT"", ""W_EXIT""], ""WEST"": [""N_EXIT"", ""N_EXIT"", ""N_EXIT"", ""S_EXIT"", ""N_EXIT""]}"
71,40071,1,normal_balanced,Scenario 1: Normal balanced,train_test,,0,,0,0,20,5,5,5,5,"{""EAST"": [0, 4, 8, 12, 16], ""NORTH"": [0, 4, 8, 12, 16], ""SOUTH"": [0, 4, 8, 12, 16], ""WEST"": [0, 4, 8, 12, 16]}","{""EAST"": [""N_EXIT"", ""W_EXIT"", ""W_EXIT"", ""W_EXIT"", ""N_EXIT""], ""NORTH"": [""W_EXIT"", ""E_EXIT"", ""S_EXIT"", ""S_EXIT"", ""E_EXIT""], ""SOUTH"": [""E_EXIT"", ""E_EXIT"", ""N_EXIT"", ""E_EXIT"", ""W_EXIT""], ""WEST"": [""S_EXIT"", ""S_EXIT"", ""N_EXIT"", ""S_EXIT"", ""N_EXIT""]}"
72,40072,1,normal_balanced,Scenario 1: Normal balanced,train_test,,0,,0,0,20,5,5,5,5,"{""EAST"": [0, 4, 8, 12, 16], ""NORTH"": [0, 4, 8, 12, 16], ""SOUTH"": [0, 4, 8, 12, 16], ""WEST"": [0, 4, 8, 12, 16]}","{""EAST"": [""W_EXIT"", ""W_EXIT"", ""W_EXIT"", ""W_EXIT"", ""N_EXIT""], ""NORTH"": [""S_EXIT"", ""S_EXIT"", ""S_EXIT"", ""E_EXIT"", ""S_EXIT""], ""SOUTH"": [""E_EXIT"", ""E_EXIT"", ""N_EXIT"", ""E_EXIT"", ""W_EXIT""], ""WEST"": [""N_EXIT"", ""N_EXIT"", ""S_EXIT"", ""E_EXIT"", ""N_EXIT""]}"
73,40073,1,normal_balanced,Scenario 1: Normal balanced,train_test,,0,,0,0,20,5,5,5,5,"{""EAST"": [0, 4, 8, 12, 16], ""NORTH"": [0, 4, 8, 12, 16], ""SOUTH"": [0, 4, 8, 12, 16], ""WEST"": [0, 4, 8, 12, 16]}","{""EAST"": [""W_EXIT"", ""W_EXIT"", ""W_EXIT"", ""N_EXIT"", ""S_EXIT""], ""NORTH"": [""S_EXIT"", ""E_EXIT"", ""E_EXIT"", ""S_EXIT"", ""W_EXIT""], ""SOUTH"": [""W_EXIT"", ""E_EXIT"", ""N_EXIT"", ""E_EXIT"", ""E_EXIT""], ""WEST"": [""N_EXIT"", ""N_EXIT"", ""S_EXIT"", ""N_EXIT"", ""S_EXIT""]}"
74,40074,1,normal_balanced,Scenario 1: Normal balanced,train_test,,0,,0,0,20,5,5,5,5,"{""EAST"": [0, 4, 8, 12, 16], ""NORTH"": [0, 4, 8, 12, 16], ""SOUTH"": [0, 4, 8, 12, 16], ""WEST"": [0, 4, 8, 12, 16]}","{""EAST"": [""S_EXIT"", ""W_EXIT"", ""S_EXIT"", ""N_EXIT"", ""W_EXIT""], ""NORTH"": [""W_EXIT"", ""S_EXIT"", ""W_EXIT"", ""E_EXIT"", ""S_EXIT""], ""SOUTH"": [""E_EXIT"", ""E_EXIT"", ""W_EXIT"", ""N_EXIT"", ""N_EXIT""], ""WEST"": [""N_EXIT"", ""E_EXIT"", ""N_EXIT"", ""S_EXIT"", ""E_EXIT""]}"
75,40075,1,normal_balanced,Scenario 1: Normal balanced,train_test,,0,,0,0,20,5,5,5,5,"{""EAST"": [0, 4, 8, 12, 16], ""NORTH"": [0, 4, 8, 12, 16], ""SOUTH"": [0, 4, 8, 12, 16], ""WEST"": [0, 4, 8, 12, 16]}","{""EAST"": [""W_EXIT"", ""S_EXIT"", ""W_EXIT"", ""N_EXIT"", ""N_EXIT""], ""NORTH"": [""E_EXIT"", ""E_EXIT"", ""E_EXIT"", ""S_EXIT"", ""S_EXIT""], ""SOUTH"": [""N_EXIT"", ""W_EXIT"", ""W_EXIT"", ""E_EXIT"", ""W_EXIT""], ""WEST"": [""N_EXIT"", ""S_EXIT"", ""S_EXIT"", ""N_EXIT"", ""E_EXIT""]}"
76,40076,1,normal_balanced,Scenario 1: Normal balanced,train_test,,0,,0,0,20,5,5,5,5,"{""EAST"": [0, 4, 8, 12, 16], ""NORTH"": [0, 4, 8, 12, 16], ""SOUTH"": [0, 4, 8, 12, 16], ""WEST"": [0, 4, 8, 12, 16]}","{""EAST"": [""W_EXIT"", ""N_EXIT"", ""N_EXIT"", ""W_EXIT"", ""N_EXIT""], ""NORTH"": [""E_EXIT"", ""S_EXIT"", ""S_EXIT"", ""E_EXIT"", ""W_EXIT""], ""SOUTH"": [""N_EXIT"", ""W_EXIT"", ""W_EXIT"", ""E_EXIT"", ""N_EXIT""], ""WEST"": [""S_EXIT"", ""E_EXIT"", ""E_EXIT"", ""S_EXIT"", ""S_EXIT""]}"
77,40077,1,normal_balanced,Scenario 1: Normal balanced,train_test,,0,,0,0,20,5,5,5,5,"{""EAST"": [0, 4, 8, 12, 16], ""NORTH"": [0, 4, 8, 12, 16], ""SOUTH"": [0, 4, 8, 12, 16], ""WEST"": [0, 4, 8, 12, 16]}","{""EAST"": [""S_EXIT"", ""N_EXIT"", ""W_EXIT"", ""N_EXIT"", ""W_EXIT""], ""NORTH"": [""E_EXIT"", ""W_EXIT"", ""S_EXIT"", ""S_EXIT"", ""W_EXIT""], ""SOUTH"": [""W_EXIT"", ""N_EXIT"", ""E_EXIT"", ""E_EXIT"", ""N_EXIT""], ""WEST"": [""N_EXIT"", ""E_EXIT"", ""S_EXIT"", ""S_EXIT"", ""E_EXIT""]}"
78,40078,1,normal_balanced,Scenario 1: Normal balanced,train_test,,0,,0,0,20,5,5,5,5,"{""EAST"": [0, 4, 8, 12, 16], ""NORTH"": [0, 4, 8, 12, 16], ""SOUTH"": [0, 4, 8, 12, 16], ""WEST"": [0, 4, 8, 12, 16]}","{""EAST"": [""N_EXIT"", ""W_EXIT"", ""S_EXIT"", ""W_EXIT"", ""N_EXIT""], ""NORTH"": [""S_EXIT"", ""E_EXIT"", ""S_EXIT"", ""S_EXIT"", ""E_EXIT""], ""SOUTH"": [""W_EXIT"", ""E_EXIT"", ""N_EXIT"", ""W_EXIT"", ""W_EXIT""], ""WEST"": [""S_EXIT"", ""N_EXIT"", ""E_EXIT"", ""N_EXIT"", ""E_EXIT""]}"
79,40079,1,normal_balanced,Scenario 1: Normal balanced,train_test,,0,,0,0,20,5,5,5,5,"{""EAST"": [0, 4, 8, 12, 16], ""NORTH"": [0, 4, 8, 12, 16], ""SOUTH"": [0, 4, 8, 12, 16], ""WEST"": [0, 4, 8, 12, 16]}","{""EAST"": [""N_EXIT"", ""W_EXIT"", ""N_EXIT"", ""S_EXIT"", ""W_EXIT""], ""NORTH"": [""S_EXIT"", ""E_EXIT"", ""W_EXIT"", ""E_EXIT"", ""S_EXIT""], ""SOUTH"": [""W_EXIT"", ""E_EXIT"", ""W_EXIT"", ""E_EXIT"", ""E_EXIT""], ""WEST"": [""S_EXIT"", ""N_EXIT"", ""N_EXIT"", ""S_EXIT"", ""N_EXIT""]}"
80,40080,1,normal_balanced,Scenario 1: Normal balanced,train_test,,0,,0,0,20,5,5,5,5,"{""EAST"": [0, 4, 8, 12, 16], ""NORTH"": [0, 4, 8, 12, 16], ""SOUTH"": [0, 4, 8, 12, 16], ""WEST"": [0, 4, 8, 12, 16]}","{""EAST"": [""W_EXIT"", ""N_EXIT"", ""W_EXIT"", ""N_EXIT"", ""W_EXIT""], ""NORTH"": [""S_EXIT"", ""S_EXIT"", ""W_EXIT"", ""E_EXIT"", ""W_EXIT""], ""SOUTH"": [""E_EXIT"", ""N_EXIT"", ""E_EXIT"", ""N_EXIT"", ""N_EXIT""], ""WEST"": [""E_EXIT"", ""S_EXIT"", ""S_EXIT"", ""S_EXIT"", ""E_EXIT""]}"
81,40081,1,normal_balanced,Scenario 1: Normal balanced,train_test,,0,,0,0,20,5,5,5,5,"{""EAST"": [0, 4, 8, 12, 16], ""NORTH"": [0, 4, 8, 12, 16], ""SOUTH"": [0, 4, 8, 12, 16], ""WEST"": [0, 4, 8, 12, 16]}","{""EAST"": [""S_EXIT"", ""N_EXIT"", ""S_EXIT"", ""N_EXIT"", ""W_EXIT""], ""NORTH"": [""E_EXIT"", ""E_EXIT"", ""S_EXIT"", ""E_EXIT"", ""W_EXIT""], ""SOUTH"": [""W_EXIT"", ""N_EXIT"", ""W_EXIT"", ""W_EXIT"", ""N_EXIT""], ""WEST"": [""S_EXIT"", ""E_EXIT"", ""E_EXIT"", ""S_EXIT"", ""N_EXIT""]}"
82,40082,1,normal_balanced,Scenario 1: Normal balanced,train_test,,0,,0,0,20,5,5,5,5,"{""EAST"": [0, 4, 8, 12, 16], ""NORTH"": [0, 4, 8, 12, 16], ""SOUTH"": [0, 4, 8, 12, 16], ""WEST"": [0, 4, 8, 12, 16]}","{""EAST"": [""S_EXIT"", ""S_EXIT"", ""W_EXIT"", ""W_EXIT"", ""W_EXIT""], ""NORTH"": [""W_EXIT"", ""E_EXIT"", ""W_EXIT"", ""E_EXIT"", ""S_EXIT""], ""SOUTH"": [""N_EXIT"", ""E_EXIT"", ""N_EXIT"", ""N_EXIT"", ""E_EXIT""], ""WEST"": [""S_EXIT"", ""N_EXIT"", ""S_EXIT"", ""N_EXIT"", ""E_EXIT""]}"
83,40083,1,normal_balanced,Scenario 1: Normal balanced,train_test,,0,,0,0,20,5,5,5,5,"{""EAST"": [0, 4, 8, 12, 16], ""NORTH"": [0, 4, 8, 12, 16], ""SOUTH"": [0, 4, 8, 12, 16], ""WEST"": [0, 4, 8, 12, 16]}","{""EAST"": [""S_EXIT"", ""W_EXIT"", ""N_EXIT"", ""W_EXIT"", ""S_EXIT""], ""NORTH"": [""E_EXIT"", ""E_EXIT"", ""W_EXIT"", ""S_EXIT"", ""S_EXIT""], ""SOUTH"": [""W_EXIT"", ""W_EXIT"", ""E_EXIT"", ""N_EXIT"", ""E_EXIT""], ""WEST"": [""N_EXIT"", ""S_EXIT"", ""N_EXIT"", ""N_EXIT"", ""E_EXIT""]}"
84,40084,1,normal_balanced,Scenario 1: Normal balanced,train_test,,0,,0,0,20,5,5,5,5,"{""EAST"": [0, 4, 8, 12, 16], ""NORTH"": [0, 4, 8, 12, 16], ""SOUTH"": [0, 4, 8, 12, 16], ""WEST"": [0, 4, 8, 12, 16]}","{""EAST"": [""W_EXIT"", ""N_EXIT"", ""W_EXIT"", ""W_EXIT"", ""N_EXIT""], ""NORTH"": [""S_EXIT"", ""W_EXIT"", ""S_EXIT"", ""E_EXIT"", ""E_EXIT""], ""SOUTH"": [""E_EXIT"", ""E_EXIT"", ""N_EXIT"", ""E_EXIT"", ""W_EXIT""], ""WEST"": [""S_EXIT"", ""N_EXIT"", ""N_EXIT"", ""S_EXIT"", ""S_EXIT""]}"
85,40085,1,normal_balanced,Scenario 1: Normal balanced,train_test,,0,,0,0,20,5,5,5,5,"{""EAST"": [0, 4, 8, 12, 16], ""NORTH"": [0, 4, 8, 12, 16], ""SOUTH"": [0, 4, 8, 12, 16], ""WEST"": [0, 4, 8, 12, 16]}","{""EAST"": [""N_EXIT"", ""S_EXIT"", ""N_EXIT"", ""W_EXIT"", ""N_EXIT""], ""NORTH"": [""W_EXIT"", ""W_EXIT"", ""S_EXIT"", ""W_EXIT"", ""S_EXIT""], ""SOUTH"": [""E_EXIT"", ""E_EXIT"", ""E_EXIT"", ""W_EXIT"", ""N_EXIT""], ""WEST"": [""S_EXIT"", ""E_EXIT"", ""N_EXIT"", ""S_EXIT"", ""E_EXIT""]}"
86,40086,1,normal_balanced,Scenario 1: Normal balanced,train_test,,0,,0,0,20,5,5,5,5,"{""EAST"": [0, 4, 8, 12, 16], ""NORTH"": [0, 4, 8, 12, 16], ""SOUTH"": [0, 4, 8, 12, 16], ""WEST"": [0, 4, 8, 12, 16]}","{""EAST"": [""S_EXIT"", ""S_EXIT"", ""N_EXIT"", ""W_EXIT"", ""N_EXIT""], ""NORTH"": [""W_EXIT"", ""W_EXIT"", ""W_EXIT"", ""S_EXIT"", ""S_EXIT""], ""SOUTH"": [""E_EXIT"", ""E_EXIT"", ""N_EXIT"", ""W_EXIT"", ""E_EXIT""], ""WEST"": [""N_EXIT"", ""N_EXIT"", ""S_EXIT"", ""E_EXIT"", ""E_EXIT""]}"
87,40087,1,normal_balanced,Scenario 1: Normal balanced,train_test,,0,,0,0,20,5,5,5,5,"{""EAST"": [0, 4, 8, 12, 16], ""NORTH"": [0, 4, 8, 12, 16], ""SOUTH"": [0, 4, 8, 12, 16], ""WEST"": [0, 4, 8, 12, 16]}","{""EAST"": [""N_EXIT"", ""N_EXIT"", ""S_EXIT"", ""W_EXIT"", ""S_EXIT""], ""NORTH"": [""W_EXIT"", ""S_EXIT"", ""E_EXIT"", ""W_EXIT"", ""E_EXIT""], ""SOUTH"": [""W_EXIT"", ""E_EXIT"", ""W_EXIT"", ""N_EXIT"", ""N_EXIT""], ""WEST"": [""E_EXIT"", ""S_EXIT"", ""N_EXIT"", ""E_EXIT"", ""S_EXIT""]}"
88,40088,1,normal_balanced,Scenario 1: Normal balanced,train_test,,0,,0,0,20,5,5,5,5,"{""EAST"": [0, 4, 8, 12, 16], ""NORTH"": [0, 4, 8, 12, 16], ""SOUTH"": [0, 4, 8, 12, 16], ""WEST"": [0, 4, 8, 12, 16]}","{""EAST"": [""S_EXIT"", ""N_EXIT"", ""S_EXIT"", ""S_EXIT"", ""W_EXIT""], ""NORTH"": [""W_EXIT"", ""E_EXIT"", ""S_EXIT"", ""W_EXIT"", ""W_EXIT""], ""SOUTH"": [""E_EXIT"", ""W_EXIT"", ""E_EXIT"", ""N_EXIT"", ""N_EXIT""], ""WEST"": [""N_EXIT"", ""E_EXIT"", ""N_EXIT"", ""E_EXIT"", ""S_EXIT""]}"
89,40089,1,normal_balanced,Scenario 1: Normal balanced,train_test,,0,,0,0,20,5,5,5,5,"{""EAST"": [0, 4, 8, 12, 16], ""NORTH"": [0, 4, 8, 12, 16], ""SOUTH"": [0, 4, 8, 12, 16], ""WEST"": [0, 4, 8, 12, 16]}","{""EAST"": [""S_EXIT"", ""W_EXIT"", ""S_EXIT"", ""W_EXIT"", ""N_EXIT""], ""NORTH"": [""W_EXIT"", ""S_EXIT"", ""E_EXIT"", ""E_EXIT"", ""S_EXIT""], ""SOUTH"": [""E_EXIT"", ""W_EXIT"", ""E_EXIT"", ""N_EXIT"", ""W_EXIT""], ""WEST"": [""S_EXIT"", ""N_EXIT"", ""N_EXIT"", ""E_EXIT"", ""N_EXIT""]}"
90,40090,1,normal_balanced,Scenario 1: Normal balanced,train_test,,0,,0,0,20,5,5,5,5,"{""EAST"": [0, 4, 8, 12, 16], ""NORTH"": [0, 4, 8, 12, 16], ""SOUTH"": [0, 4, 8, 12, 16], ""WEST"": [0, 4, 8, 12, 16]}","{""EAST"": [""W_EXIT"", ""S_EXIT"", ""S_EXIT"", ""W_EXIT"", ""N_EXIT""], ""NORTH"": [""W_EXIT"", ""S_EXIT"", ""S_EXIT"", ""W_EXIT"", ""W_EXIT""], ""SOUTH"": [""N_EXIT"", ""E_EXIT"", ""E_EXIT"", ""E_EXIT"", ""E_EXIT""], ""WEST"": [""E_EXIT"", ""S_EXIT"", ""N_EXIT"", ""N_EXIT"", ""N_EXIT""]}"
91,40091,1,normal_balanced,Scenario 1: Normal balanced,train_test,,0,,0,0,20,5,5,5,5,"{""EAST"": [0, 4, 8, 12, 16], ""NORTH"": [0, 4, 8, 12, 16], ""SOUTH"": [0, 4, 8, 12, 16], ""WEST"": [0, 4, 8, 12, 16]}","{""EAST"": [""W_EXIT"", ""W_EXIT"", ""N_EXIT"", ""N_EXIT"", ""W_EXIT""], ""NORTH"": [""E_EXIT"", ""S_EXIT"", ""S_EXIT"", ""W_EXIT"", ""S_EXIT""], ""SOUTH"": [""N_EXIT"", ""N_EXIT"", ""N_EXIT"", ""W_EXIT"", ""E_EXIT""], ""WEST"": [""E_EXIT"", ""E_EXIT"", ""S_EXIT"", ""S_EXIT"", ""E_EXIT""]}"
92,40092,1,normal_balanced,Scenario 1: Normal balanced,train_test,,0,,0,0,20,5,5,5,5,"{""EAST"": [0, 4, 8, 12, 16], ""NORTH"": [0, 4, 8, 12, 16], ""SOUTH"": [0, 4, 8, 12, 16], ""WEST"": [0, 4, 8, 12, 16]}","{""EAST"": [""S_EXIT"", ""N_EXIT"", ""W_EXIT"", ""N_EXIT"", ""N_EXIT""], ""NORTH"": [""W_EXIT"", ""E_EXIT"", ""E_EXIT"", ""E_EXIT"", ""W_EXIT""], ""SOUTH"": [""N_EXIT"", ""W_EXIT"", ""N_EXIT"", ""E_EXIT"", ""W_EXIT""], ""WEST"": [""E_EXIT"", ""S_EXIT"", ""S_EXIT"", ""S_EXIT"", ""S_EXIT""]}"
93,40093,1,normal_balanced,Scenario 1: Normal balanced,train_test,,0,,0,0,20,5,5,5,5,"{""EAST"": [0, 4, 8, 12, 16], ""NORTH"": [0, 4, 8, 12, 16], ""SOUTH"": [0, 4, 8, 12, 16], ""WEST"": [0, 4, 8, 12, 16]}","{""EAST"": [""S_EXIT"", ""N_EXIT"", ""S_EXIT"", ""W_EXIT"", ""S_EXIT""], ""NORTH"": [""W_EXIT"", ""S_EXIT"", ""E_EXIT"", ""W_EXIT"", ""W_EXIT""], ""SOUTH"": [""W_EXIT"", ""N_EXIT"", ""E_EXIT"", ""E_EXIT"", ""N_EXIT""], ""WEST"": [""E_EXIT"", ""N_EXIT"", ""E_EXIT"", ""S_EXIT"", ""N_EXIT""]}"
94,40094,1,normal_balanced,Scenario 1: Normal balanced,train_test,,0,,0,0,20,5,5,5,5,"{""EAST"": [0, 4, 8, 12, 16], ""NORTH"": [0, 4, 8, 12, 16], ""SOUTH"": [0, 4, 8, 12, 16], ""WEST"": [0, 4, 8, 12, 16]}","{""EAST"": [""W_EXIT"", ""S_EXIT"", ""W_EXIT"", ""N_EXIT"", ""W_EXIT""], ""NORTH"": [""E_EXIT"", ""S_EXIT"", ""S_EXIT"", ""S_EXIT"", ""E_EXIT""], ""SOUTH"": [""W_EXIT"", ""N_EXIT"", ""N_EXIT"", ""W_EXIT"", ""N_EXIT""], ""WEST"": [""S_EXIT"", ""E_EXIT"", ""E_EXIT"", ""N_EXIT"", ""E_EXIT""]}"
95,40095,1,normal_balanced,Scenario 1: Normal balanced,train_test,,0,,0,0,20,5,5,5,5,"{""EAST"": [0, 4, 8, 12, 16], ""NORTH"": [0, 4, 8, 12, 16], ""SOUTH"": [0, 4, 8, 12, 16], ""WEST"": [0, 4, 8, 12, 16]}","{""EAST"": [""W_EXIT"", ""N_EXIT"", ""W_EXIT"", ""W_EXIT"", ""S_EXIT""], ""NORTH"": [""S_EXIT"", ""E_EXIT"", ""E_EXIT"", ""S_EXIT"", ""W_EXIT""], ""SOUTH"": [""N_EXIT"", ""E_EXIT"", ""N_EXIT"", ""N_EXIT"", ""W_EXIT""], ""WEST"": [""S_EXIT"", ""E_EXIT"", ""N_EXIT"", ""E_EXIT"", ""S_EXIT""]}"
96,40096,1,normal_balanced,Scenario 1: Normal balanced,train_test,,0,,0,0,20,5,5,5,5,"{""EAST"": [0, 4, 8, 12, 16], ""NORTH"": [0, 4, 8, 12, 16], ""SOUTH"": [0, 4, 8, 12, 16], ""WEST"": [0, 4, 8, 12, 16]}","{""EAST"": [""W_EXIT"", ""W_EXIT"", ""S_EXIT"", ""N_EXIT"", ""W_EXIT""], ""NORTH"": [""W_EXIT"", ""E_EXIT"", ""S_EXIT"", ""E_EXIT"", ""S_EXIT""], ""SOUTH"": [""N_EXIT"", ""N_EXIT"", ""W_EXIT"", ""N_EXIT"", ""N_EXIT""], ""WEST"": [""S_EXIT"", ""E_EXIT"", ""S_EXIT"", ""E_EXIT"", ""E_EXIT""]}"
97,40097,1,normal_balanced,Scenario 1: Normal balanced,train_test,,0,,0,0,20,5,5,5,5,"{""EAST"": [0, 4, 8, 12, 16], ""NORTH"": [0, 4, 8, 12, 16], ""SOUTH"": [0, 4, 8, 12, 16], ""WEST"": [0, 4, 8, 12, 16]}","{""EAST"": [""S_EXIT"", ""W_EXIT"", ""S_EXIT"", ""W_EXIT"", ""N_EXIT""], ""NORTH"": [""W_EXIT"", ""S_EXIT"", ""E_EXIT"", ""W_EXIT"", ""S_EXIT""], ""SOUTH"": [""N_EXIT"", ""N_EXIT"", ""E_EXIT"", ""W_EXIT"", ""E_EXIT""], ""WEST"": [""E_EXIT"", ""N_EXIT"", ""E_EXIT"", ""N_EXIT"", ""S_EXIT""]}"
98,40098,1,normal_balanced,Scenario 1: Normal balanced,train_test,,0,,0,0,20,5,5,5,5,"{""EAST"": [0, 4, 8, 12, 16], ""NORTH"": [0, 4, 8, 12, 16], ""SOUTH"": [0, 4, 8, 12, 16], ""WEST"": [0, 4, 8, 12, 16]}","{""EAST"": [""W_EXIT"", ""S_EXIT"", ""W_EXIT"", ""W_EXIT"", ""N_EXIT""], ""NORTH"": [""E_EXIT"", ""W_EXIT"", ""E_EXIT"", ""W_EXIT"", ""S_EXIT""], ""SOUTH"": [""N_EXIT"", ""E_EXIT"", ""N_EXIT"", ""E_EXIT"", ""E_EXIT""], ""WEST"": [""N_EXIT"", ""S_EXIT"", ""S_EXIT"", ""S_EXIT"", ""N_EXIT""]}"
99,40099,1,normal_balanced,Scenario 1: Normal balanced,train_test,,0,,0,0,20,5,5,5,5,"{""EAST"": [0, 4, 8, 12, 16], ""NORTH"": [0, 4, 8, 12, 16], ""SOUTH"": [0, 4, 8, 12, 16], ""WEST"": [0, 4, 8, 12, 16]}","{""EAST"": [""W_EXIT"", ""S_EXIT"", ""S_EXIT"", ""N_EXIT"", ""S_EXIT""], ""NORTH"": [""S_EXIT"", ""W_EXIT"", ""W_EXIT"", ""W_EXIT"", ""S_EXIT""], ""SOUTH"": [""N_EXIT"", ""E_EXIT"", ""N_EXIT"", ""E_EXIT"", ""W_EXIT""], ""WEST"": [""E_EXIT"", ""N_EXIT"", ""E_EXIT"", ""E_EXIT"", ""N_EXIT""]}"
100,40100,2,arrival_burst,Scenario 2: Arrival burst,train_test,,0,,0,10,20,5,5,5,5,"{""EAST"": [2, 2, 2, 3, 7], ""NORTH"": [1, 2, 2, 4, 7], ""SOUTH"": [0, 0, 4, 6, 7], ""WEST"": [1, 1, 3, 3, 8]}","{""EAST"": [""W_EXIT"", ""S_EXIT"", ""N_EXIT"", ""N_EXIT"", ""S_EXIT""], ""NORTH"": [""W_EXIT"", ""E_EXIT"", ""W_EXIT"", ""S_EXIT"", ""S_EXIT""], ""SOUTH"": [""W_EXIT"", ""E_EXIT"", ""E_EXIT"", ""N_EXIT"", ""W_EXIT""], ""WEST"": [""N_EXIT"", ""E_EXIT"", ""S_EXIT"", ""E_EXIT"", ""N_EXIT""]}"
101,40101,2,arrival_burst,Scenario 2: Arrival burst,train_test,,0,,0,10,20,5,5,5,5,"{""EAST"": [1, 1, 1, 6, 8], ""NORTH"": [0, 0, 3, 3, 8], ""SOUTH"": [0, 2, 5, 6, 7], ""WEST"": [1, 2, 2, 6, 8]}","{""EAST"": [""W_EXIT"", ""W_EXIT"", ""S_EXIT"", ""N_EXIT"", ""S_EXIT""], ""NORTH"": [""S_EXIT"", ""S_EXIT"", ""W_EXIT"", ""W_EXIT"", ""E_EXIT""], ""SOUTH"": [""N_EXIT"", ""W_EXIT"", ""N_EXIT"", ""E_EXIT"", ""E_EXIT""], ""WEST"": [""E_EXIT"", ""S_EXIT"", ""E_EXIT"", ""N_EXIT"", ""N_EXIT""]}"
102,40102,2,arrival_burst,Scenario 2: Arrival burst,train_test,,0,,0,10,20,5,5,5,5,"{""EAST"": [2, 3, 3, 6, 7], ""NORTH"": [1, 1, 2, 3, 8], ""SOUTH"": [0, 1, 2, 2, 3], ""WEST"": [1, 2, 4, 5, 6]}","{""EAST"": [""N_EXIT"", ""S_EXIT"", ""W_EXIT"", ""N_EXIT"", ""S_EXIT""], ""NORTH"": [""S_EXIT"", ""W_EXIT"", ""S_EXIT"", ""W_EXIT"", ""E_EXIT""], ""SOUTH"": [""W_EXIT"", ""N_EXIT"", ""N_EXIT"", ""N_EXIT"", ""W_EXIT""], ""WEST"": [""E_EXIT"", ""E_EXIT"", ""E_EXIT"", ""S_EXIT"", ""E_EXIT""]}"
103,40103,2,arrival_burst,Scenario 2: Arrival burst,train_test,,0,,0,10,20,5,5,5,5,"{""EAST"": [1, 2, 3, 4, 7], ""NORTH"": [0, 1, 1, 5, 7], ""SOUTH"": [0, 3, 4, 5, 7], ""WEST"": [0, 0, 1, 2, 8]}","{""EAST"": [""S_EXIT"", ""W_EXIT"", ""W_EXIT"", ""S_EXIT"", ""S_EXIT""], ""NORTH"": [""E_EXIT"", ""E_EXIT"", ""W_EXIT"", ""E_EXIT"", ""W_EXIT""], ""SOUTH"": [""N_EXIT"", ""N_EXIT"", ""E_EXIT"", ""N_EXIT"", ""W_EXIT""], ""WEST"": [""S_EXIT"", ""N_EXIT"", ""S_EXIT"", ""E_EXIT"", ""N_EXIT""]}"
104,40104,2,arrival_burst,Scenario 2: Arrival burst,train_test,,0,,0,10,20,5,5,5,5,"{""EAST"": [1, 2, 2, 3, 7], ""NORTH"": [0, 1, 1, 3, 4], ""SOUTH"": [0, 2, 6, 7, 7], ""WEST"": [1, 2, 3, 3, 6]}","{""EAST"": [""W_EXIT"", ""N_EXIT"", ""W_EXIT"", ""N_EXIT"", ""W_EXIT""], ""NORTH"": [""E_EXIT"", ""S_EXIT"", ""W_EXIT"", ""E_EXIT"", ""S_EXIT""], ""SOUTH"": [""N_EXIT"", ""E_EXIT"", ""W_EXIT"", ""E_EXIT"", ""N_EXIT""], ""WEST"": [""S_EXIT"", ""S_EXIT"", ""N_EXIT"", ""E_EXIT"", ""S_EXIT""]}"
105,40105,2,arrival_burst,Scenario 2: Arrival burst,train_test,,0,,0,10,20,5,5,5,5,"{""EAST"": [1, 2, 7, 7, 8], ""NORTH"": [1, 1, 1, 7, 7], ""SOUTH"": [0, 1, 6, 7, 8], ""WEST"": [0, 1, 2, 7, 8]}","{""EAST"": [""W_EXIT"", ""N_EXIT"", ""S_EXIT"", ""S_EXIT"", ""N_EXIT""], ""NORTH"": [""E_EXIT"", ""S_EXIT"", ""E_EXIT"", ""W_EXIT"", ""W_EXIT""], ""SOUTH"": [""N_EXIT"", ""W_EXIT"", ""W_EXIT"", ""E_EXIT"", ""N_EXIT""], ""WEST"": [""S_EXIT"", ""E_EXIT"", ""N_EXIT"", ""E_EXIT"", ""S_EXIT""]}"
106,40106,2,arrival_burst,Scenario 2: Arrival burst,train_test,,0,,0,10,20,5,5,5,5,"{""EAST"": [0, 0, 1, 1, 8], ""NORTH"": [0, 0, 2, 2, 3], ""SOUTH"": [2, 3, 6, 8, 8], ""WEST"": [2, 3, 4, 8, 8]}","{""EAST"": [""N_EXIT"", ""W_EXIT"", ""N_EXIT"", ""S_EXIT"", ""W_EXIT""], ""NORTH"": [""S_EXIT"", ""E_EXIT"", ""S_EXIT"", ""E_EXIT"", ""E_EXIT""], ""SOUTH"": [""E_EXIT"", ""W_EXIT"", ""N_EXIT"", ""W_EXIT"", ""W_EXIT""], ""WEST"": [""S_EXIT"", ""E_EXIT"", ""N_EXIT"", ""S_EXIT"", ""N_EXIT""]}"
107,40107,2,arrival_burst,Scenario 2: Arrival burst,train_test,,0,,0,10,20,5,5,5,5,"{""EAST"": [1, 2, 2, 3, 8], ""NORTH"": [0, 0, 1, 2, 2], ""SOUTH"": [1, 2, 3, 5, 8], ""WEST"": [3, 4, 7, 7, 8]}","{""EAST"": [""N_EXIT"", ""N_EXIT"", ""N_EXIT"", ""S_EXIT"", ""N_EXIT""], ""NORTH"": [""W_EXIT"", ""S_EXIT"", ""W_EXIT"", ""S_EXIT"", ""W_EXIT""], ""SOUTH"": [""E_EXIT"", ""W_EXIT"", ""E_EXIT"", ""N_EXIT"", ""W_EXIT""], ""WEST"": [""E_EXIT"", ""S_EXIT"", ""E_EXIT"", ""S_EXIT"", ""E_EXIT""]}"
108,40108,2,arrival_burst,Scenario 2: Arrival burst,train_test,,0,,0,10,20,5,5,5,5,"{""EAST"": [1, 1, 1, 2, 3], ""NORTH"": [1, 2, 3, 3, 7], ""SOUTH"": [1, 2, 3, 3, 6], ""WEST"": [0, 1, 4, 5, 7]}","{""EAST"": [""W_EXIT"", ""S_EXIT"", ""S_EXIT"", ""W_EXIT"", ""S_EXIT""], ""NORTH"": [""E_EXIT"", ""W_EXIT"", ""W_EXIT"", ""S_EXIT"", ""W_EXIT""], ""SOUTH"": [""N_EXIT"", ""E_EXIT"", ""N_EXIT"", ""N_EXIT"", ""E_EXIT""], ""WEST"": [""N_EXIT"", ""E_EXIT"", ""E_EXIT"", ""N_EXIT"", ""S_EXIT""]}"
109,40109,2,arrival_burst,Scenario 2: Arrival burst,train_test,,0,,0,10,20,5,5,5,5,"{""EAST"": [0, 0, 5, 6, 8], ""NORTH"": [1, 3, 3, 4, 8], ""SOUTH"": [0, 0, 1, 2, 2], ""WEST"": [1, 2, 3, 7, 7]}","{""EAST"": [""N_EXIT"", ""S_EXIT"", ""S_EXIT"", ""N_EXIT"", ""N_EXIT""], ""NORTH"": [""W_EXIT"", ""W_EXIT"", ""E_EXIT"", ""S_EXIT"", ""S_EXIT""], ""SOUTH"": [""W_EXIT"", ""W_EXIT"", ""E_EXIT"", ""E_EXIT"", ""W_EXIT""], ""WEST"": [""E_EXIT"", ""E_EXIT"", ""N_EXIT"", ""S_EXIT"", ""N_EXIT""]}"
110,40110,2,arrival_burst,Scenario 2: Arrival burst,train_test,,0,,0,10,20,5,5,5,5,"{""EAST"": [0, 1, 1, 2, 6], ""NORTH"": [0, 1, 1, 4, 8], ""SOUTH"": [1, 1, 4, 7, 8], ""WEST"": [2, 4, 7, 8, 8]}","{""EAST"": [""N_EXIT"", ""S_EXIT"", ""N_EXIT"", ""W_EXIT"", ""W_EXIT""], ""NORTH"": [""W_EXIT"", ""W_EXIT"", ""E_EXIT"", ""S_EXIT"", ""S_EXIT""], ""SOUTH"": [""E_EXIT"", ""N_EXIT"", ""W_EXIT"", ""N_EXIT"", ""E_EXIT""], ""WEST"": [""E_EXIT"", ""S_EXIT"", ""S_EXIT"", ""N_EXIT"", ""E_EXIT""]}"
111,40111,2,arrival_burst,Scenario 2: Arrival burst,train_test,,0,,0,10,20,5,5,5,5,"{""EAST"": [0, 0, 1, 3, 4], ""NORTH"": [2, 2, 2, 5, 7], ""SOUTH"": [0, 1, 1, 4, 4], ""WEST"": [0, 3, 6, 7, 8]}","{""EAST"": [""N_EXIT"", ""S_EXIT"", ""S_EXIT"", ""S_EXIT"", ""N_EXIT""], ""NORTH"": [""W_EXIT"", ""S_EXIT"", ""W_EXIT"", ""W_EXIT"", ""W_EXIT""], ""SOUTH"": [""E_EXIT"", ""W_EXIT"", ""N_EXIT"", ""N_EXIT"", ""E_EXIT""], ""WEST"": [""S_EXIT"", ""E_EXIT"", ""N_EXIT"", ""E_EXIT"", ""E_EXIT""]}"
112,40112,2,arrival_burst,Scenario 2: Arrival burst,train_test,,0,,0,10,20,5,5,5,5,"{""EAST"": [2, 3, 4, 5, 7], ""NORTH"": [0, 2, 2, 4, 4], ""SOUTH"": [0, 0, 1, 5, 6], ""WEST"": [0, 1, 2, 7, 8]}","{""EAST"": [""N_EXIT"", ""W_EXIT"", ""N_EXIT"", ""W_EXIT"", ""N_EXIT""], ""NORTH"": [""E_EXIT"", ""S_EXIT"", ""W_EXIT"", ""S_EXIT"", ""W_EXIT""], ""SOUTH"": [""N_EXIT"", ""E_EXIT"", ""E_EXIT"", ""E_EXIT"", ""W_EXIT""], ""WEST"": [""S_EXIT"", ""S_EXIT"", ""E_EXIT"", ""N_EXIT"", ""S_EXIT""]}"
113,40113,2,arrival_burst,Scenario 2: Arrival burst,train_test,,0,,0,10,20,5,5,5,5,"{""EAST"": [1, 1, 1, 4, 5], ""NORTH"": [0, 1, 2, 3, 5], ""SOUTH"": [6, 7, 7, 8, 8], ""WEST"": [1, 1, 2, 2, 8]}","{""EAST"": [""W_EXIT"", ""W_EXIT"", ""S_EXIT"", ""W_EXIT"", ""W_EXIT""], ""NORTH"": [""S_EXIT"", ""E_EXIT"", ""S_EXIT"", ""S_EXIT"", ""W_EXIT""], ""SOUTH"": [""N_EXIT"", ""E_EXIT"", ""E_EXIT"", ""N_EXIT"", ""N_EXIT""], ""WEST"": [""S_EXIT"", ""N_EXIT"", ""E_EXIT"", ""N_EXIT"", ""E_EXIT""]}"
114,40114,2,arrival_burst,Scenario 2: Arrival burst,train_test,,0,,0,10,20,5,5,5,5,"{""EAST"": [0, 2, 2, 2, 4], ""NORTH"": [0, 2, 2, 4, 6], ""SOUTH"": [0, 2, 5, 7, 7], ""WEST"": [1, 3, 3, 5, 6]}","{""EAST"": [""N_EXIT"", ""W_EXIT"", ""N_EXIT"", ""S_EXIT"", ""N_EXIT""], ""NORTH"": [""W_EXIT"", ""S_EXIT"", ""E_EXIT"", ""W_EXIT"", ""S_EXIT""], ""SOUTH"": [""E_EXIT"", ""W_EXIT"", ""E_EXIT"", ""W_EXIT"", ""E_EXIT""], ""WEST"": [""S_EXIT"", ""S_EXIT"", ""N_EXIT"", ""E_EXIT"", ""N_EXIT""]}"
115,40115,2,arrival_burst,Scenario 2: Arrival burst,train_test,,0,,0,10,20,5,5,5,5,"{""EAST"": [0, 0, 1, 1, 4], ""NORTH"": [0, 1, 2, 3, 3], ""SOUTH"": [2, 2, 4, 5, 7], ""WEST"": [1, 3, 4, 6, 8]}","{""EAST"": [""W_EXIT"", ""S_EXIT"", ""N_EXIT"", ""S_EXIT"", ""W_EXIT""], ""NORTH"": [""W_EXIT"", ""W_EXIT"", ""E_EXIT"", ""W_EXIT"", ""S_EXIT""], ""SOUTH"": [""E_EXIT"", ""E_EXIT"", ""N_EXIT"", ""E_EXIT"", ""N_EXIT""], ""WEST"": [""N_EXIT"", ""S_EXIT"", ""N_EXIT"", ""E_EXIT"", ""S_EXIT""]}"
116,40116,2,arrival_burst,Scenario 2: Arrival burst,train_test,,0,,0,10,20,5,5,5,5,"{""EAST"": [2, 2, 3, 4, 5], ""NORTH"": [1, 2, 2, 6, 8], ""SOUTH"": [2, 3, 3, 6, 8], ""WEST"": [0, 1, 1, 2, 3]}","{""EAST"": [""W_EXIT"", ""W_EXIT"", ""N_EXIT"", ""S_EXIT"", ""N_EXIT""], ""NORTH"": [""S_EXIT"", ""E_EXIT"", ""S_EXIT"", ""E_EXIT"", ""S_EXIT""], ""SOUTH"": [""W_EXIT"", ""W_EXIT"", ""N_EXIT"", ""W_EXIT"", ""E_EXIT""], ""WEST"": [""E_EXIT"", ""N_EXIT"", ""N_EXIT"", ""S_EXIT"", ""E_EXIT""]}"
117,40117,2,arrival_burst,Scenario 2: Arrival burst,train_test,,0,,0,10,20,5,5,5,5,"{""EAST"": [0, 3, 3, 6, 8], ""NORTH"": [1, 2, 3, 5, 6], ""SOUTH"": [1, 1, 1, 2, 8], ""WEST"": [1, 1, 1, 3, 4]}","{""EAST"": [""N_EXIT"", ""W_EXIT"", ""S_EXIT"", ""W_EXIT"", ""N_EXIT""], ""NORTH"": [""E_EXIT"", ""W_EXIT"", ""W_EXIT"", ""E_EXIT"", ""S_EXIT""], ""SOUTH"": [""E_EXIT"", ""N_EXIT"", ""N_EXIT"", ""W_EXIT"", ""E_EXIT""], ""WEST"": [""S_EXIT"", ""N_EXIT"", ""S_EXIT"", ""E_EXIT"", ""S_EXIT""]}"
118,40118,2,arrival_burst,Scenario 2: Arrival burst,train_test,,0,,0,10,20,5,5,5,5,"{""EAST"": [0, 2, 3, 5, 7], ""NORTH"": [0, 1, 1, 1, 5], ""SOUTH"": [0, 2, 4, 6, 7], ""WEST"": [1, 1, 3, 5, 5]}","{""EAST"": [""N_EXIT"", ""W_EXIT"", ""S_EXIT"", ""W_EXIT"", ""W_EXIT""], ""NORTH"": [""S_EXIT"", ""E_EXIT"", ""S_EXIT"", ""E_EXIT"", ""S_EXIT""], ""SOUTH"": [""W_EXIT"", ""W_EXIT"", ""N_EXIT"", ""N_EXIT"", ""N_EXIT""], ""WEST"": [""E_EXIT"", ""N_EXIT"", ""E_EXIT"", ""S_EXIT"", ""E_EXIT""]}"
119,40119,2,arrival_burst,Scenario 2: Arrival burst,train_test,,0,,0,10,20,5,5,5,5,"{""EAST"": [2, 3, 3, 4, 5], ""NORTH"": [0, 0, 2, 5, 8], ""SOUTH"": [0, 1, 2, 3, 5], ""WEST"": [1, 1, 2, 3, 5]}","{""EAST"": [""N_EXIT"", ""W_EXIT"", ""N_EXIT"", ""W_EXIT"", ""W_EXIT""], ""NORTH"": [""S_EXIT"", ""W_EXIT"", ""S_EXIT"", ""E_EXIT"", ""S_EXIT""], ""SOUTH"": [""W_EXIT"", ""E_EXIT"", ""E_EXIT"", ""E_EXIT"", ""N_EXIT""], ""WEST"": [""N_EXIT"", ""S_EXIT"", ""S_EXIT"", ""E_EXIT"", ""N_EXIT""]}"
120,40120,2,arrival_burst,Scenario 2: Arrival burst,train_test,,0,,0,10,20,5,5,5,5,"{""EAST"": [1, 1, 5, 5, 7], ""NORTH"": [0, 0, 1, 4, 6], ""SOUTH"": [0, 2, 3, 6, 7], ""WEST"": [0, 0, 1, 3, 6]}","{""EAST"": [""W_EXIT"", ""S_EXIT"", ""W_EXIT"", ""N_EXIT"", ""W_EXIT""], ""NORTH"": [""W_EXIT"", ""E_EXIT"", ""S_EXIT"", ""S_EXIT"", ""S_EXIT""], ""SOUTH"": [""N_EXIT"", ""E_EXIT"", ""N_EXIT"", ""N_EXIT"", ""W_EXIT""], ""WEST"": [""N_EXIT"", ""S_EXIT"", ""E_EXIT"", ""E_EXIT"", ""E_EXIT""]}"
121,40121,2,arrival_burst,Scenario 2: Arrival burst,train_test,,0,,0,10,20,5,5,5,5,"{""EAST"": [2, 2, 3, 3, 3], ""NORTH"": [0, 1, 2, 3, 8], ""SOUTH"": [0, 1, 1, 5, 6], ""WEST"": [2, 2, 5, 7, 8]}","{""EAST"": [""N_EXIT"", ""S_EXIT"", ""W_EXIT"", ""S_EXIT"", ""N_EXIT""], ""NORTH"": [""W_EXIT"", ""S_EXIT"", ""S_EXIT"", ""W_EXIT"", ""E_EXIT""], ""SOUTH"": [""W_EXIT"", ""E_EXIT"", ""E_EXIT"", ""W_EXIT"", ""N_EXIT""], ""WEST"": [""E_EXIT"", ""S_EXIT"", ""N_EXIT"", ""N_EXIT"", ""E_EXIT""]}"
122,40122,2,arrival_burst,Scenario 2: Arrival burst,train_test,,0,,0,10,20,5,5,5,5,"{""EAST"": [1, 2, 4, 7, 7], ""NORTH"": [0, 2, 4, 5, 6], ""SOUTH"": [0, 1, 5, 5, 6], ""WEST"": [0, 1, 2, 2, 6]}","{""EAST"": [""S_EXIT"", ""W_EXIT"", ""N_EXIT"", ""W_EXIT"", ""S_EXIT""], ""NORTH"": [""S_EXIT"", ""E_EXIT"", ""W_EXIT"", ""W_EXIT"", ""S_EXIT""], ""SOUTH"": [""W_EXIT"", ""N_EXIT"", ""E_EXIT"", ""E_EXIT"", ""N_EXIT""], ""WEST"": [""N_EXIT"", ""E_EXIT"", ""E_EXIT"", ""N_EXIT"", ""S_EXIT""]}"
123,40123,2,arrival_burst,Scenario 2: Arrival burst,train_test,,0,,0,10,20,5,5,5,5,"{""EAST"": [3, 7, 7, 8, 8], ""NORTH"": [0, 1, 2, 3, 5], ""SOUTH"": [0, 1, 2, 2, 7], ""WEST"": [0, 2, 2, 4, 7]}","{""EAST"": [""W_EXIT"", ""N_EXIT"", ""W_EXIT"", ""S_EXIT"", ""S_EXIT""], ""NORTH"": [""W_EXIT"", ""E_EXIT"", ""S_EXIT"", ""E_EXIT"", ""W_EXIT""], ""SOUTH"": [""N_EXIT"", ""N_EXIT"", ""E_EXIT"", ""W_EXIT"", ""N_EXIT""], ""WEST"": [""E_EXIT"", ""S_EXIT"", ""S_EXIT"", ""N_EXIT"", ""E_EXIT""]}"
124,40124,2,arrival_burst,Scenario 2: Arrival burst,train_test,,0,,0,10,20,5,5,5,5,"{""EAST"": [0, 0, 1, 6, 8], ""NORTH"": [0, 2, 3, 7, 8], ""SOUTH"": [1, 1, 4, 6, 8], ""WEST"": [0, 0, 2, 4, 7]}","{""EAST"": [""N_EXIT"", ""N_EXIT"", ""W_EXIT"", ""N_EXIT"", ""S_EXIT""], ""NORTH"": [""W_EXIT"", ""S_EXIT"", ""E_EXIT"", ""S_EXIT"", ""W_EXIT""], ""SOUTH"": [""E_EXIT"", ""W_EXIT"", ""N_EXIT"", ""W_EXIT"", ""E_EXIT""], ""WEST"": [""S_EXIT"", ""E_EXIT"", ""E_EXIT"", ""N_EXIT"", ""S_EXIT""]}"
125,40125,2,arrival_burst,Scenario 2: Arrival burst,train_test,,0,,0,10,20,5,5,5,5,"{""EAST"": [1, 3, 4, 7, 8], ""NORTH"": [0, 0, 1, 4, 8], ""SOUTH"": [0, 0, 0, 2, 6], ""WEST"": [0, 1, 3, 5, 7]}","{""EAST"": [""S_EXIT"", ""W_EXIT"", ""N_EXIT"", ""W_EXIT"", ""S_EXIT""], ""NORTH"": [""W_EXIT"", ""E_EXIT"", ""S_EXIT"", ""W_EXIT"", ""E_EXIT""], ""SOUTH"": [""W_EXIT"", ""N_EXIT"", ""N_EXIT"", ""E_EXIT"", ""N_EXIT""], ""WEST"": [""E_EXIT"", ""S_EXIT"", ""S_EXIT"", ""N_EXIT"", ""E_EXIT""]}"
126,40126,2,arrival_burst,Scenario 2: Arrival burst,train_test,,0,,0,10,20,5,5,5,5,"{""EAST"": [0, 1, 1, 3, 6], ""NORTH"": [1, 2, 4, 5, 6], ""SOUTH"": [0, 2, 6, 6, 8], ""WEST"": [1, 2, 2, 6, 8]}","{""EAST"": [""N_EXIT"", ""S_EXIT"", ""N_EXIT"", ""S_EXIT"", ""S_EXIT""], ""NORTH"": [""W_EXIT"", ""S_EXIT"", ""S_EXIT"", ""W_EXIT"", ""E_EXIT""], ""SOUTH"": [""W_EXIT"", ""N_EXIT"", ""E_EXIT"", ""W_EXIT"", ""W_EXIT""], ""WEST"": [""E_EXIT"", ""E_EXIT"", ""E_EXIT"", ""N_EXIT"", ""N_EXIT""]}"
127,40127,2,arrival_burst,Scenario 2: Arrival burst,train_test,,0,,0,10,20,5,5,5,5,"{""EAST"": [2, 2, 2, 2, 5], ""NORTH"": [2, 2, 3, 4, 5], ""SOUTH"": [2, 3, 4, 4, 7], ""WEST"": [0, 0, 0, 4, 5]}","{""EAST"": [""N_EXIT"", ""W_EXIT"", ""N_EXIT"", ""W_EXIT"", ""S_EXIT""], ""NORTH"": [""S_EXIT"", ""E_EXIT"", ""W_EXIT"", ""W_EXIT"", ""E_EXIT""], ""SOUTH"": [""E_EXIT"", ""W_EXIT"", ""N_EXIT"", ""E_EXIT"", ""N_EXIT""], ""WEST"": [""S_EXIT"", ""N_EXIT"", ""E_EXIT"", ""S_EXIT"", ""S_EXIT""]}"
128,40128,2,arrival_burst,Scenario 2: Arrival burst,train_test,,0,,0,10,20,5,5,5,5,"{""EAST"": [1, 1, 7, 8, 8], ""NORTH"": [0, 2, 5, 6, 8], ""SOUTH"": [1, 1, 2, 2, 8], ""WEST"": [0, 2, 4, 8, 8]}","{""EAST"": [""N_EXIT"", ""S_EXIT"", ""N_EXIT"", ""S_EXIT"", ""N_EXIT""], ""NORTH"": [""S_EXIT"", ""W_EXIT"", ""W_EXIT"", ""E_EXIT"", ""S_EXIT""], ""SOUTH"": [""E_EXIT"", ""W_EXIT"", ""E_EXIT"", ""W_EXIT"", ""W_EXIT""], ""WEST"": [""E_EXIT"", ""N_EXIT"", ""E_EXIT"", ""N_EXIT"", ""S_EXIT""]}"
129,40129,2,arrival_burst,Scenario 2: Arrival burst,train_test,,0,,0,10,20,5,5,5,5,"{""EAST"": [1, 4, 4, 6, 8], ""NORTH"": [0, 1, 1, 6, 8], ""SOUTH"": [0, 1, 2, 8, 8], ""WEST"": [0, 0, 1, 4, 4]}","{""EAST"": [""N_EXIT"", ""W_EXIT"", ""W_EXIT"", ""S_EXIT"", ""W_EXIT""], ""NORTH"": [""S_EXIT"", ""E_EXIT"", ""W_EXIT"", ""S_EXIT"", ""W_EXIT""], ""SOUTH"": [""E_EXIT"", ""N_EXIT"", ""N_EXIT"", ""N_EXIT"", ""N_EXIT""], ""WEST"": [""S_EXIT"", ""E_EXIT"", ""S_EXIT"", ""E_EXIT"", ""E_EXIT""]}"
130,40130,2,arrival_burst,Scenario 2: Arrival burst,train_test,,0,,0,10,20,5,5,5,5,"{""EAST"": [0, 0, 1, 4, 7], ""NORTH"": [2, 2, 2, 2, 8], ""SOUTH"": [2, 3, 7, 8, 8], ""WEST"": [0, 2, 5, 5, 8]}","{""EAST"": [""W_EXIT"", ""S_EXIT"", ""N_EXIT"", ""W_EXIT"", ""N_EXIT""], ""NORTH"": [""E_EXIT"", ""S_EXIT"", ""S_EXIT"", ""W_EXIT"", ""S_EXIT""], ""SOUTH"": [""N_EXIT"", ""W_EXIT"", ""E_EXIT"", ""N_EXIT"", ""W_EXIT""], ""WEST"": [""S_EXIT"", ""E_EXIT"", ""N_EXIT"", ""E_EXIT"", ""E_EXIT""]}"
131,40131,2,arrival_burst,Scenario 2: Arrival burst,train_test,,0,,0,10,20,5,5,5,5,"{""EAST"": [1, 2, 3, 7, 7], ""NORTH"": [0, 0, 1, 2, 7], ""SOUTH"": [2, 4, 6, 8, 8], ""WEST"": [1, 2, 2, 5, 6]}","{""EAST"": [""S_EXIT"", ""N_EXIT"", ""W_EXIT"", ""S_EXIT"", ""W_EXIT""], ""NORTH"": [""S_EXIT"", ""W_EXIT"", ""W_EXIT"", ""S_EXIT"", ""E_EXIT""], ""SOUTH"": [""E_EXIT"", ""E_EXIT"", ""W_EXIT"", ""N_EXIT"", ""E_EXIT""], ""WEST"": [""N_EXIT"", ""N_EXIT"", ""E_EXIT"", ""S_EXIT"", ""N_EXIT""]}"
132,40132,2,arrival_burst,Scenario 2: Arrival burst,train_test,,0,,0,10,20,5,5,5,5,"{""EAST"": [0, 2, 2, 6, 8], ""NORTH"": [0, 2, 3, 8, 8], ""SOUTH"": [1, 2, 2, 8, 8], ""WEST"": [0, 1, 3, 8, 8]}","{""EAST"": [""N_EXIT"", ""W_EXIT"", ""S_EXIT"", ""S_EXIT"", ""N_EXIT""], ""NORTH"": [""S_EXIT"", ""E_EXIT"", ""W_EXIT"", ""S_EXIT"", ""E_EXIT""], ""SOUTH"": [""W_EXIT"", ""W_EXIT"", ""E_EXIT"", ""E_EXIT"", ""W_EXIT""], ""WEST"": [""E_EXIT"", ""S_EXIT"", ""N_EXIT"", ""N_EXIT"", ""N_EXIT""]}"
133,40133,2,arrival_burst,Scenario 2: Arrival burst,train_test,,0,,0,10,20,5,5,5,5,"{""EAST"": [1, 2, 2, 7, 8], ""NORTH"": [0, 1, 2, 2, 6], ""SOUTH"": [0, 1, 3, 6, 7], ""WEST"": [2, 3, 3, 3, 8]}","{""EAST"": [""W_EXIT"", ""W_EXIT"", ""S_EXIT"", ""W_EXIT"", ""N_EXIT""], ""NORTH"": [""S_EXIT"", ""E_EXIT"", ""W_EXIT"", ""S_EXIT"", ""S_EXIT""], ""SOUTH"": [""N_EXIT"", ""N_EXIT"", ""E_EXIT"", ""E_EXIT"", ""W_EXIT""], ""WEST"": [""E_EXIT"", ""N_EXIT"", ""S_EXIT"", ""E_EXIT"", ""N_EXIT""]}"
134,40134,2,arrival_burst,Scenario 2: Arrival burst,train_test,,0,,0,10,20,5,5,5,5,"{""EAST"": [1, 5, 5, 5, 6], ""NORTH"": [0, 1, 1, 2, 3], ""SOUTH"": [1, 2, 6, 7, 8], ""WEST"": [1, 1, 1, 4, 5]}","{""EAST"": [""S_EXIT"", ""N_EXIT"", ""W_EXIT"", ""S_EXIT"", ""S_EXIT""], ""NORTH"": [""W_EXIT"", ""E_EXIT"", ""S_EXIT"", ""W_EXIT"", ""E_EXIT""], ""SOUTH"": [""N_EXIT"", ""N_EXIT"", ""W_EXIT"", ""N_EXIT"", ""W_EXIT""], ""WEST"": [""E_EXIT"", ""S_EXIT"", ""E_EXIT"", ""N_EXIT"", ""E_EXIT""]}"
135,40135,2,arrival_burst,Scenario 2: Arrival burst,train_test,,0,,0,10,20,5,5,5,5,"{""EAST"": [0, 0, 1, 8, 8], ""NORTH"": [0, 0, 2, 3, 6], ""SOUTH"": [1, 2, 4, 5, 7], ""WEST"": [0, 1, 3, 5, 8]}","{""EAST"": [""N_EXIT"", ""S_EXIT"", ""W_EXIT"", ""N_EXIT"", ""N_EXIT""], ""NORTH"": [""E_EXIT"", ""S_EXIT"", ""S_EXIT"", ""W_EXIT"", ""S_EXIT""], ""SOUTH"": [""N_EXIT"", ""W_EXIT"", ""W_EXIT"", ""W_EXIT"", ""E_EXIT""], ""WEST"": [""S_EXIT"", ""N_EXIT"", ""E_EXIT"", ""E_EXIT"", ""E_EXIT""]}"
136,40136,2,arrival_burst,Scenario 2: Arrival burst,train_test,,0,,0,10,20,5,5,5,5,"{""EAST"": [0, 1, 3, 6, 8], ""NORTH"": [0, 2, 3, 7, 7], ""SOUTH"": [0, 0, 1, 2, 4], ""WEST"": [0, 1, 5, 5, 6]}","{""EAST"": [""S_EXIT"", ""W_EXIT"", ""S_EXIT"", ""N_EXIT"", ""W_EXIT""], ""NORTH"": [""E_EXIT"", ""E_EXIT"", ""E_EXIT"", ""W_EXIT"", ""E_EXIT""], ""SOUTH"": [""W_EXIT"", ""N_EXIT"", ""N_EXIT"", ""E_EXIT"", ""W_EXIT""], ""WEST"": [""N_EXIT"", ""S_EXIT"", ""S_EXIT"", ""N_EXIT"", ""S_EXIT""]}"
137,40137,2,arrival_burst,Scenario 2: Arrival burst,train_test,,0,,0,10,20,5,5,5,5,"{""EAST"": [1, 1, 5, 5, 6], ""NORTH"": [1, 2, 4, 7, 8], ""SOUTH"": [0, 0, 1, 2, 4], ""WEST"": [2, 2, 6, 6, 7]}","{""EAST"": [""W_EXIT"", ""W_EXIT"", ""N_EXIT"", ""W_EXIT"", ""W_EXIT""], ""NORTH"": [""S_EXIT"", ""S_EXIT"", ""S_EXIT"", ""E_EXIT"", ""S_EXIT""], ""SOUTH"": [""N_EXIT"", ""E_EXIT"", ""W_EXIT"", ""N_EXIT"", ""N_EXIT""], ""WEST"": [""E_EXIT"", ""S_EXIT"", ""E_EXIT"", ""N_EXIT"", ""E_EXIT""]}"
138,40138,2,arrival_burst,Scenario 2: Arrival burst,train_test,,0,,0,10,20,5,5,5,5,"{""EAST"": [3, 3, 5, 6, 7], ""NORTH"": [0, 0, 0, 2, 8], ""SOUTH"": [1, 1, 2, 4, 8], ""WEST"": [1, 1, 2, 4, 8]}","{""EAST"": [""N_EXIT"", ""N_EXIT"", ""W_EXIT"", ""S_EXIT"", ""N_EXIT""], ""NORTH"": [""E_EXIT"", ""S_EXIT"", ""E_EXIT"", ""S_EXIT"", ""W_EXIT""], ""SOUTH"": [""W_EXIT"", ""W_EXIT"", ""N_EXIT"", ""E_EXIT"", ""W_EXIT""], ""WEST"": [""S_EXIT"", ""E_EXIT"", ""E_EXIT"", ""N_EXIT"", ""S_EXIT""]}"
139,40139,2,arrival_burst,Scenario 2: Arrival burst,train_test,,0,,0,10,20,5,5,5,5,"{""EAST"": [1, 2, 2, 3, 6], ""NORTH"": [1, 3, 4, 7, 8], ""SOUTH"": [0, 0, 3, 4, 6], ""WEST"": [0, 0, 1, 2, 7]}","{""EAST"": [""S_EXIT"", ""W_EXIT"", ""N_EXIT"", ""W_EXIT"", ""S_EXIT""], ""NORTH"": [""E_EXIT"", ""S_EXIT"", ""W_EXIT"", ""W_EXIT"", ""E_EXIT""], ""SOUTH"": [""W_EXIT"", ""E_EXIT"", ""N_EXIT"", ""E_EXIT"", ""N_EXIT""], ""WEST"": [""N_EXIT"", ""E_EXIT"", ""N_EXIT"", ""S_EXIT"", ""S_EXIT""]}"
140,40140,2,arrival_burst,Scenario 2: Arrival burst,train_test,,0,,0,10,20,5,5,5,5,"{""EAST"": [0, 1, 2, 6, 7], ""NORTH"": [1, 2, 2, 3, 8], ""SOUTH"": [0, 2, 3, 4, 6], ""WEST"": [1, 2, 7, 7, 8]}","{""EAST"": [""N_EXIT"", ""S_EXIT"", ""N_EXIT"", ""N_EXIT"", ""W_EXIT""], ""NORTH"": [""S_EXIT"", ""E_EXIT"", ""W_EXIT"", ""S_EXIT"", ""E_EXIT""], ""SOUTH"": [""W_EXIT"", ""W_EXIT"", ""N_EXIT"", ""E_EXIT"", ""W_EXIT""], ""WEST"": [""E_EXIT"", ""N_EXIT"", ""S_EXIT"", ""S_EXIT"", ""E_EXIT""]}"
141,40141,2,arrival_burst,Scenario 2: Arrival burst,train_test,,0,,0,10,20,5,5,5,5,"{""EAST"": [2, 2, 5, 6, 8], ""NORTH"": [0, 1, 2, 6, 8], ""SOUTH"": [0, 1, 2, 6, 8], ""WEST"": [1, 2, 5, 6, 7]}","{""EAST"": [""W_EXIT"", ""S_EXIT"", ""N_EXIT"", ""N_EXIT"", ""S_EXIT""], ""NORTH"": [""S_EXIT"", ""W_EXIT"", ""E_EXIT"", ""W_EXIT"", ""S_EXIT""], ""SOUTH"": [""N_EXIT"", ""E_EXIT"", ""W_EXIT"", ""N_EXIT"", ""W_EXIT""], ""WEST"": [""E_EXIT"", ""S_EXIT"", ""E_EXIT"", ""E_EXIT"", ""N_EXIT""]}"
142,40142,2,arrival_burst,Scenario 2: Arrival burst,train_test,,0,,0,10,20,5,5,5,5,"{""EAST"": [0, 1, 3, 5, 8], ""NORTH"": [1, 1, 1, 2, 5], ""SOUTH"": [0, 1, 3, 5, 7], ""WEST"": [1, 2, 4, 5, 7]}","{""EAST"": [""S_EXIT"", ""W_EXIT"", ""N_EXIT"", ""S_EXIT"", ""W_EXIT""], ""NORTH"": [""E_EXIT"", ""S_EXIT"", ""S_EXIT"", ""E_EXIT"", ""S_EXIT""], ""SOUTH"": [""N_EXIT"", ""W_EXIT"", ""N_EXIT"", ""W_EXIT"", ""W_EXIT""], ""WEST"": [""E_EXIT"", ""N_EXIT"", ""E_EXIT"", ""N_EXIT"", ""E_EXIT""]}"
143,40143,2,arrival_burst,Scenario 2: Arrival burst,train_test,,0,,0,10,20,5,5,5,5,"{""EAST"": [2, 2, 4, 5, 7], ""NORTH"": [0, 1, 2, 4, 8], ""SOUTH"": [0, 1, 2, 6, 7], ""WEST"": [0, 2, 3, 4, 5]}","{""EAST"": [""N_EXIT"", ""S_EXIT"", ""N_EXIT"", ""W_EXIT"", ""W_EXIT""], ""NORTH"": [""W_EXIT"", ""E_EXIT"", ""S_EXIT"", ""W_EXIT"", ""S_EXIT""], ""SOUTH"": [""N_EXIT"", ""N_EXIT"", ""W_EXIT"", ""N_EXIT"", ""E_EXIT""], ""WEST"": [""E_EXIT"", ""S_EXIT"", ""E_EXIT"", ""E_EXIT"", ""S_EXIT""]}"
144,40144,2,arrival_burst,Scenario 2: Arrival burst,train_test,,0,,0,10,20,5,5,5,5,"{""EAST"": [2, 2, 2, 3, 7], ""NORTH"": [0, 0, 2, 3, 4], ""SOUTH"": [0, 1, 2, 4, 8], ""WEST"": [2, 5, 7, 7, 8]}","{""EAST"": [""S_EXIT"", ""N_EXIT"", ""S_EXIT"", ""W_EXIT"", ""N_EXIT""], ""NORTH"": [""W_EXIT"", ""E_EXIT"", ""S_EXIT"", ""S_EXIT"", ""W_EXIT""], ""SOUTH"": [""E_EXIT"", ""W_EXIT"", ""E_EXIT"", ""W_EXIT"", ""E_EXIT""], ""WEST"": [""N_EXIT"", ""N_EXIT"", ""S_EXIT"", ""N_EXIT"", ""E_EXIT""]}"
145,40145,2,arrival_burst,Scenario 2: Arrival burst,train_test,,0,,0,10,20,5,5,5,5,"{""EAST"": [0, 0, 1, 2, 7], ""NORTH"": [0, 0, 4, 4, 6], ""SOUTH"": [2, 2, 3, 4, 7], ""WEST"": [1, 2, 7, 7, 8]}","{""EAST"": [""W_EXIT"", ""N_EXIT"", ""S_EXIT"", ""N_EXIT"", ""W_EXIT""], ""NORTH"": [""E_EXIT"", ""E_EXIT"", ""S_EXIT"", ""W_EXIT"", ""S_EXIT""], ""SOUTH"": [""E_EXIT"", ""W_EXIT"", ""W_EXIT"", ""N_EXIT"", ""N_EXIT""], ""WEST"": [""S_EXIT"", ""N_EXIT"", ""E_EXIT"", ""S_EXIT"", ""E_EXIT""]}"
146,40146,2,arrival_burst,Scenario 2: Arrival burst,train_test,,0,,0,10,20,5,5,5,5,"{""EAST"": [0, 1, 2, 2, 7], ""NORTH"": [1, 3, 4, 5, 8], ""SOUTH"": [1, 1, 3, 6, 6], ""WEST"": [0, 1, 2, 7, 8]}","{""EAST"": [""N_EXIT"", ""S_EXIT"", ""W_EXIT"", ""S_EXIT"", ""S_EXIT""], ""NORTH"": [""W_EXIT"", ""E_EXIT"", ""E_EXIT"", ""S_EXIT"", ""W_EXIT""], ""SOUTH"": [""E_EXIT"", ""W_EXIT"", ""W_EXIT"", ""N_EXIT"", ""E_EXIT""], ""WEST"": [""N_EXIT"", ""E_EXIT"", ""S_EXIT"", ""N_EXIT"", ""N_EXIT""]}"
147,40147,2,arrival_burst,Scenario 2: Arrival burst,train_test,,0,,0,10,20,5,5,5,5,"{""EAST"": [1, 2, 2, 4, 8], ""NORTH"": [0, 0, 0, 3, 4], ""SOUTH"": [2, 2, 2, 3, 3], ""WEST"": [2, 3, 4, 6, 8]}","{""EAST"": [""N_EXIT"", ""W_EXIT"", ""W_EXIT"", ""N_EXIT"", ""N_EXIT""], ""NORTH"": [""E_EXIT"", ""S_EXIT"", ""S_EXIT"", ""E_EXIT"", ""W_EXIT""], ""SOUTH"": [""W_EXIT"", ""E_EXIT"", ""E_EXIT"", ""N_EXIT"", ""W_EXIT""], ""WEST"": [""S_EXIT"", ""N_EXIT"", ""S_EXIT"", ""E_EXIT"", ""S_EXIT""]}"
148,40148,2,arrival_burst,Scenario 2: Arrival burst,train_test,,0,,0,10,20,5,5,5,5,"{""EAST"": [1, 2, 2, 3, 7], ""NORTH"": [0, 3, 5, 6, 8], ""SOUTH"": [0, 0, 1, 3, 6], ""WEST"": [1, 2, 2, 7, 8]}","{""EAST"": [""N_EXIT"", ""N_EXIT"", ""S_EXIT"", ""W_EXIT"", ""N_EXIT""], ""NORTH"": [""S_EXIT"", ""E_EXIT"", ""E_EXIT"", ""W_EXIT"", ""S_EXIT""], ""SOUTH"": [""E_EXIT"", ""W_EXIT"", ""W_EXIT"", ""N_EXIT"", ""W_EXIT""], ""WEST"": [""E_EXIT"", ""S_EXIT"", ""N_EXIT"", ""S_EXIT"", ""E_EXIT""]}"
149,40149,2,arrival_burst,Scenario 2: Arrival burst,train_test,,0,,0,10,20,5,5,5,5,"{""EAST"": [0, 0, 1, 2, 5], ""NORTH"": [0, 1, 1, 3, 7], ""SOUTH"": [0, 3, 4, 4, 5], ""WEST"": [0, 1, 4, 7, 8]}","{""EAST"": [""N_EXIT"", ""N_EXIT"", ""W_EXIT"", ""S_EXIT"", ""N_EXIT""], ""NORTH"": [""W_EXIT"", ""S_EXIT"", ""W_EXIT"", ""E_EXIT"", ""W_EXIT""], ""SOUTH"": [""W_EXIT"", ""E_EXIT"", ""E_EXIT"", ""N_EXIT"", ""E_EXIT""], ""WEST"": [""S_EXIT"", ""E_EXIT"", ""S_EXIT"", ""N_EXIT"", ""S_EXIT""]}"
150,40150,2,arrival_burst,Scenario 2: Arrival burst,train_test,,0,,0,10,20,5,5,5,5,"{""EAST"": [0, 0, 2, 4, 7], ""NORTH"": [0, 1, 2, 2, 7], ""SOUTH"": [0, 2, 5, 5, 8], ""WEST"": [0, 5, 6, 6, 7]}","{""EAST"": [""S_EXIT"", ""W_EXIT"", ""W_EXIT"", ""N_EXIT"", ""S_EXIT""], ""NORTH"": [""E_EXIT"", ""S_EXIT"", ""W_EXIT"", ""E_EXIT"", ""E_EXIT""], ""SOUTH"": [""W_EXIT"", ""N_EXIT"", ""N_EXIT"", ""E_EXIT"", ""W_EXIT""], ""WEST"": [""N_EXIT"", ""S_EXIT"", ""E_EXIT"", ""N_EXIT"", ""S_EXIT""]}"
151,40151,2,arrival_burst,Scenario 2: Arrival burst,train_test,,0,,0,10,20,5,5,5,5,"{""EAST"": [1, 3, 4, 5, 7], ""NORTH"": [0, 0, 6, 7, 7], ""SOUTH"": [1, 2, 2, 4, 8], ""WEST"": [0, 1, 2, 2, 4]}","{""EAST"": [""N_EXIT"", ""N_EXIT"", ""W_EXIT"", ""W_EXIT"", ""S_EXIT""], ""NORTH"": [""W_EXIT"", ""E_EXIT"", ""E_EXIT"", ""S_EXIT"", ""S_EXIT""], ""SOUTH"": [""W_EXIT"", ""N_EXIT"", ""N_EXIT"", ""W_EXIT"", ""N_EXIT""], ""WEST"": [""S_EXIT"", ""S_EXIT"", ""E_EXIT"", ""E_EXIT"", ""E_EXIT""]}"
152,40152,2,arrival_burst,Scenario 2: Arrival burst,train_test,,0,,0,10,20,5,5,5,5,"{""EAST"": [0, 2, 3, 3, 7], ""NORTH"": [0, 2, 3, 4, 6], ""SOUTH"": [1, 1, 1, 3, 7], ""WEST"": [0, 0, 2, 4, 5]}","{""EAST"": [""S_EXIT"", ""W_EXIT"", ""S_EXIT"", ""S_EXIT"", ""N_EXIT""], ""NORTH"": [""E_EXIT"", ""W_EXIT"", ""S_EXIT"", ""E_EXIT"", ""W_EXIT""], ""SOUTH"": [""N_EXIT"", ""W_EXIT"", ""E_EXIT"", ""N_EXIT"", ""W_EXIT""], ""WEST"": [""E_EXIT"", ""N_EXIT"", ""E_EXIT"", ""S_EXIT"", ""N_EXIT""]}"
153,40153,2,arrival_burst,Scenario 2: Arrival burst,train_test,,0,,0,10,20,5,5,5,5,"{""EAST"": [0, 1, 2, 3, 4], ""NORTH"": [0, 3, 4, 6, 8], ""SOUTH"": [0, 1, 2, 4, 8], ""WEST"": [0, 1, 2, 4, 4]}","{""EAST"": [""S_EXIT"", ""W_EXIT"", ""S_EXIT"", ""N_EXIT"", ""W_EXIT""], ""NORTH"": [""E_EXIT"", ""E_EXIT"", ""S_EXIT"", ""S_EXIT"", ""W_EXIT""], ""SOUTH"": [""W_EXIT"", ""E_EXIT"", ""N_EXIT"", ""W_EXIT"", ""N_EXIT""], ""WEST"": [""N_EXIT"", ""S_EXIT"", ""N_EXIT"", ""E_EXIT"", ""E_EXIT""]}"
154,40154,2,arrival_burst,Scenario 2: Arrival burst,train_test,,0,,0,10,20,5,5,5,5,"{""EAST"": [1, 2, 4, 4, 7], ""NORTH"": [0, 0, 0, 2, 2], ""SOUTH"": [2, 2, 3, 4, 6], ""WEST"": [2, 4, 4, 6, 7]}","{""EAST"": [""N_EXIT"", ""S_EXIT"", ""W_EXIT"", ""N_EXIT"", ""N_EXIT""], ""NORTH"": [""W_EXIT"", ""W_EXIT"", ""W_EXIT"", ""W_EXIT"", ""E_EXIT""], ""SOUTH"": [""N_EXIT"", ""E_EXIT"", ""E_EXIT"", ""E_EXIT"", ""N_EXIT""], ""WEST"": [""S_EXIT"", ""E_EXIT"", ""S_EXIT"", ""S_EXIT"", ""S_EXIT""]}"
155,40155,2,arrival_burst,Scenario 2: Arrival burst,train_test,,0,,0,10,20,5,5,5,5,"{""EAST"": [0, 5, 5, 7, 8], ""NORTH"": [0, 1, 2, 4, 7], ""SOUTH"": [1, 1, 2, 3, 5], ""WEST"": [0, 0, 1, 3, 5]}","{""EAST"": [""S_EXIT"", ""W_EXIT"", ""W_EXIT"", ""N_EXIT"", ""S_EXIT""], ""NORTH"": [""S_EXIT"", ""S_EXIT"", ""E_EXIT"", ""S_EXIT"", ""E_EXIT""], ""SOUTH"": [""N_EXIT"", ""W_EXIT"", ""N_EXIT"", ""W_EXIT"", ""W_EXIT""], ""WEST"": [""E_EXIT"", ""E_EXIT"", ""N_EXIT"", ""E_EXIT"", ""N_EXIT""]}"
156,40156,2,arrival_burst,Scenario 2: Arrival burst,train_test,,0,,0,10,20,5,5,5,5,"{""EAST"": [0, 1, 3, 4, 4], ""NORTH"": [0, 1, 2, 4, 8], ""SOUTH"": [2, 3, 4, 6, 8], ""WEST"": [0, 0, 1, 1, 7]}","{""EAST"": [""W_EXIT"", ""N_EXIT"", ""S_EXIT"", ""S_EXIT"", ""N_EXIT""], ""NORTH"": [""S_EXIT"", ""E_EXIT"", ""W_EXIT"", ""S_EXIT"", ""E_EXIT""], ""SOUTH"": [""W_EXIT"", ""N_EXIT"", ""N_EXIT"", ""W_EXIT"", ""W_EXIT""], ""WEST"": [""E_EXIT"", ""N_EXIT"", ""E_EXIT"", ""E_EXIT"", ""S_EXIT""]}"
157,40157,2,arrival_burst,Scenario 2: Arrival burst,train_test,,0,,0,10,20,5,5,5,5,"{""EAST"": [0, 1, 3, 4, 7], ""NORTH"": [0, 5, 6, 6, 6], ""SOUTH"": [1, 1, 1, 3, 8], ""WEST"": [0, 0, 1, 2, 7]}","{""EAST"": [""S_EXIT"", ""S_EXIT"", ""N_EXIT"", ""S_EXIT"", ""S_EXIT""], ""NORTH"": [""W_EXIT"", ""E_EXIT"", ""W_EXIT"", ""E_EXIT"", ""W_EXIT""], ""SOUTH"": [""N_EXIT"", ""W_EXIT"", ""N_EXIT"", ""N_EXIT"", ""W_EXIT""], ""WEST"": [""N_EXIT"", ""E_EXIT"", ""S_EXIT"", ""E_EXIT"", ""E_EXIT""]}"
158,40158,2,arrival_burst,Scenario 2: Arrival burst,train_test,,0,,0,10,20,5,5,5,5,"{""EAST"": [0, 1, 2, 5, 7], ""NORTH"": [0, 0, 1, 2, 2], ""SOUTH"": [2, 3, 4, 4, 5], ""WEST"": [1, 4, 4, 5, 8]}","{""EAST"": [""S_EXIT"", ""W_EXIT"", ""S_EXIT"", ""N_EXIT"", ""S_EXIT""], ""NORTH"": [""W_EXIT"", ""E_EXIT"", ""S_EXIT"", ""E_EXIT"", ""E_EXIT""], ""SOUTH"": [""W_EXIT"", ""N_EXIT"", ""E_EXIT"", ""W_EXIT"", ""W_EXIT""], ""WEST"": [""E_EXIT"", ""S_EXIT"", ""N_EXIT"", ""N_EXIT"", ""N_EXIT""]}"
159,40159,2,arrival_burst,Scenario 2: Arrival burst,train_test,,0,,0,10,20,5,5,5,5,"{""EAST"": [0, 0, 5, 5, 7], ""NORTH"": [0, 0, 0, 2, 3], ""SOUTH"": [1, 4, 6, 6, 8], ""WEST"": [0, 0, 1, 3, 7]}","{""EAST"": [""N_EXIT"", ""S_EXIT"", ""W_EXIT"", ""N_EXIT"", ""N_EXIT""], ""NORTH"": [""S_EXIT"", ""S_EXIT"", ""W_EXIT"", ""W_EXIT"", ""S_EXIT""], ""SOUTH"": [""W_EXIT"", ""W_EXIT"", ""N_EXIT"", ""N_EXIT"", ""E_EXIT""], ""WEST"": [""E_EXIT"", ""S_EXIT"", ""E_EXIT"", ""E_EXIT"", ""E_EXIT""]}"
160,40160,2,arrival_burst,Scenario 2: Arrival burst,train_test,,0,,0,10,20,5,5,5,5,"{""EAST"": [1, 4, 5, 6, 7], ""NORTH"": [0, 1, 7, 8, 8], ""SOUTH"": [0, 2, 2, 4, 5], ""WEST"": [0, 0, 1, 2, 8]}","{""EAST"": [""S_EXIT"", ""N_EXIT"", ""W_EXIT"", ""S_EXIT"", ""N_EXIT""], ""NORTH"": [""W_EXIT"", ""S_EXIT"", ""W_EXIT"", ""E_EXIT"", ""S_EXIT""], ""SOUTH"": [""N_EXIT"", ""W_EXIT"", ""N_EXIT"", ""W_EXIT"", ""E_EXIT""], ""WEST"": [""E_EXIT"", ""E_EXIT"", ""E_EXIT"", ""N_EXIT"", ""S_EXIT""]}"
161,40161,2,arrival_burst,Scenario 2: Arrival burst,train_test,,0,,0,10,20,5,5,5,5,"{""EAST"": [4, 5, 6, 8, 8], ""NORTH"": [0, 2, 2, 4, 6], ""SOUTH"": [0, 0, 4, 5, 6], ""WEST"": [0, 0, 1, 2, 2]}","{""EAST"": [""S_EXIT"", ""S_EXIT"", ""W_EXIT"", ""W_EXIT"", ""S_EXIT""], ""NORTH"": [""W_EXIT"", ""S_EXIT"", ""S_EXIT"", ""W_EXIT"", ""E_EXIT""], ""SOUTH"": [""W_EXIT"", ""N_EXIT"", ""E_EXIT"", ""E_EXIT"", ""N_EXIT""], ""WEST"": [""N_EXIT"", ""E_EXIT"", ""E_EXIT"", ""N_EXIT"", ""N_EXIT""]}"
162,40162,2,arrival_burst,Scenario 2: Arrival burst,train_test,,0,,0,10,20,5,5,5,5,"{""EAST"": [1, 2, 3, 3, 8], ""NORTH"": [1, 1, 2, 4, 4], ""SOUTH"": [0, 1, 3, 5, 6], ""WEST"": [1, 2, 2, 5, 7]}","{""EAST"": [""S_EXIT"", ""N_EXIT"", ""S_EXIT"", ""N_EXIT"", ""W_EXIT""], ""NORTH"": [""W_EXIT"", ""E_EXIT"", ""S_EXIT"", ""W_EXIT"", ""S_EXIT""], ""SOUTH"": [""W_EXIT"", ""W_EXIT"", ""N_EXIT"", ""N_EXIT"", ""E_EXIT""], ""WEST"": [""N_EXIT"", ""E_EXIT"", ""E_EXIT"", ""E_EXIT"", ""S_EXIT""]}"
163,40163,2,arrival_burst,Scenario 2: Arrival burst,train_test,,0,,0,10,20,5,5,5,5,"{""EAST"": [0, 5, 6, 6, 8], ""NORTH"": [0, 1, 2, 5, 7], ""SOUTH"": [1, 2, 2, 6, 7], ""WEST"": [0, 0, 2, 4, 7]}","{""EAST"": [""S_EXIT"", ""W_EXIT"", ""N_EXIT"", ""N_EXIT"", ""W_EXIT""], ""NORTH"": [""W_EXIT"", ""S_EXIT"", ""E_EXIT"", ""E_EXIT"", ""E_EXIT""], ""SOUTH"": [""E_EXIT"", ""W_EXIT"", ""N_EXIT"", ""N_EXIT"", ""W_EXIT""], ""WEST"": [""N_EXIT"", ""E_EXIT"", ""S_EXIT"", ""S_EXIT"", ""S_EXIT""]}"
164,40164,2,arrival_burst,Scenario 2: Arrival burst,train_test,,0,,0,10,20,5,5,5,5,"{""EAST"": [0, 2, 2, 4, 6], ""NORTH"": [2, 2, 5, 8, 8], ""SOUTH"": [0, 1, 5, 7, 8], ""WEST"": [0, 1, 2, 3, 6]}","{""EAST"": [""S_EXIT"", ""W_EXIT"", ""S_EXIT"", ""N_EXIT"", ""W_EXIT""], ""NORTH"": [""W_EXIT"", ""S_EXIT"", ""E_EXIT"", ""W_EXIT"", ""S_EXIT""], ""SOUTH"": [""N_EXIT"", ""E_EXIT"", ""N_EXIT"", ""W_EXIT"", ""E_EXIT""], ""WEST"": [""E_EXIT"", ""N_EXIT"", ""N_EXIT"", ""S_EXIT"", ""E_EXIT""]}"
165,40165,2,arrival_burst,Scenario 2: Arrival burst,train_test,,0,,0,10,20,5,5,5,5,"{""EAST"": [1, 2, 2, 3, 7], ""NORTH"": [1, 3, 4, 4, 5], ""SOUTH"": [0, 0, 2, 2, 4], ""WEST"": [0, 2, 3, 7, 8]}","{""EAST"": [""S_EXIT"", ""N_EXIT"", ""S_EXIT"", ""W_EXIT"", ""W_EXIT""], ""NORTH"": [""E_EXIT"", ""W_EXIT"", ""E_EXIT"", ""E_EXIT"", ""S_EXIT""], ""SOUTH"": [""W_EXIT"", ""N_EXIT"", ""E_EXIT"", ""W_EXIT"", ""N_EXIT""], ""WEST"": [""E_EXIT"", ""S_EXIT"", ""S_EXIT"", ""N_EXIT"", ""N_EXIT""]}"
166,40166,2,arrival_burst,Scenario 2: Arrival burst,train_test,,0,,0,10,20,5,5,5,5,"{""EAST"": [0, 1, 2, 5, 7], ""NORTH"": [1, 1, 2, 4, 5], ""SOUTH"": [0, 2, 3, 3, 7], ""WEST"": [0, 1, 5, 7, 7]}","{""EAST"": [""W_EXIT"", ""S_EXIT"", ""N_EXIT"", ""S_EXIT"", ""W_EXIT""], ""NORTH"": [""E_EXIT"", ""W_EXIT"", ""W_EXIT"", ""E_EXIT"", ""E_EXIT""], ""SOUTH"": [""N_EXIT"", ""N_EXIT"", ""N_EXIT"", ""E_EXIT"", ""W_EXIT""], ""WEST"": [""E_EXIT"", ""S_EXIT"", ""S_EXIT"", ""N_EXIT"", ""S_EXIT""]}"
167,40167,2,arrival_burst,Scenario 2: Arrival burst,train_test,,0,,0,10,20,5,5,5,5,"{""EAST"": [0, 2, 3, 5, 8], ""NORTH"": [1, 1, 7, 8, 8], ""SOUTH"": [0, 0, 1, 1, 6], ""WEST"": [0, 1, 5, 5, 6]}","{""EAST"": [""N_EXIT"", ""W_EXIT"", ""N_EXIT"", ""S_EXIT"", ""S_EXIT""], ""NORTH"": [""W_EXIT"", ""E_EXIT"", ""S_EXIT"", ""S_EXIT"", ""W_EXIT""], ""SOUTH"": [""E_EXIT"", ""W_EXIT"", ""E_EXIT"", ""N_EXIT"", ""W_EXIT""], ""WEST"": [""N_EXIT"", ""E_EXIT"", ""S_EXIT"", ""N_EXIT"", ""E_EXIT""]}"
168,40168,2,arrival_burst,Scenario 2: Arrival burst,train_test,,0,,0,10,20,5,5,5,5,"{""EAST"": [0, 0, 4, 4, 8], ""NORTH"": [2, 3, 4, 5, 5], ""SOUTH"": [1, 1, 1, 1, 6], ""WEST"": [0, 0, 1, 6, 7]}","{""EAST"": [""N_EXIT"", ""W_EXIT"", ""S_EXIT"", ""S_EXIT"", ""S_EXIT""], ""NORTH"": [""S_EXIT"", ""W_EXIT"", ""E_EXIT"", ""W_EXIT"", ""E_EXIT""], ""SOUTH"": [""E_EXIT"", ""W_EXIT"", ""E_EXIT"", ""N_EXIT"", ""W_EXIT""], ""WEST"": [""E_EXIT"", ""N_EXIT"", ""S_EXIT"", ""N_EXIT"", ""N_EXIT""]}"
169,40169,2,arrival_burst,Scenario 2: Arrival burst,train_test,,0,,0,10,20,5,5,5,5,"{""EAST"": [2, 5, 5, 5, 7], ""NORTH"": [1, 3, 5, 7, 8], ""SOUTH"": [0, 0, 0, 2, 8], ""WEST"": [0, 1, 1, 2, 3]}","{""EAST"": [""N_EXIT"", ""S_EXIT"", ""N_EXIT"", ""W_EXIT"", ""S_EXIT""], ""NORTH"": [""S_EXIT"", ""W_EXIT"", ""W_EXIT"", ""S_EXIT"", ""E_EXIT""], ""SOUTH"": [""W_EXIT"", ""E_EXIT"", ""W_EXIT"", ""E_EXIT"", ""N_EXIT""], ""WEST"": [""E_EXIT"", ""N_EXIT"", ""S_EXIT"", ""N_EXIT"", ""E_EXIT""]}"
170,40170,2,arrival_burst,Scenario 2: Arrival burst,train_test,,0,,0,10,20,5,5,5,5,"{""EAST"": [0, 0, 1, 3, 8], ""NORTH"": [1, 1, 2, 2, 7], ""SOUTH"": [1, 5, 6, 6, 8], ""WEST"": [2, 2, 5, 5, 7]}","{""EAST"": [""N_EXIT"", ""S_EXIT"", ""S_EXIT"", ""W_EXIT"", ""W_EXIT""], ""NORTH"": [""S_EXIT"", ""W_EXIT"", ""E_EXIT"", ""W_EXIT"", ""E_EXIT""], ""SOUTH"": [""E_EXIT"", ""W_EXIT"", ""N_EXIT"", ""N_EXIT"", ""E_EXIT""], ""WEST"": [""E_EXIT"", ""N_EXIT"", ""N_EXIT"", ""S_EXIT"", ""S_EXIT""]}"
171,40171,2,arrival_burst,Scenario 2: Arrival burst,train_test,,0,,0,10,20,5,5,5,5,"{""EAST"": [1, 1, 3, 6, 8], ""NORTH"": [0, 1, 2, 3, 5], ""SOUTH"": [0, 1, 6, 7, 8], ""WEST"": [1, 2, 2, 6, 8]}","{""EAST"": [""W_EXIT"", ""S_EXIT"", ""N_EXIT"", ""N_EXIT"", ""S_EXIT""], ""NORTH"": [""S_EXIT"", ""S_EXIT"", ""W_EXIT"", ""W_EXIT"", ""E_EXIT""], ""SOUTH"": [""E_EXIT"", ""W_EXIT"", ""E_EXIT"", ""N_EXIT"", ""W_EXIT""], ""WEST"": [""N_EXIT"", ""N_EXIT"", ""E_EXIT"", ""E_EXIT"", ""S_EXIT""]}"
172,40172,2,arrival_burst,Scenario 2: Arrival burst,train_test,,0,,0,10,20,5,5,5,5,"{""EAST"": [0, 0, 2, 4, 6], ""NORTH"": [2, 3, 4, 4, 6], ""SOUTH"": [1, 1, 2, 2, 5], ""WEST"": [1, 2, 3, 6, 8]}","{""EAST"": [""W_EXIT"", ""N_EXIT"", ""S_EXIT"", ""W_EXIT"", ""N_EXIT""], ""NORTH"": [""W_EXIT"", ""S_EXIT"", ""S_EXIT"", ""S_EXIT"", ""W_EXIT""], ""SOUTH"": [""N_EXIT"", ""N_EXIT"", ""W_EXIT"", ""E_EXIT"", ""E_EXIT""], ""WEST"": [""E_EXIT"", ""E_EXIT"", ""S_EXIT"", ""N_EXIT"", ""E_EXIT""]}"
173,40173,2,arrival_burst,Scenario 2: Arrival burst,train_test,,0,,0,10,20,5,5,5,5,"{""EAST"": [1, 2, 3, 6, 8], ""NORTH"": [2, 2, 2, 2, 6], ""SOUTH"": [2, 4, 4, 4, 6], ""WEST"": [1, 1, 2, 4, 4]}","{""EAST"": [""S_EXIT"", ""N_EXIT"", ""W_EXIT"", ""N_EXIT"", ""S_EXIT""], ""NORTH"": [""W_EXIT"", ""E_EXIT"", ""S_EXIT"", ""E_EXIT"", ""E_EXIT""], ""SOUTH"": [""W_EXIT"", ""W_EXIT"", ""E_EXIT"", ""W_EXIT"", ""N_EXIT""], ""WEST"": [""E_EXIT"", ""N_EXIT"", ""S_EXIT"", ""N_EXIT"", ""S_EXIT""]}"
174,40174,2,arrival_burst,Scenario 2: Arrival burst,train_test,,0,,0,10,20,5,5,5,5,"{""EAST"": [1, 1, 3, 3, 5], ""NORTH"": [0, 1, 6, 7, 8], ""SOUTH"": [0, 1, 5, 5, 6], ""WEST"": [0, 0, 1, 1, 4]}","{""EAST"": [""W_EXIT"", ""W_EXIT"", ""W_EXIT"", ""S_EXIT"", ""N_EXIT""], ""NORTH"": [""S_EXIT"", ""E_EXIT"", ""S_EXIT"", ""E_EXIT"", ""S_EXIT""], ""SOUTH"": [""E_EXIT"", ""W_EXIT"", ""N_EXIT"", ""W_EXIT"", ""E_EXIT""], ""WEST"": [""N_EXIT"", ""S_EXIT"", ""N_EXIT"", ""N_EXIT"", ""E_EXIT""]}"
175,40175,2,arrival_burst,Scenario 2: Arrival burst,train_test,,0,,0,10,20,5,5,5,5,"{""EAST"": [0, 0, 2, 3, 8], ""NORTH"": [4, 5, 6, 7, 7], ""SOUTH"": [0, 1, 2, 5, 5], ""WEST"": [0, 0, 1, 1, 8]}","{""EAST"": [""S_EXIT"", ""S_EXIT"", ""N_EXIT"", ""W_EXIT"", ""S_EXIT""], ""NORTH"": [""E_EXIT"", ""E_EXIT"", ""W_EXIT"", ""W_EXIT"", ""E_EXIT""], ""SOUTH"": [""W_EXIT"", ""W_EXIT"", ""N_EXIT"", ""E_EXIT"", ""N_EXIT""], ""WEST"": [""S_EXIT"", ""N_EXIT"", ""N_EXIT"", ""S_EXIT"", ""E_EXIT""]}"
176,40176,2,arrival_burst,Scenario 2: Arrival burst,train_test,,0,,0,10,20,5,5,5,5,"{""EAST"": [0, 0, 2, 4, 5], ""NORTH"": [0, 0, 3, 4, 6], ""SOUTH"": [0, 2, 2, 5, 6], ""WEST"": [0, 2, 4, 5, 7]}","{""EAST"": [""S_EXIT"", ""N_EXIT"", ""W_EXIT"", ""W_EXIT"", ""S_EXIT""], ""NORTH"": [""S_EXIT"", ""W_EXIT"", ""W_EXIT"", ""S_EXIT"", ""S_EXIT""], ""SOUTH"": [""E_EXIT"", ""E_EXIT"", ""W_EXIT"", ""E_EXIT"", ""E_EXIT""], ""WEST"": [""N_EXIT"", ""N_EXIT"", ""E_EXIT"", ""N_EXIT"", ""N_EXIT""]}"
177,40177,2,arrival_burst,Scenario 2: Arrival burst,train_test,,0,,0,10,20,5,5,5,5,"{""EAST"": [0, 1, 3, 5, 7], ""NORTH"": [1, 2, 3, 3, 8], ""SOUTH"": [2, 2, 2, 3, 4], ""WEST"": [0, 0, 1, 8, 8]}","{""EAST"": [""S_EXIT"", ""W_EXIT"", ""N_EXIT"", ""W_EXIT"", ""S_EXIT""], ""NORTH"": [""S_EXIT"", ""W_EXIT"", ""E_EXIT"", ""S_EXIT"", ""E_EXIT""], ""SOUTH"": [""E_EXIT"", ""W_EXIT"", ""W_EXIT"", ""N_EXIT"", ""N_EXIT""], ""WEST"": [""N_EXIT"", ""N_EXIT"", ""E_EXIT"", ""E_EXIT"", ""S_EXIT""]}"
178,40178,2,arrival_burst,Scenario 2: Arrival burst,train_test,,0,,0,10,20,5,5,5,5,"{""EAST"": [0, 1, 3, 7, 7], ""NORTH"": [0, 1, 3, 5, 6], ""SOUTH"": [0, 1, 2, 2, 4], ""WEST"": [2, 2, 5, 6, 8]}","{""EAST"": [""S_EXIT"", ""N_EXIT"", ""W_EXIT"", ""N_EXIT"", ""S_EXIT""], ""NORTH"": [""W_EXIT"", ""E_EXIT"", ""S_EXIT"", ""W_EXIT"", ""W_EXIT""], ""SOUTH"": [""W_EXIT"", ""N_EXIT"", ""E_EXIT"", ""E_EXIT"", ""N_EXIT""], ""WEST"": [""E_EXIT"", ""S_EXIT"", ""S_EXIT"", ""E_EXIT"", ""N_EXIT""]}"
179,40179,2,arrival_burst,Scenario 2: Arrival burst,train_test,,0,,0,10,20,5,5,5,5,"{""EAST"": [0, 0, 1, 1, 1], ""NORTH"": [4, 4, 5, 6, 7], ""SOUTH"": [1, 2, 2, 2, 5], ""WEST"": [0, 4, 5, 6, 6]}","{""EAST"": [""S_EXIT"", ""S_EXIT"", ""N_EXIT"", ""S_EXIT"", ""W_EXIT""], ""NORTH"": [""W_EXIT"", ""E_EXIT"", ""S_EXIT"", ""W_EXIT"", ""E_EXIT""], ""SOUTH"": [""N_EXIT"", ""W_EXIT"", ""N_EXIT"", ""W_EXIT"", ""N_EXIT""], ""WEST"": [""E_EXIT"", ""N_EXIT"", ""S_EXIT"", ""E_EXIT"", ""E_EXIT""]}"
180,40180,2,arrival_burst,Scenario 2: Arrival burst,train_test,,0,,0,10,20,5,5,5,5,"{""EAST"": [1, 2, 4, 5, 7], ""NORTH"": [0, 5, 6, 8, 8], ""SOUTH"": [0, 1, 2, 4, 6], ""WEST"": [0, 0, 1, 2, 3]}","{""EAST"": [""N_EXIT"", ""W_EXIT"", ""S_EXIT"", ""N_EXIT"", ""S_EXIT""], ""NORTH"": [""W_EXIT"", ""E_EXIT"", ""E_EXIT"", ""W_EXIT"", ""S_EXIT""], ""SOUTH"": [""W_EXIT"", ""N_EXIT"", ""W_EXIT"", ""N_EXIT"", ""E_EXIT""], ""WEST"": [""E_EXIT"", ""S_EXIT"", ""E_EXIT"", ""S_EXIT"", ""N_EXIT""]}"
181,40181,2,arrival_burst,Scenario 2: Arrival burst,train_test,,0,,0,10,20,5,5,5,5,"{""EAST"": [0, 1, 2, 6, 7], ""NORTH"": [0, 1, 5, 5, 7], ""SOUTH"": [0, 2, 3, 7, 8], ""WEST"": [1, 1, 2, 3, 5]}","{""EAST"": [""N_EXIT"", ""W_EXIT"", ""N_EXIT"", ""N_EXIT"", ""W_EXIT""], ""NORTH"": [""S_EXIT"", ""W_EXIT"", ""S_EXIT"", ""E_EXIT"", ""W_EXIT""], ""SOUTH"": [""W_EXIT"", ""E_EXIT"", ""E_EXIT"", ""N_EXIT"", ""E_EXIT""], ""WEST"": [""S_EXIT"", ""N_EXIT"", ""S_EXIT"", ""E_EXIT"", ""S_EXIT""]}"
182,40182,2,arrival_burst,Scenario 2: Arrival burst,train_test,,0,,0,10,20,5,5,5,5,"{""EAST"": [0, 1, 2, 5, 6], ""NORTH"": [1, 4, 7, 8, 8], ""SOUTH"": [0, 1, 2, 3, 5], ""WEST"": [1, 1, 2, 5, 6]}","{""EAST"": [""N_EXIT"", ""W_EXIT"", ""W_EXIT"", ""S_EXIT"", ""W_EXIT""], ""NORTH"": [""W_EXIT"", ""S_EXIT"", ""E_EXIT"", ""E_EXIT"", ""W_EXIT""], ""SOUTH"": [""E_EXIT"", ""E_EXIT"", ""N_EXIT"", ""N_EXIT"", ""N_EXIT""], ""WEST"": [""S_EXIT"", ""N_EXIT"", ""S_EXIT"", ""S_EXIT"", ""E_EXIT""]}"
183,40183,2,arrival_burst,Scenario 2: Arrival burst,train_test,,0,,0,10,20,5,5,5,5,"{""EAST"": [0, 4, 6, 6, 8], ""NORTH"": [1, 1, 2, 2, 7], ""SOUTH"": [1, 1, 1, 4, 5], ""WEST"": [1, 2, 3, 6, 7]}","{""EAST"": [""S_EXIT"", ""N_EXIT"", ""W_EXIT"", ""N_EXIT"", ""W_EXIT""], ""NORTH"": [""W_EXIT"", ""E_EXIT"", ""W_EXIT"", ""S_EXIT"", ""S_EXIT""], ""SOUTH"": [""N_EXIT"", ""W_EXIT"", ""E_EXIT"", ""N_EXIT"", ""E_EXIT""], ""WEST"": [""E_EXIT"", ""N_EXIT"", ""S_EXIT"", ""E_EXIT"", ""S_EXIT""]}"
184,40184,2,arrival_burst,Scenario 2: Arrival burst,train_test,,0,,0,10,20,5,5,5,5,"{""EAST"": [0, 0, 2, 2, 6], ""NORTH"": [0, 1, 5, 6, 6], ""SOUTH"": [0, 2, 3, 6, 8], ""WEST"": [0, 1, 3, 4, 6]}","{""EAST"": [""W_EXIT"", ""S_EXIT"", ""W_EXIT"", ""N_EXIT"", ""W_EXIT""], ""NORTH"": [""W_EXIT"", ""E_EXIT"", ""S_EXIT"", ""E_EXIT"", ""S_EXIT""], ""SOUTH"": [""N_EXIT"", ""W_EXIT"", ""E_EXIT"", ""E_EXIT"", ""N_EXIT""], ""WEST"": [""S_EXIT"", ""E_EXIT"", ""N_EXIT"", ""N_EXIT"", ""S_EXIT""]}"
185,40185,2,arrival_burst,Scenario 2: Arrival burst,train_test,,0,,0,10,20,5,5,5,5,"{""EAST"": [1, 1, 4, 8, 8], ""NORTH"": [2, 3, 4, 8, 8], ""SOUTH"": [2, 2, 2, 5, 7], ""WEST"": [0, 1, 1, 1, 6]}","{""EAST"": [""N_EXIT"", ""S_EXIT"", ""W_EXIT"", ""N_EXIT"", ""S_EXIT""], ""NORTH"": [""W_EXIT"", ""S_EXIT"", ""E_EXIT"", ""E_EXIT"", ""W_EXIT""], ""SOUTH"": [""W_EXIT"", ""N_EXIT"", ""N_EXIT"", ""W_EXIT"", ""E_EXIT""], ""WEST"": [""E_EXIT"", ""N_EXIT"", ""S_EXIT"", ""E_EXIT"", ""S_EXIT""]}"
186,40186,2,arrival_burst,Scenario 2: Arrival burst,train_test,,0,,0,10,20,5,5,5,5,"{""EAST"": [0, 2, 5, 6, 7], ""NORTH"": [2, 2, 4, 6, 8], ""SOUTH"": [0, 0, 3, 6, 8], ""WEST"": [0, 0, 1, 2, 8]}","{""EAST"": [""N_EXIT"", ""S_EXIT"", ""S_EXIT"", ""N_EXIT"", ""W_EXIT""], ""NORTH"": [""E_EXIT"", ""W_EXIT"", ""S_EXIT"", ""W_EXIT"", ""W_EXIT""], ""SOUTH"": [""N_EXIT"", ""W_EXIT"", ""E_EXIT"", ""N_EXIT"", ""E_EXIT""], ""WEST"": [""E_EXIT"", ""S_EXIT"", ""N_EXIT"", ""E_EXIT"", ""S_EXIT""]}"
187,40187,2,arrival_burst,Scenario 2: Arrival burst,train_test,,0,,0,10,20,5,5,5,5,"{""EAST"": [0, 0, 1, 2, 2], ""NORTH"": [0, 0, 5, 5, 7], ""SOUTH"": [1, 1, 2, 3, 8], ""WEST"": [3, 5, 7, 8, 8]}","{""EAST"": [""S_EXIT"", ""W_EXIT"", ""W_EXIT"", ""S_EXIT"", ""S_EXIT""], ""NORTH"": [""S_EXIT"", ""S_EXIT"", ""W_EXIT"", ""W_EXIT"", ""E_EXIT""], ""SOUTH"": [""W_EXIT"", ""E_EXIT"", ""E_EXIT"", ""N_EXIT"", ""E_EXIT""], ""WEST"": [""N_EXIT"", ""E_EXIT"", ""N_EXIT"", ""N_EXIT"", ""N_EXIT""]}"
188,40188,2,arrival_burst,Scenario 2: Arrival burst,train_test,,0,,0,10,20,5,5,5,5,"{""EAST"": [0, 1, 6, 8, 8], ""NORTH"": [0, 0, 1, 2, 6], ""SOUTH"": [0, 0, 1, 3, 5], ""WEST"": [2, 3, 4, 5, 7]}","{""EAST"": [""S_EXIT"", ""N_EXIT"", ""N_EXIT"", ""W_EXIT"", ""S_EXIT""], ""NORTH"": [""S_EXIT"", ""W_EXIT"", ""S_EXIT"", ""E_EXIT"", ""W_EXIT""], ""SOUTH"": [""W_EXIT"", ""E_EXIT"", ""N_EXIT"", ""N_EXIT"", ""W_EXIT""], ""WEST"": [""N_EXIT"", ""E_EXIT"", ""E_EXIT"", ""E_EXIT"", ""S_EXIT""]}"
189,40189,2,arrival_burst,Scenario 2: Arrival burst,train_test,,0,,0,10,20,5,5,5,5,"{""EAST"": [0, 1, 1, 2, 7], ""NORTH"": [0, 3, 5, 6, 8], ""SOUTH"": [0, 1, 3, 4, 6], ""WEST"": [1, 2, 2, 6, 7]}","{""EAST"": [""N_EXIT"", ""S_EXIT"", ""W_EXIT"", ""S_EXIT"", ""N_EXIT""], ""NORTH"": [""W_EXIT"", ""S_EXIT"", ""W_EXIT"", ""W_EXIT"", ""W_EXIT""], ""SOUTH"": [""E_EXIT"", ""E_EXIT"", ""N_EXIT"", ""E_EXIT"", ""N_EXIT""], ""WEST"": [""N_EXIT"", ""S_EXIT"", ""E_EXIT"", ""S_EXIT"", ""E_EXIT""]}"
190,40190,2,arrival_burst,Scenario 2: Arrival burst,train_test,,0,,0,10,20,5,5,5,5,"{""EAST"": [0, 1, 2, 4, 5], ""NORTH"": [0, 1, 5, 7, 7], ""SOUTH"": [0, 1, 2, 5, 6], ""WEST"": [1, 1, 6, 7, 8]}","{""EAST"": [""S_EXIT"", ""W_EXIT"", ""W_EXIT"", ""S_EXIT"", ""S_EXIT""], ""NORTH"": [""S_EXIT"", ""E_EXIT"", ""W_EXIT"", ""E_EXIT"", ""S_EXIT""], ""SOUTH"": [""N_EXIT"", ""W_EXIT"", ""N_EXIT"", ""E_EXIT"", ""W_EXIT""], ""WEST"": [""E_EXIT"", ""N_EXIT"", ""E_EXIT"", ""N_EXIT"", ""N_EXIT""]}"
191,40191,2,arrival_burst,Scenario 2: Arrival burst,train_test,,0,,0,10,20,5,5,5,5,"{""EAST"": [0, 1, 4, 5, 8], ""NORTH"": [0, 3, 4, 5, 8], ""SOUTH"": [0, 0, 1, 5, 8], ""WEST"": [0, 0, 1, 2, 5]}","{""EAST"": [""S_EXIT"", ""N_EXIT"", ""N_EXIT"", ""N_EXIT"", ""W_EXIT""], ""NORTH"": [""S_EXIT"", ""W_EXIT"", ""E_EXIT"", ""W_EXIT"", ""S_EXIT""], ""SOUTH"": [""W_EXIT"", ""E_EXIT"", ""W_EXIT"", ""N_EXIT"", ""E_EXIT""], ""WEST"": [""N_EXIT"", ""E_EXIT"", ""S_EXIT"", ""E_EXIT"", ""S_EXIT""]}"
192,40192,2,arrival_burst,Scenario 2: Arrival burst,train_test,,0,,0,10,20,5,5,5,5,"{""EAST"": [0, 2, 2, 5, 8], ""NORTH"": [0, 0, 1, 2, 4], ""SOUTH"": [1, 2, 3, 6, 7], ""WEST"": [2, 3, 3, 6, 7]}","{""EAST"": [""N_EXIT"", ""S_EXIT"", ""W_EXIT"", ""W_EXIT"", ""S_EXIT""], ""NORTH"": [""E_EXIT"", ""W_EXIT"", ""S_EXIT"", ""W_EXIT"", ""S_EXIT""], ""SOUTH"": [""W_EXIT"", ""N_EXIT"", ""E_EXIT"", ""N_EXIT"", ""E_EXIT""], ""WEST"": [""S_EXIT"", ""E_EXIT"", ""N_EXIT"", ""E_EXIT"", ""N_EXIT""]}"
193,40193,2,arrival_burst,Scenario 2: Arrival burst,train_test,,0,,0,10,20,5,5,5,5,"{""EAST"": [0, 0, 0, 6, 6], ""NORTH"": [5, 5, 6, 6, 8], ""SOUTH"": [0, 1, 2, 2, 4], ""WEST"": [0, 0, 1, 3, 6]}","{""EAST"": [""N_EXIT"", ""S_EXIT"", ""S_EXIT"", ""N_EXIT"", ""S_EXIT""], ""NORTH"": [""E_EXIT"", ""W_EXIT"", ""E_EXIT"", ""W_EXIT"", ""S_EXIT""], ""SOUTH"": [""W_EXIT"", ""W_EXIT"", ""E_EXIT"", ""W_EXIT"", ""N_EXIT""], ""WEST"": [""S_EXIT"", ""N_EXIT"", ""E_EXIT"", ""N_EXIT"", ""E_EXIT""]}"
194,40194,2,arrival_burst,Scenario 2: Arrival burst,train_test,,0,,0,10,20,5,5,5,5,"{""EAST"": [0, 1, 3, 5, 8], ""NORTH"": [0, 1, 1, 2, 6], ""SOUTH"": [1, 1, 3, 6, 6], ""WEST"": [2, 2, 4, 6, 8]}","{""EAST"": [""W_EXIT"", ""N_EXIT"", ""N_EXIT"", ""W_EXIT"", ""N_EXIT""], ""NORTH"": [""S_EXIT"", ""S_EXIT"", ""E_EXIT"", ""S_EXIT"", ""E_EXIT""], ""SOUTH"": [""E_EXIT"", ""W_EXIT"", ""E_EXIT"", ""W_EXIT"", ""W_EXIT""], ""WEST"": [""S_EXIT"", ""N_EXIT"", ""N_EXIT"", ""S_EXIT"", ""E_EXIT""]}"
195,40195,2,arrival_burst,Scenario 2: Arrival burst,train_test,,0,,0,10,20,5,5,5,5,"{""EAST"": [0, 1, 2, 2, 3], ""NORTH"": [1, 2, 2, 3, 6], ""SOUTH"": [0, 2, 5, 6, 7], ""WEST"": [0, 3, 3, 4, 7]}","{""EAST"": [""S_EXIT"", ""W_EXIT"", ""S_EXIT"", ""W_EXIT"", ""N_EXIT""], ""NORTH"": [""W_EXIT"", ""W_EXIT"", ""S_EXIT"", ""S_EXIT"", ""E_EXIT""], ""SOUTH"": [""E_EXIT"", ""N_EXIT"", ""E_EXIT"", ""N_EXIT"", ""W_EXIT""], ""WEST"": [""N_EXIT"", ""E_EXIT"", ""E_EXIT"", ""S_EXIT"", ""N_EXIT""]}"
196,40196,2,arrival_burst,Scenario 2: Arrival burst,train_test,,0,,0,10,20,5,5,5,5,"{""EAST"": [2, 3, 6, 7, 8], ""NORTH"": [0, 0, 6, 6, 8], ""SOUTH"": [0, 0, 1, 1, 7], ""WEST"": [0, 0, 2, 3, 3]}","{""EAST"": [""N_EXIT"", ""S_EXIT"", ""N_EXIT"", ""W_EXIT"", ""W_EXIT""], ""NORTH"": [""S_EXIT"", ""W_EXIT"", ""S_EXIT"", ""E_EXIT"", ""W_EXIT""], ""SOUTH"": [""E_EXIT"", ""W_EXIT"", ""E_EXIT"", ""E_EXIT"", ""N_EXIT""], ""WEST"": [""N_EXIT"", ""S_EXIT"", ""S_EXIT"", ""N_EXIT"", ""E_EXIT""]}"
197,40197,2,arrival_burst,Scenario 2: Arrival burst,train_test,,0,,0,10,20,5,5,5,5,"{""EAST"": [2, 3, 3, 5, 6], ""NORTH"": [1, 2, 5, 6, 8], ""SOUTH"": [1, 2, 6, 7, 8], ""WEST"": [0, 1, 1, 2, 2]}","{""EAST"": [""N_EXIT"", ""W_EXIT"", ""S_EXIT"", ""W_EXIT"", ""N_EXIT""], ""NORTH"": [""E_EXIT"", ""S_EXIT"", ""S_EXIT"", ""W_EXIT"", ""S_EXIT""], ""SOUTH"": [""W_EXIT"", ""E_EXIT"", ""E_EXIT"", ""N_EXIT"", ""W_EXIT""], ""WEST"": [""N_EXIT"", ""N_EXIT"", ""E_EXIT"", ""S_EXIT"", ""E_EXIT""]}"
198,40198,2,arrival_burst,Scenario 2: Arrival burst,train_test,,0,,0,10,20,5,5,5,5,"{""EAST"": [1, 3, 6, 7, 8], ""NORTH"": [0, 1, 2, 6, 7], ""SOUTH"": [1, 1, 1, 2, 4], ""WEST"": [1, 2, 3, 3, 8]}","{""EAST"": [""N_EXIT"", ""S_EXIT"", ""N_EXIT"", ""S_EXIT"", ""W_EXIT""], ""NORTH"": [""S_EXIT"", ""E_EXIT"", ""S_EXIT"", ""W_EXIT"", ""W_EXIT""], ""SOUTH"": [""W_EXIT"", ""W_EXIT"", ""E_EXIT"", ""E_EXIT"", ""E_EXIT""], ""WEST"": [""E_EXIT"", ""N_EXIT"", ""N_EXIT"", ""S_EXIT"", ""N_EXIT""]}"
199,40199,2,arrival_burst,Scenario 2: Arrival burst,train_test,,0,,0,10,20,5,5,5,5,"{""EAST"": [0, 2, 2, 2, 7], ""NORTH"": [1, 1, 2, 3, 6], ""SOUTH"": [2, 2, 4, 6, 8], ""WEST"": [0, 3, 4, 6, 6]}","{""EAST"": [""S_EXIT"", ""S_EXIT"", ""N_EXIT"", ""W_EXIT"", ""S_EXIT""], ""NORTH"": [""W_EXIT"", ""S_EXIT"", ""E_EXIT"", ""W_EXIT"", ""E_EXIT""], ""SOUTH"": [""N_EXIT"", ""W_EXIT"", ""E_EXIT"", ""W_EXIT"", ""N_EXIT""], ""WEST"": [""E_EXIT"", ""N_EXIT"", ""S_EXIT"", ""E_EXIT"", ""N_EXIT""]}"
200,40200,3,direction_skewed,Scenario 3: Direction-skewed,train_test,NORTH,14,,0,0,20,14,1,2,3,"{""EAST"": [0, 4, 8], ""NORTH"": [0, 4, 8, 12, 16, 20, 24, 28, 32, 36, 40, 44, 48, 52], ""SOUTH"": [0], ""WEST"": [0, 4]}","{""EAST"": [""N_EXIT"", ""N_EXIT"", ""N_EXIT""], ""NORTH"": [""S_EXIT"", ""E_EXIT"", ""W_EXIT"", ""E_EXIT"", ""W_EXIT"", ""S_EXIT"", ""S_EXIT"", ""W_EXIT"", ""E_EXIT"", ""S_EXIT"", ""W_EXIT"", ""E_EXIT"", ""W_EXIT"", ""S_EXIT""], ""SOUTH"": [""N_EXIT""], ""WEST"": [""N_EXIT"", ""E_EXIT""]}"
201,40201,3,direction_skewed,Scenario 3: Direction-skewed,train_test,EAST,10,,0,0,20,5,4,1,10,"{""EAST"": [0, 4, 8, 12, 16, 20, 24, 28, 32, 36], ""NORTH"": [0, 4, 8, 12, 16], ""SOUTH"": [0, 4, 8, 12], ""WEST"": [0]}","{""EAST"": [""S_EXIT"", ""W_EXIT"", ""N_EXIT"", ""N_EXIT"", ""S_EXIT"", ""N_EXIT"", ""S_EXIT"", ""W_EXIT"", ""S_EXIT"", ""N_EXIT""], ""NORTH"": [""W_EXIT"", ""E_EXIT"", ""S_EXIT"", ""W_EXIT"", ""E_EXIT""], ""SOUTH"": [""E_EXIT"", ""E_EXIT"", ""W_EXIT"", ""E_EXIT""], ""WEST"": [""N_EXIT""]}"
202,40202,3,direction_skewed,Scenario 3: Direction-skewed,train_test,SOUTH,11,,0,0,20,4,11,4,1,"{""EAST"": [0], ""NORTH"": [0, 4, 8, 12], ""SOUTH"": [0, 4, 8, 12, 16, 20, 24, 28, 32, 36, 40], ""WEST"": [0, 4, 8, 12]}","{""EAST"": [""W_EXIT""], ""NORTH"": [""E_EXIT"", ""W_EXIT"", ""W_EXIT"", ""S_EXIT""], ""SOUTH"": [""N_EXIT"", ""E_EXIT"", ""W_EXIT"", ""N_EXIT"", ""E_EXIT"", ""N_EXIT"", ""E_EXIT"", ""N_EXIT"", ""W_EXIT"", ""E_EXIT"", ""N_EXIT""], ""WEST"": [""S_EXIT"", ""S_EXIT"", ""S_EXIT"", ""S_EXIT""]}"
203,40203,3,direction_skewed,Scenario 3: Direction-skewed,train_test,WEST,11,,0,0,20,3,2,11,4,"{""EAST"": [0, 4, 8, 12], ""NORTH"": [0, 4, 8], ""SOUTH"": [0, 4], ""WEST"": [0, 4, 8, 12, 16, 20, 24, 28, 32, 36, 40]}","{""EAST"": [""W_EXIT"", ""S_EXIT"", ""W_EXIT"", ""W_EXIT""], ""NORTH"": [""W_EXIT"", ""E_EXIT"", ""W_EXIT""], ""SOUTH"": [""E_EXIT"", ""N_EXIT""], ""WEST"": [""N_EXIT"", ""S_EXIT"", ""E_EXIT"", ""N_EXIT"", ""N_EXIT"", ""S_EXIT"", ""E_EXIT"", ""E_EXIT"", ""S_EXIT"", ""S_EXIT"", ""N_EXIT""]}"
204,40204,3,direction_skewed,Scenario 3: Direction-skewed,train_test,NORTH,14,,0,0,20,14,3,1,2,"{""EAST"": [0, 4], ""NORTH"": [0, 4, 8, 12, 16, 20, 24, 28, 32, 36, 40, 44, 48, 52], ""SOUTH"": [0, 4, 8], ""WEST"": [0]}","{""EAST"": [""W_EXIT"", ""N_EXIT""], ""NORTH"": [""E_EXIT"", ""S_EXIT"", ""E_EXIT"", ""S_EXIT"", ""W_EXIT"", ""W_EXIT"", ""S_EXIT"", ""E_EXIT"", ""S_EXIT"", ""E_EXIT"", ""W_EXIT"", ""W_EXIT"", ""S_EXIT"", ""E_EXIT""], ""SOUTH"": [""N_EXIT"", ""N_EXIT"", ""N_EXIT""], ""WEST"": [""N_EXIT""]}"
205,40205,3,direction_skewed,Scenario 3: Direction-skewed,train_test,EAST,13,,0,0,20,2,2,3,13,"{""EAST"": [0, 4, 8, 12, 16, 20, 24, 28, 32, 36, 40, 44, 48], ""NORTH"": [0, 4], ""SOUTH"": [0, 4], ""WEST"": [0, 4, 8]}","{""EAST"": [""N_EXIT"", ""W_EXIT"", ""S_EXIT"", ""N_EXIT"", ""S_EXIT"", ""W_EXIT"", ""S_EXIT"", ""N_EXIT"", ""W_EXIT"", ""W_EXIT"", ""S_EXIT"", ""W_EXIT"", ""N_EXIT""], ""NORTH"": [""E_EXIT"", ""E_EXIT""], ""SOUTH"": [""E_EXIT"", ""E_EXIT""], ""WEST"": [""E_EXIT"", ""S_EXIT"", ""N_EXIT""]}"
206,40206,3,direction_skewed,Scenario 3: Direction-skewed,train_test,SOUTH,13,,0,0,20,1,13,3,3,"{""EAST"": [0, 4, 8], ""NORTH"": [0], ""SOUTH"": [0, 4, 8, 12, 16, 20, 24, 28, 32, 36, 40, 44, 48], ""WEST"": [0, 4, 8]}","{""EAST"": [""N_EXIT"", ""S_EXIT"", ""S_EXIT""], ""NORTH"": [""S_EXIT""], ""SOUTH"": [""E_EXIT"", ""N_EXIT"", ""W_EXIT"", ""W_EXIT"", ""W_EXIT"", ""E_EXIT"", ""N_EXIT"", ""E_EXIT"", ""N_EXIT"", ""W_EXIT"", ""E_EXIT"", ""W_EXIT"", ""N_EXIT""], ""WEST"": [""S_EXIT"", ""E_EXIT"", ""S_EXIT""]}"
207,40207,3,direction_skewed,Scenario 3: Direction-skewed,train_test,WEST,11,,0,0,20,4,3,11,2,"{""EAST"": [0, 4], ""NORTH"": [0, 4, 8, 12], ""SOUTH"": [0, 4, 8], ""WEST"": [0, 4, 8, 12, 16, 20, 24, 28, 32, 36, 40]}","{""EAST"": [""W_EXIT"", ""W_EXIT""], ""NORTH"": [""E_EXIT"", ""W_EXIT"", ""S_EXIT"", ""W_EXIT""], ""SOUTH"": [""N_EXIT"", ""E_EXIT"", ""W_EXIT""], ""WEST"": [""S_EXIT"", ""S_EXIT"", ""N_EXIT"", ""N_EXIT"", ""E_EXIT"", ""N_EXIT"", ""S_EXIT"", ""E_EXIT"", ""S_EXIT"", ""E_EXIT"", ""N_EXIT""]}"
208,40208,3,direction_skewed,Scenario 3: Direction-skewed,train_test,NORTH,13,,0,0,20,13,3,1,3,"{""EAST"": [0, 4, 8], ""NORTH"": [0, 4, 8, 12, 16, 20, 24, 28, 32, 36, 40, 44, 48], ""SOUTH"": [0, 4, 8], ""WEST"": [0]}","{""EAST"": [""W_EXIT"", ""N_EXIT"", ""N_EXIT""], ""NORTH"": [""E_EXIT"", ""S_EXIT"", ""S_EXIT"", ""W_EXIT"", ""E_EXIT"", ""W_EXIT"", ""S_EXIT"", ""W_EXIT"", ""E_EXIT"", ""S_EXIT"", ""E_EXIT"", ""W_EXIT"", ""S_EXIT""], ""SOUTH"": [""N_EXIT"", ""N_EXIT"", ""E_EXIT""], ""WEST"": [""N_EXIT""]}"
209,40209,3,direction_skewed,Scenario 3: Direction-skewed,train_test,EAST,12,,0,0,20,3,1,4,12,"{""EAST"": [0, 4, 8, 12, 16, 20, 24, 28, 32, 36, 40, 44], ""NORTH"": [0, 4, 8], ""SOUTH"": [0], ""WEST"": [0, 4, 8, 12]}","{""EAST"": [""S_EXIT"", ""N_EXIT"", ""S_EXIT"", ""W_EXIT"", ""N_EXIT"", ""W_EXIT"", ""N_EXIT"", ""S_EXIT"", ""W_EXIT"", ""N_EXIT"", ""W_EXIT"", ""S_EXIT""], ""NORTH"": [""W_EXIT"", ""E_EXIT"", ""E_EXIT""], ""SOUTH"": [""E_EXIT""], ""WEST"": [""E_EXIT"", ""N_EXIT"", ""S_EXIT"", ""E_EXIT""]}"
210,40210,3,direction_skewed,Scenario 3: Direction-skewed,train_test,SOUTH,10,,0,0,20,4,10,2,4,"{""EAST"": [0, 4, 8, 12], ""NORTH"": [0, 4, 8, 12], ""SOUTH"": [0, 4, 8, 12, 16, 20, 24, 28, 32, 36], ""WEST"": [0, 4]}","{""EAST"": [""N_EXIT"", ""S_EXIT"", ""S_EXIT"", ""S_EXIT""], ""NORTH"": [""W_EXIT"", ""S_EXIT"", ""S_EXIT"", ""W_EXIT""], ""SOUTH"": [""E_EXIT"", ""E_EXIT"", ""W_EXIT"", ""N_EXIT"", ""W_EXIT"", ""N_EXIT"", ""E_EXIT"", ""W_EXIT"", ""N_EXIT"", ""N_EXIT""], ""WEST"": [""E_EXIT"", ""E_EXIT""]}"
211,40211,3,direction_skewed,Scenario 3: Direction-skewed,train_test,WEST,11,,0,0,20,3,3,11,3,"{""EAST"": [0, 4, 8], ""NORTH"": [0, 4, 8], ""SOUTH"": [0, 4, 8], ""WEST"": [0, 4, 8, 12, 16, 20, 24, 28, 32, 36, 40]}","{""EAST"": [""N_EXIT"", ""W_EXIT"", ""W_EXIT""], ""NORTH"": [""S_EXIT"", ""W_EXIT"", ""S_EXIT""], ""SOUTH"": [""E_EXIT"", ""W_EXIT"", ""W_EXIT""], ""WEST"": [""S_EXIT"", ""N_EXIT"", ""E_EXIT"", ""S_EXIT"", ""N_EXIT"", ""E_EXIT"", ""N_EXIT"", ""E_EXIT"", ""S_EXIT"", ""E_EXIT"", ""N_EXIT""]}"
212,40212,3,direction_skewed,Scenario 3: Direction-skewed,train_test,NORTH,10,,0,0,20,10,5,2,3,"{""EAST"": [0, 4, 8], ""NORTH"": [0, 4, 8, 12, 16, 20, 24, 28, 32, 36], ""SOUTH"": [0, 4, 8, 12, 16], ""WEST"": [0, 4]}","{""EAST"": [""N_EXIT"", ""S_EXIT"", ""N_EXIT""], ""NORTH"": [""E_EXIT"", ""W_EXIT"", ""S_EXIT"", ""W_EXIT"", ""W_EXIT"", ""S_EXIT"", ""E_EXIT"", ""E_EXIT"", ""S_EXIT"", ""W_EXIT""], ""SOUTH"": [""E_EXIT"", ""N_EXIT"", ""E_EXIT"", ""N_EXIT"", ""W_EXIT""], ""WEST"": [""S_EXIT"", ""N_EXIT""]}"
213,40213,3,direction_skewed,Scenario 3: Direction-skewed,train_test,EAST,14,,0,0,20,3,2,1,14,"{""EAST"": [0, 4, 8, 12, 16, 20, 24, 28, 32, 36, 40, 44, 48, 52], ""NORTH"": [0, 4, 8], ""SOUTH"": [0, 4], ""WEST"": [0]}","{""EAST"": [""S_EXIT"", ""N_EXIT"", ""N_EXIT"", ""W_EXIT"", ""S_EXIT"", ""S_EXIT"", ""N_EXIT"", ""W_EXIT"", ""W_EXIT"", ""S_EXIT"", ""N_EXIT"", ""S_EXIT"", ""N_EXIT"", ""W_EXIT""], ""NORTH"": [""W_EXIT"", ""E_EXIT"", ""E_EXIT""], ""SOUTH"": [""E_EXIT"", ""E_EXIT""], ""WEST"": [""E_EXIT""]}"
214,40214,3,direction_skewed,Scenario 3: Direction-skewed,train_test,SOUTH,10,,0,0,20,1,10,5,4,"{""EAST"": [0, 4, 8, 12], ""NORTH"": [0], ""SOUTH"": [0, 4, 8, 12, 16, 20, 24, 28, 32, 36], ""WEST"": [0, 4, 8, 12, 16]}","{""EAST"": [""W_EXIT"", ""W_EXIT"", ""S_EXIT"", ""N_EXIT""], ""NORTH"": [""S_EXIT""], ""SOUTH"": [""W_EXIT"", ""E_EXIT"", ""N_EXIT"", ""N_EXIT"", ""E_EXIT"", ""W_EXIT"", ""E_EXIT"", ""N_EXIT"", ""W_EXIT"", ""E_EXIT""], ""WEST"": [""S_EXIT"", ""N_EXIT"", ""S_EXIT"", ""S_EXIT"", ""E_EXIT""]}"
215,40215,3,direction_skewed,Scenario 3: Direction-skewed,train_test,WEST,12,,0,0,20,2,4,12,2,"{""EAST"": [0, 4], ""NORTH"": [0, 4], ""SOUTH"": [0, 4, 8, 12], ""WEST"": [0, 4, 8, 12, 16, 20, 24, 28, 32, 36, 40, 44]}","{""EAST"": [""S_EXIT"", ""W_EXIT""], ""NORTH"": [""W_EXIT"", ""W_EXIT""], ""SOUTH"": [""N_EXIT"", ""W_EXIT"", ""E_EXIT"", ""W_EXIT""], ""WEST"": [""S_EXIT"", ""E_EXIT"", ""N_EXIT"", ""E_EXIT"", ""S_EXIT"", ""N_EXIT"", ""E_EXIT"", ""N_EXIT"", ""S_EXIT"", ""S_EXIT"", ""N_EXIT"", ""E_EXIT""]}"
216,40216,3,direction_skewed,Scenario 3: Direction-skewed,train_test,NORTH,10,,0,0,20,10,1,4,5,"{""EAST"": [0, 4, 8, 12, 16], ""NORTH"": [0, 4, 8, 12, 16, 20, 24, 28, 32, 36], ""SOUTH"": [0], ""WEST"": [0, 4, 8, 12]}","{""EAST"": [""W_EXIT"", ""N_EXIT"", ""N_EXIT"", ""W_EXIT"", ""S_EXIT""], ""NORTH"": [""S_EXIT"", ""E_EXIT"", ""S_EXIT"", ""W_EXIT"", ""S_EXIT"", ""S_EXIT"", ""E_EXIT"", ""W_EXIT"", ""W_EXIT"", ""E_EXIT""], ""SOUTH"": [""E_EXIT""], ""WEST"": [""E_EXIT"", ""N_EXIT"", ""N_EXIT"", ""N_EXIT""]}"
217,40217,3,direction_skewed,Scenario 3: Direction-skewed,train_test,EAST,11,,0,0,20,1,4,4,11,"{""EAST"": [0, 4, 8, 12, 16, 20, 24, 28, 32, 36, 40], ""NORTH"": [0], ""SOUTH"": [0, 4, 8, 12], ""WEST"": [0, 4, 8, 12]}","{""EAST"": [""N_EXIT"", ""S_EXIT"", ""W_EXIT"", ""N_EXIT"", ""S_EXIT"", ""W_EXIT"", ""S_EXIT"", ""N_EXIT"", ""N_EXIT"", ""W_EXIT"", ""S_EXIT""], ""NORTH"": [""W_EXIT""], ""SOUTH"": [""W_EXIT"", ""N_EXIT"", ""E_EXIT"", ""E_EXIT""], ""WEST"": [""S_EXIT"", ""E_EXIT"", ""E_EXIT"", ""E_EXIT""]}"
218,40218,3,direction_skewed,Scenario 3: Direction-skewed,train_test,SOUTH,10,,0,0,20,3,10,4,3,"{""EAST"": [0, 4, 8], ""NORTH"": [0, 4, 8], ""SOUTH"": [0, 4, 8, 12, 16, 20, 24, 28, 32, 36], ""WEST"": [0, 4, 8, 12]}","{""EAST"": [""N_EXIT"", ""S_EXIT"", ""S_EXIT""], ""NORTH"": [""S_EXIT"", ""E_EXIT"", ""W_EXIT""], ""SOUTH"": [""E_EXIT"", ""N_EXIT"", ""W_EXIT"", ""E_EXIT"", ""N_EXIT"", ""W_EXIT"", ""W_EXIT"", ""E_EXIT"", ""W_EXIT"", ""N_EXIT""], ""WEST"": [""S_EXIT"", ""E_EXIT"", ""S_EXIT"", ""N_EXIT""]}"
219,40219,3,direction_skewed,Scenario 3: Direction-skewed,train_test,WEST,11,,0,0,20,4,3,11,2,"{""EAST"": [0, 4], ""NORTH"": [0, 4, 8, 12], ""SOUTH"": [0, 4, 8], ""WEST"": [0, 4, 8, 12, 16, 20, 24, 28, 32, 36, 40]}","{""EAST"": [""S_EXIT"", ""N_EXIT""], ""NORTH"": [""E_EXIT"", ""E_EXIT"", ""W_EXIT"", ""W_EXIT""], ""SOUTH"": [""W_EXIT"", ""W_EXIT"", ""W_EXIT""], ""WEST"": [""N_EXIT"", ""S_EXIT"", ""N_EXIT"", ""S_EXIT"", ""E_EXIT"", ""N_EXIT"", ""E_EXIT"", ""S_EXIT"", ""E_EXIT"", ""S_EXIT"", ""N_EXIT""]}"
220,40220,3,direction_skewed,Scenario 3: Direction-skewed,train_test,NORTH,14,,0,0,20,14,2,3,1,"{""EAST"": [0], ""NORTH"": [0, 4, 8, 12, 16, 20, 24, 28, 32, 36, 40, 44, 48, 52], ""SOUTH"": [0, 4], ""WEST"": [0, 4, 8]}","{""EAST"": [""N_EXIT""], ""NORTH"": [""S_EXIT"", ""E_EXIT"", ""W_EXIT"", ""W_EXIT"", ""S_EXIT"", ""E_EXIT"", ""W_EXIT"", ""S_EXIT"", ""E_EXIT"", ""W_EXIT"", ""S_EXIT"", ""S_EXIT"", ""E_EXIT"", ""W_EXIT""], ""SOUTH"": [""N_EXIT"", ""E_EXIT""], ""WEST"": [""N_EXIT"", ""N_EXIT"", ""N_EXIT""]}"
221,40221,3,direction_skewed,Scenario 3: Direction-skewed,train_test,EAST,10,,0,0,20,3,4,3,10,"{""EAST"": [0, 4, 8, 12, 16, 20, 24, 28, 32, 36], ""NORTH"": [0, 4, 8], ""SOUTH"": [0, 4, 8, 12], ""WEST"": [0, 4, 8]}","{""EAST"": [""N_EXIT"", ""S_EXIT"", ""S_EXIT"", ""W_EXIT"", ""S_EXIT"", ""S_EXIT"", ""N_EXIT"", ""S_EXIT"", ""N_EXIT"", ""W_EXIT""], ""NORTH"": [""W_EXIT"", ""W_EXIT"", ""W_EXIT""], ""SOUTH"": [""E_EXIT"", ""E_EXIT"", ""N_EXIT"", ""E_EXIT""], ""WEST"": [""N_EXIT"", ""E_EXIT"", ""E_EXIT""]}"
222,40222,3,direction_skewed,Scenario 3: Direction-skewed,train_test,SOUTH,11,,0,0,20,3,11,3,3,"{""EAST"": [0, 4, 8], ""NORTH"": [0, 4, 8], ""SOUTH"": [0, 4, 8, 12, 16, 20, 24, 28, 32, 36, 40], ""WEST"": [0, 4, 8]}","{""EAST"": [""W_EXIT"", ""S_EXIT"", ""W_EXIT""], ""NORTH"": [""S_EXIT"", ""E_EXIT"", ""W_EXIT""], ""SOUTH"": [""W_EXIT"", ""N_EXIT"", ""N_EXIT"", ""E_EXIT"", ""W_EXIT"", ""N_EXIT"", ""E_EXIT"", ""E_EXIT"", ""N_EXIT"", ""E_EXIT"", ""N_EXIT""], ""WEST"": [""S_EXIT"", ""S_EXIT"", ""S_EXIT""]}"
223,40223,3,direction_skewed,Scenario 3: Direction-skewed,train_test,WEST,10,,0,0,20,4,3,10,3,"{""EAST"": [0, 4, 8], ""NORTH"": [0, 4, 8, 12], ""SOUTH"": [0, 4, 8], ""WEST"": [0, 4, 8, 12, 16, 20, 24, 28, 32, 36]}","{""EAST"": [""N_EXIT"", ""N_EXIT"", ""N_EXIT""], ""NORTH"": [""S_EXIT"", ""W_EXIT"", ""W_EXIT"", ""W_EXIT""], ""SOUTH"": [""W_EXIT"", ""W_EXIT"", ""E_EXIT""], ""WEST"": [""N_EXIT"", ""S_EXIT"", ""E_EXIT"", ""E_EXIT"", ""N_EXIT"", ""S_EXIT"", ""E_EXIT"", ""S_EXIT"", ""S_EXIT"", ""E_EXIT""]}"
224,40224,3,direction_skewed,Scenario 3: Direction-skewed,train_test,NORTH,14,,0,0,20,14,3,2,1,"{""EAST"": [0], ""NORTH"": [0, 4, 8, 12, 16, 20, 24, 28, 32, 36, 40, 44, 48, 52], ""SOUTH"": [0, 4, 8], ""WEST"": [0, 4]}","{""EAST"": [""N_EXIT""], ""NORTH"": [""S_EXIT"", ""E_EXIT"", ""W_EXIT"", ""E_EXIT"", ""S_EXIT"", ""W_EXIT"", ""W_EXIT"", ""S_EXIT"", ""E_EXIT"", ""W_EXIT"", ""E_EXIT"", ""S_EXIT"", ""W_EXIT"", ""S_EXIT""], ""SOUTH"": [""N_EXIT"", ""N_EXIT"", ""N_EXIT""], ""WEST"": [""N_EXIT"", ""E_EXIT""]}"
225,40225,3,direction_skewed,Scenario 3: Direction-skewed,train_test,EAST,13,,0,0,20,3,3,1,13,"{""EAST"": [0, 4, 8, 12, 16, 20, 24, 28, 32, 36, 40, 44, 48], ""NORTH"": [0, 4, 8], ""SOUTH"": [0, 4, 8], ""WEST"": [0]}","{""EAST"": [""W_EXIT"", ""N_EXIT"", ""S_EXIT"", ""W_EXIT"", ""S_EXIT"", ""N_EXIT"", ""N_EXIT"", ""W_EXIT"", ""S_EXIT"", ""N_EXIT"", ""W_EXIT"", ""N_EXIT"", ""S_EXIT""], ""NORTH"": [""E_EXIT"", ""E_EXIT"", ""S_EXIT""], ""SOUTH"": [""E_EXIT"", ""E_EXIT"", ""W_EXIT""], ""WEST"": [""E_EXIT""]}"
226,40226,3,direction_skewed,Scenario 3: Direction-skewed,train_test,SOUTH,14,,0,0,20,3,14,2,1,"{""EAST"": [0], ""NORTH"": [0, 4, 8], ""SOUTH"": [0, 4, 8, 12, 16, 20, 24, 28, 32, 36, 40, 44, 48, 52], ""WEST"": [0, 4]}","{""EAST"": [""S_EXIT""], ""NORTH"": [""W_EXIT"", ""S_EXIT"", ""S_EXIT""], ""SOUTH"": [""E_EXIT"", ""N_EXIT"", ""N_EXIT"", ""E_EXIT"", ""W_EXIT"", ""W_EXIT"", ""E_EXIT"", ""N_EXIT"", ""E_EXIT"", ""N_EXIT"", ""W_EXIT"", ""N_EXIT"", ""E_EXIT"", ""W_EXIT""], ""WEST"": [""S_EXIT"", ""S_EXIT""]}"
227,40227,3,direction_skewed,Scenario 3: Direction-skewed,train_test,WEST,10,,0,0,20,3,2,10,5,"{""EAST"": [0, 4, 8, 12, 16], ""NORTH"": [0, 4, 8], ""SOUTH"": [0, 4], ""WEST"": [0, 4, 8, 12, 16, 20, 24, 28, 32, 36]}","{""EAST"": [""W_EXIT"", ""N_EXIT"", ""N_EXIT"", ""W_EXIT"", ""W_EXIT""], ""NORTH"": [""E_EXIT"", ""E_EXIT"", ""S_EXIT""], ""SOUTH"": [""W_EXIT"", ""W_EXIT""], ""WEST"": [""S_EXIT"", ""N_EXIT"", ""S_EXIT"", ""E_EXIT"", ""S_EXIT"", ""E_EXIT"", ""S_EXIT"", ""N_EXIT"", ""N_EXIT"", ""E_EXIT""]}"
228,40228,3,direction_skewed,Scenario 3: Direction-skewed,train_test,NORTH,10,,0,0,20,10,4,3,3,"{""EAST"": [0, 4, 8], ""NORTH"": [0, 4, 8, 12, 16, 20, 24, 28, 32, 36], ""SOUTH"": [0, 4, 8, 12], ""WEST"": [0, 4, 8]}","{""EAST"": [""S_EXIT"", ""N_EXIT"", ""N_EXIT""], ""NORTH"": [""W_EXIT"", ""E_EXIT"", ""S_EXIT"", ""W_EXIT"", ""E_EXIT"", ""E_EXIT"", ""W_EXIT"", ""S_EXIT"", ""W_EXIT"", ""S_EXIT""], ""SOUTH"": [""N_EXIT"", ""N_EXIT"", ""W_EXIT"", ""E_EXIT""], ""WEST"": [""N_EXIT"", ""E_EXIT"", ""S_EXIT""]}"
229,40229,3,direction_skewed,Scenario 3: Direction-skewed,train_test,EAST,13,,0,0,20,3,1,3,13,"{""EAST"": [0, 4, 8, 12, 16, 20, 24, 28, 32, 36, 40, 44, 48], ""NORTH"": [0, 4, 8], ""SOUTH"": [0], ""WEST"": [0, 4, 8]}","{""EAST"": [""W_EXIT"", ""S_EXIT"", ""S_EXIT"", ""N_EXIT"", ""W_EXIT"", ""S_EXIT"", ""N_EXIT"", ""W_EXIT"", ""W_EXIT"", ""S_EXIT"", ""N_EXIT"", ""W_EXIT"", ""S_EXIT""], ""NORTH"": [""E_EXIT"", ""E_EXIT"", ""E_EXIT""], ""SOUTH"": [""E_EXIT""], ""WEST"": [""N_EXIT"", ""E_EXIT"", ""N_EXIT""]}"
230,40230,3,direction_skewed,Scenario 3: Direction-skewed,train_test,SOUTH,10,,0,0,20,2,10,4,4,"{""EAST"": [0, 4, 8, 12], ""NORTH"": [0, 4], ""SOUTH"": [0, 4, 8, 12, 16, 20, 24, 28, 32, 36], ""WEST"": [0, 4, 8, 12]}","{""EAST"": [""W_EXIT"", ""S_EXIT"", ""S_EXIT"", ""S_EXIT""], ""NORTH"": [""E_EXIT"", ""E_EXIT""], ""SOUTH"": [""N_EXIT"", ""N_EXIT"", ""W_EXIT"", ""W_EXIT"", ""W_EXIT"", ""N_EXIT"", ""E_EXIT"", ""E_EXIT"", ""N_EXIT"", ""W_EXIT""], ""WEST"": [""S_EXIT"", ""E_EXIT"", ""N_EXIT"", ""S_EXIT""]}"
231,40231,3,direction_skewed,Scenario 3: Direction-skewed,train_test,WEST,10,,0,0,20,4,4,10,2,"{""EAST"": [0, 4], ""NORTH"": [0, 4, 8, 12], ""SOUTH"": [0, 4, 8, 12], ""WEST"": [0, 4, 8, 12, 16, 20, 24, 28, 32, 36]}","{""EAST"": [""N_EXIT"", ""W_EXIT""], ""NORTH"": [""S_EXIT"", ""S_EXIT"", ""E_EXIT"", ""W_EXIT""], ""SOUTH"": [""W_EXIT"", ""W_EXIT"", ""W_EXIT"", ""E_EXIT""], ""WEST"": [""E_EXIT"", ""S_EXIT"", ""E_EXIT"", ""N_EXIT"", ""N_EXIT"", ""N_EXIT"", ""E_EXIT"", ""S_EXIT"", ""N_EXIT"", ""S_EXIT""]}"
232,40232,3,direction_skewed,Scenario 3: Direction-skewed,train_test,NORTH,10,,0,0,20,10,5,2,3,"{""EAST"": [0, 4, 8], ""NORTH"": [0, 4, 8, 12, 16, 20, 24, 28, 32, 36], ""SOUTH"": [0, 4, 8, 12, 16], ""WEST"": [0, 4]}","{""EAST"": [""N_EXIT"", ""S_EXIT"", ""W_EXIT""], ""NORTH"": [""S_EXIT"", ""W_EXIT"", ""S_EXIT"", ""W_EXIT"", ""E_EXIT"", ""S_EXIT"", ""W_EXIT"", ""E_EXIT"", ""S_EXIT"", ""E_EXIT""], ""SOUTH"": [""N_EXIT"", ""N_EXIT"", ""W_EXIT"", ""E_EXIT"", ""N_EXIT""], ""WEST"": [""E_EXIT"", ""N_EXIT""]}"
233,40233,3,direction_skewed,Scenario 3: Direction-skewed,train_test,EAST,13,,0,0,20,2,2,3,13,"{""EAST"": [0, 4, 8, 12, 16, 20, 24, 28, 32, 36, 40, 44, 48], ""NORTH"": [0, 4], ""SOUTH"": [0, 4], ""WEST"": [0, 4, 8]}","{""EAST"": [""W_EXIT"", ""S_EXIT"", ""W_EXIT"", ""N_EXIT"", ""W_EXIT"", ""N_EXIT"", ""S_EXIT"", ""S_EXIT"", ""N_EXIT"", ""W_EXIT"", ""W_EXIT"", ""S_EXIT"", ""N_EXIT""], ""NORTH"": [""S_EXIT"", ""E_EXIT""], ""SOUTH"": [""E_EXIT"", ""E_EXIT""], ""WEST"": [""N_EXIT"", ""E_EXIT"", ""E_EXIT""]}"
234,40234,3,direction_skewed,Scenario 3: Direction-skewed,train_test,SOUTH,12,,0,0,20,3,12,1,4,"{""EAST"": [0, 4, 8, 12], ""NORTH"": [0, 4, 8], ""SOUTH"": [0, 4, 8, 12, 16, 20, 24, 28, 32, 36, 40, 44], ""WEST"": [0]}","{""EAST"": [""N_EXIT"", ""S_EXIT"", ""S_EXIT"", ""S_EXIT""], ""NORTH"": [""E_EXIT"", ""S_EXIT"", ""S_EXIT""], ""SOUTH"": [""W_EXIT"", ""E_EXIT"", ""W_EXIT"", ""N_EXIT"", ""W_EXIT"", ""E_EXIT"", ""N_EXIT"", ""N_EXIT"", ""W_EXIT"", ""E_EXIT"", ""N_EXIT"", ""W_EXIT""], ""WEST"": [""E_EXIT""]}"
235,40235,3,direction_skewed,Scenario 3: Direction-skewed,train_test,WEST,13,,0,0,20,3,1,13,3,"{""EAST"": [0, 4, 8], ""NORTH"": [0, 4, 8], ""SOUTH"": [0], ""WEST"": [0, 4, 8, 12, 16, 20, 24, 28, 32, 36, 40, 44, 48]}","{""EAST"": [""W_EXIT"", ""W_EXIT"", ""N_EXIT""], ""NORTH"": [""W_EXIT"", ""S_EXIT"", ""W_EXIT""], ""SOUTH"": [""W_EXIT""], ""WEST"": [""S_EXIT"", ""E_EXIT"", ""N_EXIT"", ""S_EXIT"", ""E_EXIT"", ""N_EXIT"", ""N_EXIT"", ""S_EXIT"", ""E_EXIT"", ""S_EXIT"", ""E_EXIT"", ""N_EXIT"", ""E_EXIT""]}"
236,40236,3,direction_skewed,Scenario 3: Direction-skewed,train_test,NORTH,11,,0,0,20,11,2,4,3,"{""EAST"": [0, 4, 8], ""NORTH"": [0, 4, 8, 12, 16, 20, 24, 28, 32, 36, 40], ""SOUTH"": [0, 4], ""WEST"": [0, 4, 8, 12]}","{""EAST"": [""W_EXIT"", ""W_EXIT"", ""W_EXIT""], ""NORTH"": [""S_EXIT"", ""E_EXIT"", ""E_EXIT"", ""E_EXIT"", ""S_EXIT"", ""E_EXIT"", ""S_EXIT"", ""W_EXIT"", ""S_EXIT"", ""W_EXIT"", ""E_EXIT""], ""SOUTH"": [""N_EXIT"", ""N_EXIT""], ""WEST"": [""N_EXIT"", ""S_EXIT"", ""N_EXIT"", ""N_EXIT""]}"
237,40237,3,direction_skewed,Scenario 3: Direction-skewed,train_test,EAST,11,,0,0,20,1,4,4,11,"{""EAST"": [0, 4, 8, 12, 16, 20, 24, 28, 32, 36, 40], ""NORTH"": [0], ""SOUTH"": [0, 4, 8, 12], ""WEST"": [0, 4, 8, 12]}","{""EAST"": [""N_EXIT"", ""S_EXIT"", ""N_EXIT"", ""W_EXIT"", ""S_EXIT"", ""N_EXIT"", ""W_EXIT"", ""S_EXIT"", ""N_EXIT"", ""W_EXIT"", ""W_EXIT""], ""NORTH"": [""S_EXIT""], ""SOUTH"": [""W_EXIT"", ""E_EXIT"", ""N_EXIT"", ""E_EXIT""], ""WEST"": [""E_EXIT"", ""S_EXIT"", ""E_EXIT"", ""E_EXIT""]}"
238,40238,3,direction_skewed,Scenario 3: Direction-skewed,train_test,SOUTH,13,,0,0,20,3,13,2,2,"{""EAST"": [0, 4], ""NORTH"": [0, 4, 8], ""SOUTH"": [0, 4, 8, 12, 16, 20, 24, 28, 32, 36, 40, 44, 48], ""WEST"": [0, 4]}","{""EAST"": [""S_EXIT"", ""S_EXIT""], ""NORTH"": [""S_EXIT"", ""W_EXIT"", ""S_EXIT""], ""SOUTH"": [""N_EXIT"", ""W_EXIT"", ""N_EXIT"", ""E_EXIT"", ""W_EXIT"", ""E_EXIT"", ""W_EXIT"", ""N_EXIT"", ""W_EXIT"", ""N_EXIT"", ""E_EXIT"", ""N_EXIT"", ""E_EXIT""], ""WEST"": [""E_EXIT"", ""S_EXIT""]}"
239,40239,3,direction_skewed,Scenario 3: Direction-skewed,train_test,WEST,10,,0,0,20,2,4,10,4,"{""EAST"": [0, 4, 8, 12], ""NORTH"": [0, 4], ""SOUTH"": [0, 4, 8, 12], ""WEST"": [0, 4, 8, 12, 16, 20, 24, 28, 32, 36]}","{""EAST"": [""W_EXIT"", ""W_EXIT"", ""S_EXIT"", ""W_EXIT""], ""NORTH"": [""E_EXIT"", ""E_EXIT""], ""SOUTH"": [""N_EXIT"", ""E_EXIT"", ""W_EXIT"", ""W_EXIT""], ""WEST"": [""S_EXIT"", ""N_EXIT"", ""N_EXIT"", ""S_EXIT"", ""E_EXIT"", ""N_EXIT"", ""S_EXIT"", ""S_EXIT"", ""E_EXIT"", ""N_EXIT""]}"
240,40240,3,direction_skewed,Scenario 3: Direction-skewed,train_test,NORTH,11,,0,0,20,11,2,3,4,"{""EAST"": [0, 4, 8, 12], ""NORTH"": [0, 4, 8, 12, 16, 20, 24, 28, 32, 36, 40], ""SOUTH"": [0, 4], ""WEST"": [0, 4, 8]}","{""EAST"": [""S_EXIT"", ""S_EXIT"", ""N_EXIT"", ""N_EXIT""], ""NORTH"": [""S_EXIT"", ""W_EXIT"", ""E_EXIT"", ""W_EXIT"", ""E_EXIT"", ""E_EXIT"", ""W_EXIT"", ""S_EXIT"", ""W_EXIT"", ""E_EXIT"", ""S_EXIT""], ""SOUTH"": [""W_EXIT"", ""N_EXIT""], ""WEST"": [""E_EXIT"", ""N_EXIT"", ""N_EXIT""]}"
241,40241,3,direction_skewed,Scenario 3: Direction-skewed,train_test,EAST,13,,0,0,20,3,3,1,13,"{""EAST"": [0, 4, 8, 12, 16, 20, 24, 28, 32, 36, 40, 44, 48], ""NORTH"": [0, 4, 8], ""SOUTH"": [0, 4, 8], ""WEST"": [0]}","{""EAST"": [""W_EXIT"", ""S_EXIT"", ""N_EXIT"", ""W_EXIT"", ""N_EXIT"", ""S_EXIT"", ""W_EXIT"", ""S_EXIT"", ""N_EXIT"", ""S_EXIT"", ""W_EXIT"", ""W_EXIT"", ""N_EXIT""], ""NORTH"": [""E_EXIT"", ""S_EXIT"", ""E_EXIT""], ""SOUTH"": [""E_EXIT"", ""E_EXIT"", ""N_EXIT""], ""WEST"": [""E_EXIT""]}"
242,40242,3,direction_skewed,Scenario 3: Direction-skewed,train_test,SOUTH,12,,0,0,20,2,12,2,4,"{""EAST"": [0, 4, 8, 12], ""NORTH"": [0, 4], ""SOUTH"": [0, 4, 8, 12, 16, 20, 24, 28, 32, 36, 40, 44], ""WEST"": [0, 4]}","{""EAST"": [""W_EXIT"", ""N_EXIT"", ""W_EXIT"", ""S_EXIT""], ""NORTH"": [""S_EXIT"", ""S_EXIT""], ""SOUTH"": [""E_EXIT"", ""N_EXIT"", ""E_EXIT"", ""E_EXIT"", ""W_EXIT"", ""N_EXIT"", ""W_EXIT"", ""E_EXIT"", ""N_EXIT"", ""E_EXIT"", ""N_EXIT"", ""W_EXIT""], ""WEST"": [""S_EXIT"", ""S_EXIT""]}"
243,40243,3,direction_skewed,Scenario 3: Direction-skewed,train_test,WEST,12,,0,0,20,2,3,12,3,"{""EAST"": [0, 4, 8], ""NORTH"": [0, 4], ""SOUTH"": [0, 4, 8], ""WEST"": [0, 4, 8, 12, 16, 20, 24, 28, 32, 36, 40, 44]}","{""EAST"": [""S_EXIT"", ""W_EXIT"", ""W_EXIT""], ""NORTH"": [""W_EXIT"", ""S_EXIT""], ""SOUTH"": [""W_EXIT"", ""W_EXIT"", ""E_EXIT""], ""WEST"": [""S_EXIT"", ""N_EXIT"", ""E_EXIT"", ""E_EXIT"", ""N_EXIT"", ""N_EXIT"", ""S_EXIT"", ""N_EXIT"", ""E_EXIT"", ""E_EXIT"", ""N_EXIT"", ""S_EXIT""]}"
244,40244,3,direction_skewed,Scenario 3: Direction-skewed,train_test,NORTH,11,,0,0,20,11,3,2,4,"{""EAST"": [0, 4, 8, 12], ""NORTH"": [0, 4, 8, 12, 16, 20, 24, 28, 32, 36, 40], ""SOUTH"": [0, 4, 8], ""WEST"": [0, 4]}","{""EAST"": [""N_EXIT"", ""N_EXIT"", ""N_EXIT"", ""S_EXIT""], ""NORTH"": [""S_EXIT"", ""W_EXIT"", ""E_EXIT"", ""W_EXIT"", ""S_EXIT"", ""E_EXIT"", ""S_EXIT"", ""W_EXIT"", ""S_EXIT"", ""W_EXIT"", ""E_EXIT""], ""SOUTH"": [""E_EXIT"", ""W_EXIT"", ""E_EXIT""], ""WEST"": [""N_EXIT"", ""N_EXIT""]}"
245,40245,3,direction_skewed,Scenario 3: Direction-skewed,train_test,EAST,10,,0,0,20,5,2,3,10,"{""EAST"": [0, 4, 8, 12, 16, 20, 24, 28, 32, 36], ""NORTH"": [0, 4, 8, 12, 16], ""SOUTH"": [0, 4], ""WEST"": [0, 4, 8]}","{""EAST"": [""W_EXIT"", ""S_EXIT"", ""N_EXIT"", ""N_EXIT"", ""S_EXIT"", ""S_EXIT"", ""N_EXIT"", ""W_EXIT"", ""W_EXIT"", ""S_EXIT""], ""NORTH"": [""E_EXIT"", ""E_EXIT"", ""E_EXIT"", ""W_EXIT"", ""E_EXIT""], ""SOUTH"": [""W_EXIT"", ""E_EXIT""], ""WEST"": [""N_EXIT"", ""S_EXIT"", ""N_EXIT""]}"
246,40246,3,direction_skewed,Scenario 3: Direction-skewed,train_test,SOUTH,14,,0,0,20,1,14,2,3,"{""EAST"": [0, 4, 8], ""NORTH"": [0], ""SOUTH"": [0, 4, 8, 12, 16, 20, 24, 28, 32, 36, 40, 44, 48, 52], ""WEST"": [0, 4]}","{""EAST"": [""W_EXIT"", ""S_EXIT"", ""S_EXIT""], ""NORTH"": [""S_EXIT""], ""SOUTH"": [""N_EXIT"", ""E_EXIT"", ""E_EXIT"", ""W_EXIT"", ""N_EXIT"", ""N_EXIT"", ""W_EXIT"", ""E_EXIT"", ""E_EXIT"", ""W_EXIT"", ""N_EXIT"", ""E_EXIT"", ""N_EXIT"", ""W_EXIT""], ""WEST"": [""S_EXIT"", ""S_EXIT""]}"
247,40247,3,direction_skewed,Scenario 3: Direction-skewed,train_test,WEST,14,,0,0,20,3,2,14,1,"{""EAST"": [0], ""NORTH"": [0, 4, 8], ""SOUTH"": [0, 4], ""WEST"": [0, 4, 8, 12, 16, 20, 24, 28, 32, 36, 40, 44, 48, 52]}","{""EAST"": [""W_EXIT""], ""NORTH"": [""W_EXIT"", ""W_EXIT"", ""W_EXIT""], ""SOUTH"": [""E_EXIT"", ""W_EXIT""], ""WEST"": [""S_EXIT"", ""N_EXIT"", ""S_EXIT"", ""N_EXIT"", ""E_EXIT"", ""S_EXIT"", ""E_EXIT"", ""N_EXIT"", ""E_EXIT"", ""N_EXIT"", ""S_EXIT"", ""E_EXIT"", ""N_EXIT"", ""S_EXIT""]}"
248,40248,3,direction_skewed,Scenario 3: Direction-skewed,train_test,NORTH,11,,0,0,20,11,4,3,2,"{""EAST"": [0, 4], ""NORTH"": [0, 4, 8, 12, 16, 20, 24, 28, 32, 36, 40], ""SOUTH"": [0, 4, 8, 12], ""WEST"": [0, 4, 8]}","{""EAST"": [""N_EXIT"", ""N_EXIT""], ""NORTH"": [""S_EXIT"", ""W_EXIT"", ""E_EXIT"", ""S_EXIT"", ""E_EXIT"", ""W_EXIT"", ""S_EXIT"", ""E_EXIT"", ""W_EXIT"", ""S_EXIT"", ""E_EXIT""], ""SOUTH"": [""E_EXIT"", ""W_EXIT"", ""N_EXIT"", ""W_EXIT""], ""WEST"": [""N_EXIT"", ""S_EXIT"", ""N_EXIT""]}"
249,40249,3,direction_skewed,Scenario 3: Direction-skewed,train_test,EAST,12,,0,0,20,4,2,2,12,"{""EAST"": [0, 4, 8, 12, 16, 20, 24, 28, 32, 36, 40, 44], ""NORTH"": [0, 4, 8, 12], ""SOUTH"": [0, 4], ""WEST"": [0, 4]}","{""EAST"": [""N_EXIT"", ""W_EXIT"", ""S_EXIT"", ""W_EXIT"", ""S_EXIT"", ""N_EXIT"", ""S_EXIT"", ""N_EXIT"", ""W_EXIT"", ""S_EXIT"", ""N_EXIT"", ""S_EXIT""], ""NORTH"": [""E_EXIT"", ""W_EXIT"", ""E_EXIT"", ""W_EXIT""], ""SOUTH"": [""E_EXIT"", ""N_EXIT""], ""WEST"": [""E_EXIT"", ""E_EXIT""]}"
250,40250,3,direction_skewed,Scenario 3: Direction-skewed,train_test,SOUTH,11,,0,0,20,4,11,4,1,"{""EAST"": [0], ""NORTH"": [0, 4, 8, 12], ""SOUTH"": [0, 4, 8, 12, 16, 20, 24, 28, 32, 36, 40], ""WEST"": [0, 4, 8, 12]}","{""EAST"": [""N_EXIT""], ""NORTH"": [""S_EXIT"", ""S_EXIT"", ""S_EXIT"", ""S_EXIT""], ""SOUTH"": [""E_EXIT"", ""W_EXIT"", ""W_EXIT"", ""N_EXIT"", ""E_EXIT"", ""W_EXIT"", ""E_EXIT"", ""W_EXIT"", ""N_EXIT"", ""E_EXIT"", ""W_EXIT""], ""WEST"": [""N_EXIT"", ""S_EXIT"", ""E_EXIT"", ""N_EXIT""]}"
251,40251,3,direction_skewed,Scenario 3: Direction-skewed,train_test,WEST,11,,0,0,20,2,4,11,3,"{""EAST"": [0, 4, 8], ""NORTH"": [0, 4], ""SOUTH"": [0, 4, 8, 12], ""WEST"": [0, 4, 8, 12, 16, 20, 24, 28, 32, 36, 40]}","{""EAST"": [""S_EXIT"", ""W_EXIT"", ""W_EXIT""], ""NORTH"": [""W_EXIT"", ""S_EXIT""], ""SOUTH"": [""W_EXIT"", ""E_EXIT"", ""E_EXIT"", ""W_EXIT""], ""WEST"": [""S_EXIT"", ""N_EXIT"", ""N_EXIT"", ""E_EXIT"", ""N_EXIT"", ""S_EXIT"", ""S_EXIT"", ""E_EXIT"", ""N_EXIT"", ""E_EXIT"", ""N_EXIT""]}"
252,40252,3,direction_skewed,Scenario 3: Direction-skewed,train_test,NORTH,10,,0,0,20,10,4,5,1,"{""EAST"": [0], ""NORTH"": [0, 4, 8, 12, 16, 20, 24, 28, 32, 36], ""SOUTH"": [0, 4, 8, 12], ""WEST"": [0, 4, 8, 12, 16]}","{""EAST"": [""W_EXIT""], ""NORTH"": [""E_EXIT"", ""S_EXIT"", ""W_EXIT"", ""S_EXIT"", ""W_EXIT"", ""S_EXIT"", ""W_EXIT"", ""E_EXIT"", ""E_EXIT"", ""S_EXIT""], ""SOUTH"": [""N_EXIT"", ""N_EXIT"", ""W_EXIT"", ""N_EXIT""], ""WEST"": [""N_EXIT"", ""E_EXIT"", ""N_EXIT"", ""S_EXIT"", ""E_EXIT""]}"
253,40253,3,direction_skewed,Scenario 3: Direction-skewed,train_test,EAST,12,,0,0,20,4,1,3,12,"{""EAST"": [0, 4, 8, 12, 16, 20, 24, 28, 32, 36, 40, 44], ""NORTH"": [0, 4, 8, 12], ""SOUTH"": [0], ""WEST"": [0, 4, 8]}","{""EAST"": [""S_EXIT"", ""W_EXIT"", ""N_EXIT"", ""N_EXIT"", ""W_EXIT"", ""S_EXIT"", ""W_EXIT"", ""N_EXIT"", ""S_EXIT"", ""N_EXIT"", ""W_EXIT"", ""N_EXIT""], ""NORTH"": [""E_EXIT"", ""W_EXIT"", ""E_EXIT"", ""S_EXIT""], ""SOUTH"": [""E_EXIT""], ""WEST"": [""E_EXIT"", ""E_EXIT"", ""S_EXIT""]}"
254,40254,3,direction_skewed,Scenario 3: Direction-skewed,train_test,SOUTH,12,,0,0,20,1,12,4,3,"{""EAST"": [0, 4, 8], ""NORTH"": [0], ""SOUTH"": [0, 4, 8, 12, 16, 20, 24, 28, 32, 36, 40, 44], ""WEST"": [0, 4, 8, 12]}","{""EAST"": [""S_EXIT"", ""N_EXIT"", ""S_EXIT""], ""NORTH"": [""W_EXIT""], ""SOUTH"": [""W_EXIT"", ""N_EXIT"", ""E_EXIT"", ""N_EXIT"", ""E_EXIT"", ""W_EXIT"", ""E_EXIT"", ""N_EXIT"", ""E_EXIT"", ""W_EXIT"", ""N_EXIT"", ""W_EXIT""], ""WEST"": [""S_EXIT"", ""S_EXIT"", ""S_EXIT"", ""E_EXIT""]}"
255,40255,3,direction_skewed,Scenario 3: Direction-skewed,train_test,WEST,14,,0,0,20,2,3,14,1,"{""EAST"": [0], ""NORTH"": [0, 4], ""SOUTH"": [0, 4, 8], ""WEST"": [0, 4, 8, 12, 16, 20, 24, 28, 32, 36, 40, 44, 48, 52]}","{""EAST"": [""W_EXIT""], ""NORTH"": [""W_EXIT"", ""W_EXIT""], ""SOUTH"": [""W_EXIT"", ""W_EXIT"", ""E_EXIT""], ""WEST"": [""N_EXIT"", ""S_EXIT"", ""E_EXIT"", ""E_EXIT"", ""N_EXIT"", ""S_EXIT"", ""E_EXIT"", ""S_EXIT"", ""N_EXIT"", ""E_EXIT"", ""N_EXIT"", ""S_EXIT"", ""S_EXIT"", ""N_EXIT""]}"
256,40256,3,direction_skewed,Scenario 3: Direction-skewed,train_test,NORTH,11,,0,0,20,11,2,4,3,"{""EAST"": [0, 4, 8], ""NORTH"": [0, 4, 8, 12, 16, 20, 24, 28, 32, 36, 40], ""SOUTH"": [0, 4], ""WEST"": [0, 4, 8, 12]}","{""EAST"": [""N_EXIT"", ""S_EXIT"", ""W_EXIT""], ""NORTH"": [""W_EXIT"", ""E_EXIT"", ""S_EXIT"", ""W_EXIT"", ""E_EXIT"", ""E_EXIT"", ""S_EXIT"", ""E_EXIT"", ""S_EXIT"", ""W_EXIT"", ""E_EXIT""], ""SOUTH"": [""N_EXIT"", ""W_EXIT""], ""WEST"": [""S_EXIT"", ""N_EXIT"", ""N_EXIT"", ""N_EXIT""]}"
257,40257,3,direction_skewed,Scenario 3: Direction-skewed,train_test,EAST,11,,0,0,20,3,2,4,11,"{""EAST"": [0, 4, 8, 12, 16, 20, 24, 28, 32, 36, 40], ""NORTH"": [0, 4, 8], ""SOUTH"": [0, 4], ""WEST"": [0, 4, 8, 12]}","{""EAST"": [""S_EXIT"", ""S_EXIT"", ""N_EXIT"", ""W_EXIT"", ""N_EXIT"", ""S_EXIT"", ""W_EXIT"", ""N_EXIT"", ""W_EXIT"", ""W_EXIT"", ""N_EXIT""], ""NORTH"": [""W_EXIT"", ""E_EXIT"", ""E_EXIT""], ""SOUTH"": [""E_EXIT"", ""E_EXIT""], ""WEST"": [""N_EXIT"", ""S_EXIT"", ""S_EXIT"", ""E_EXIT""]}"
258,40258,3,direction_skewed,Scenario 3: Direction-skewed,train_test,SOUTH,13,,0,0,20,3,13,3,1,"{""EAST"": [0], ""NORTH"": [0, 4, 8], ""SOUTH"": [0, 4, 8, 12, 16, 20, 24, 28, 32, 36, 40, 44, 48], ""WEST"": [0, 4, 8]}","{""EAST"": [""S_EXIT""], ""NORTH"": [""E_EXIT"", ""S_EXIT"", ""S_EXIT""], ""SOUTH"": [""W_EXIT"", ""N_EXIT"", ""E_EXIT"", ""W_EXIT"", ""W_EXIT"", ""N_EXIT"", ""E_EXIT"", ""W_EXIT"", ""E_EXIT"", ""N_EXIT"", ""W_EXIT"", ""N_EXIT"", ""E_EXIT""], ""WEST"": [""S_EXIT"", ""N_EXIT"", ""S_EXIT""]}"
259,40259,3,direction_skewed,Scenario 3: Direction-skewed,train_test,WEST,10,,0,0,20,4,5,10,1,"{""EAST"": [0], ""NORTH"": [0, 4, 8, 12], ""SOUTH"": [0, 4, 8, 12, 16], ""WEST"": [0, 4, 8, 12, 16, 20, 24, 28, 32, 36]}","{""EAST"": [""N_EXIT""], ""NORTH"": [""S_EXIT"", ""W_EXIT"", ""W_EXIT"", ""E_EXIT""], ""SOUTH"": [""W_EXIT"", ""N_EXIT"", ""E_EXIT"", ""W_EXIT"", ""W_EXIT""], ""WEST"": [""E_EXIT"", ""N_EXIT"", ""S_EXIT"", ""E_EXIT"", ""S_EXIT"", ""N_EXIT"", ""S_EXIT"", ""N_EXIT"", ""S_EXIT"", ""E_EXIT""]}"
260,40260,3,direction_skewed,Scenario 3: Direction-skewed,train_test,NORTH,13,,0,0,20,13,2,3,2,"{""EAST"": [0, 4], ""NORTH"": [0, 4, 8, 12, 16, 20, 24, 28, 32, 36, 40, 44, 48], ""SOUTH"": [0, 4], ""WEST"": [0, 4, 8]}","{""EAST"": [""N_EXIT"", ""N_EXIT""], ""NORTH"": [""W_EXIT"", ""S_EXIT"", ""W_EXIT"", ""E_EXIT"", ""S_EXIT"", ""W_EXIT"", ""E_EXIT"", ""E_EXIT"", ""W_EXIT"", ""S_EXIT"", ""W_EXIT"", ""S_EXIT"", ""E_EXIT""], ""SOUTH"": [""N_EXIT"", ""N_EXIT""], ""WEST"": [""E_EXIT"", ""S_EXIT"", ""N_EXIT""]}"
261,40261,3,direction_skewed,Scenario 3: Direction-skewed,train_test,EAST,10,,0,0,20,4,1,5,10,"{""EAST"": [0, 4, 8, 12, 16, 20, 24, 28, 32, 36], ""NORTH"": [0, 4, 8, 12], ""SOUTH"": [0], ""WEST"": [0, 4, 8, 12, 16]}","{""EAST"": [""S_EXIT"", ""W_EXIT"", ""W_EXIT"", ""W_EXIT"", ""S_EXIT"", ""N_EXIT"", ""W_EXIT"", ""N_EXIT"", ""W_EXIT"", ""S_EXIT""], ""NORTH"": [""S_EXIT"", ""E_EXIT"", ""S_EXIT"", ""E_EXIT""], ""SOUTH"": [""E_EXIT""], ""WEST"": [""N_EXIT"", ""N_EXIT"", ""E_EXIT"", ""N_EXIT"", ""E_EXIT""]}"
262,40262,3,direction_skewed,Scenario 3: Direction-skewed,train_test,SOUTH,12,,0,0,20,2,12,2,4,"{""EAST"": [0, 4, 8, 12], ""NORTH"": [0, 4], ""SOUTH"": [0, 4, 8, 12, 16, 20, 24, 28, 32, 36, 40, 44], ""WEST"": [0, 4]}","{""EAST"": [""N_EXIT"", ""W_EXIT"", ""S_EXIT"", ""S_EXIT""], ""NORTH"": [""S_EXIT"", ""S_EXIT""], ""SOUTH"": [""W_EXIT"", ""E_EXIT"", ""E_EXIT"", ""N_EXIT"", ""N_EXIT"", ""E_EXIT"", ""W_EXIT"", ""W_EXIT"", ""E_EXIT"", ""E_EXIT"", ""W_EXIT"", ""N_EXIT""], ""WEST"": [""S_EXIT"", ""N_EXIT""]}"
263,40263,3,direction_skewed,Scenario 3: Direction-skewed,train_test,WEST,13,,0,0,20,1,3,13,3,"{""EAST"": [0, 4, 8], ""NORTH"": [0], ""SOUTH"": [0, 4, 8], ""WEST"": [0, 4, 8, 12, 16, 20, 24, 28, 32, 36, 40, 44, 48]}","{""EAST"": [""S_EXIT"", ""W_EXIT"", ""S_EXIT""], ""NORTH"": [""W_EXIT""], ""SOUTH"": [""W_EXIT"", ""W_EXIT"", ""W_EXIT""], ""WEST"": [""N_EXIT"", ""E_EXIT"", ""S_EXIT"", ""E_EXIT"", ""N_EXIT"", ""S_EXIT"", ""E_EXIT"", ""N_EXIT"", ""N_EXIT"", ""E_EXIT"", ""E_EXIT"", ""N_EXIT"", ""S_EXIT""]}"
264,40264,3,direction_skewed,Scenario 3: Direction-skewed,train_test,NORTH,13,,0,0,20,13,3,1,3,"{""EAST"": [0, 4, 8], ""NORTH"": [0, 4, 8, 12, 16, 20, 24, 28, 32, 36, 40, 44, 48], ""SOUTH"": [0, 4, 8], ""WEST"": [0]}","{""EAST"": [""N_EXIT"", ""N_EXIT"", ""W_EXIT""], ""NORTH"": [""E_EXIT"", ""W_EXIT"", ""S_EXIT"", ""S_EXIT"", ""W_EXIT"", ""E_EXIT"", ""E_EXIT"", ""W_EXIT"", ""S_EXIT"", ""E_EXIT"", ""S_EXIT"", ""S_EXIT"", ""E_EXIT""], ""SOUTH"": [""N_EXIT"", ""W_EXIT"", ""N_EXIT""], ""WEST"": [""N_EXIT""]}"
265,40265,3,direction_skewed,Scenario 3: Direction-skewed,train_test,EAST,14,,0,0,20,2,2,2,14,"{""EAST"": [0, 4, 8, 12, 16, 20, 24, 28, 32, 36, 40, 44, 48, 52], ""NORTH"": [0, 4], ""SOUTH"": [0, 4], ""WEST"": [0, 4]}","{""EAST"": [""N_EXIT"", ""S_EXIT"", ""W_EXIT"", ""S_EXIT"", ""N_EXIT"", ""W_EXIT"", ""S_EXIT"", ""W_EXIT"", ""S_EXIT"", ""N_EXIT"", ""W_EXIT"", ""W_EXIT"", ""N_EXIT"", ""S_EXIT""], ""NORTH"": [""E_EXIT"", ""E_EXIT""], ""SOUTH"": [""N_EXIT"", ""E_EXIT""], ""WEST"": [""E_EXIT"", ""E_EXIT""]}"
266,40266,3,direction_skewed,Scenario 3: Direction-skewed,train_test,SOUTH,13,,0,0,20,3,13,3,1,"{""EAST"": [0], ""NORTH"": [0, 4, 8], ""SOUTH"": [0, 4, 8, 12, 16, 20, 24, 28, 32, 36, 40, 44, 48], ""WEST"": [0, 4, 8]}","{""EAST"": [""W_EXIT""], ""NORTH"": [""E_EXIT"", ""S_EXIT"", ""S_EXIT""], ""SOUTH"": [""N_EXIT"", ""W_EXIT"", ""E_EXIT"", ""N_EXIT"", ""E_EXIT"", ""N_EXIT"", ""W_EXIT"", ""N_EXIT"", ""E_EXIT"", ""W_EXIT"", ""E_EXIT"", ""N_EXIT"", ""W_EXIT""], ""WEST"": [""S_EXIT"", ""S_EXIT"", ""S_EXIT""]}"
267,40267,3,direction_skewed,Scenario 3: Direction-skewed,train_test,WEST,12,,0,0,20,2,2,12,4,"{""EAST"": [0, 4, 8, 12], ""NORTH"": [0, 4], ""SOUTH"": [0, 4], ""WEST"": [0, 4, 8, 12, 16, 20, 24, 28, 32, 36, 40, 44]}","{""EAST"": [""W_EXIT"", ""N_EXIT"", ""W_EXIT"", ""N_EXIT""], ""NORTH"": [""W_EXIT"", ""W_EXIT""], ""SOUTH"": [""W_EXIT"", ""N_EXIT""], ""WEST"": [""E_EXIT"", ""S_EXIT"", ""N_EXIT"", ""S_EXIT"", ""E_EXIT"", ""E_EXIT"", ""N_EXIT"", ""S_EXIT"", ""S_EXIT"", ""E_EXIT"", ""S_EXIT"", ""E_EXIT""]}"
268,40268,3,direction_skewed,Scenario 3: Direction-skewed,train_test,NORTH,10,,0,0,20,10,4,4,2,"{""EAST"": [0, 4], ""NORTH"": [0, 4, 8, 12, 16, 20, 24, 28, 32, 36], ""SOUTH"": [0, 4, 8, 12], ""WEST"": [0, 4, 8, 12]}","{""EAST"": [""S_EXIT"", ""N_EXIT""], ""NORTH"": [""W_EXIT"", ""E_EXIT"", ""E_EXIT"", ""S_EXIT"", ""W_EXIT"", ""S_EXIT"", ""E_EXIT"", ""W_EXIT"", ""E_EXIT"", ""W_EXIT""], ""SOUTH"": [""W_EXIT"", ""N_EXIT"", ""N_EXIT"", ""N_EXIT""], ""WEST"": [""N_EXIT"", ""S_EXIT"", ""E_EXIT"", ""S_EXIT""]}"
269,40269,3,direction_skewed,Scenario 3: Direction-skewed,train_test,EAST,14,,0,0,20,3,2,1,14,"{""EAST"": [0, 4, 8, 12, 16, 20, 24, 28, 32, 36, 40, 44, 48, 52], ""NORTH"": [0, 4, 8], ""SOUTH"": [0, 4], ""WEST"": [0]}","{""EAST"": [""W_EXIT"", ""S_EXIT"", ""S_EXIT"", ""N_EXIT"", ""W_EXIT"", ""S_EXIT"", ""N_EXIT"", ""W_EXIT"", ""S_EXIT"", ""W_EXIT"", ""N_EXIT"", ""N_EXIT"", ""S_EXIT"", ""W_EXIT""], ""NORTH"": [""E_EXIT"", ""E_EXIT"", ""E_EXIT""], ""SOUTH"": [""E_EXIT"", ""E_EXIT""], ""WEST"": [""N_EXIT""]}"
270,40270,3,direction_skewed,Scenario 3: Direction-skewed,train_test,SOUTH,13,,0,0,20,3,13,2,2,"{""EAST"": [0, 4], ""NORTH"": [0, 4, 8], ""SOUTH"": [0, 4, 8, 12, 16, 20, 24, 28, 32, 36, 40, 44, 48], ""WEST"": [0, 4]}","{""EAST"": [""S_EXIT"", ""W_EXIT""], ""NORTH"": [""S_EXIT"", ""S_EXIT"", ""S_EXIT""], ""SOUTH"": [""N_EXIT"", ""W_EXIT"", ""W_EXIT"", ""E_EXIT"", ""N_EXIT"", ""W_EXIT"", ""N_EXIT"", ""E_EXIT"", ""N_EXIT"", ""E_EXIT"", ""W_EXIT"", ""E_EXIT"", ""N_EXIT""], ""WEST"": [""E_EXIT"", ""S_EXIT""]}"
271,40271,3,direction_skewed,Scenario 3: Direction-skewed,train_test,WEST,13,,0,0,20,3,2,13,2,"{""EAST"": [0, 4], ""NORTH"": [0, 4, 8], ""SOUTH"": [0, 4], ""WEST"": [0, 4, 8, 12, 16, 20, 24, 28, 32, 36, 40, 44, 48]}","{""EAST"": [""N_EXIT"", ""W_EXIT""], ""NORTH"": [""W_EXIT"", ""E_EXIT"", ""W_EXIT""], ""SOUTH"": [""W_EXIT"", ""W_EXIT""], ""WEST"": [""S_EXIT"", ""E_EXIT"", ""N_EXIT"", ""S_EXIT"", ""E_EXIT"", ""S_EXIT"", ""N_EXIT"", ""N_EXIT"", ""S_EXIT"", ""E_EXIT"", ""E_EXIT"", ""S_EXIT"", ""N_EXIT""]}"
272,40272,3,direction_skewed,Scenario 3: Direction-skewed,train_test,NORTH,13,,0,0,20,13,3,1,3,"{""EAST"": [0, 4, 8], ""NORTH"": [0, 4, 8, 12, 16, 20, 24, 28, 32, 36, 40, 44, 48], ""SOUTH"": [0, 4, 8], ""WEST"": [0]}","{""EAST"": [""N_EXIT"", ""N_EXIT"", ""N_EXIT""], ""NORTH"": [""E_EXIT"", ""S_EXIT"", ""W_EXIT"", ""E_EXIT"", ""W_EXIT"", ""E_EXIT"", ""W_EXIT"", ""S_EXIT"", ""S_EXIT"", ""W_EXIT"", ""E_EXIT"", ""W_EXIT"", ""S_EXIT""], ""SOUTH"": [""N_EXIT"", ""N_EXIT"", ""E_EXIT""], ""WEST"": [""S_EXIT""]}"
273,40273,3,direction_skewed,Scenario 3: Direction-skewed,train_test,EAST,14,,0,0,20,2,1,3,14,"{""EAST"": [0, 4, 8, 12, 16, 20, 24, 28, 32, 36, 40, 44, 48, 52], ""NORTH"": [0, 4], ""SOUTH"": [0], ""WEST"": [0, 4, 8]}","{""EAST"": [""W_EXIT"", ""S_EXIT"", ""N_EXIT"", ""W_EXIT"", ""S_EXIT"", ""S_EXIT"", ""N_EXIT"", ""W_EXIT"", ""N_EXIT"", ""W_EXIT"", ""S_EXIT"", ""W_EXIT"", ""S_EXIT"", ""N_EXIT""], ""NORTH"": [""E_EXIT"", ""E_EXIT""], ""SOUTH"": [""N_EXIT""], ""WEST"": [""E_EXIT"", ""E_EXIT"", ""E_EXIT""]}"
274,40274,3,direction_skewed,Scenario 3: Direction-skewed,train_test,SOUTH,12,,0,0,20,2,12,2,4,"{""EAST"": [0, 4, 8, 12], ""NORTH"": [0, 4], ""SOUTH"": [0, 4, 8, 12, 16, 20, 24, 28, 32, 36, 40, 44], ""WEST"": [0, 4]}","{""EAST"": [""S_EXIT"", ""W_EXIT"", ""S_EXIT"", ""S_EXIT""], ""NORTH"": [""W_EXIT"", ""S_EXIT""], ""SOUTH"": [""E_EXIT"", ""N_EXIT"", ""N_EXIT"", ""E_EXIT"", ""W_EXIT"", ""N_EXIT"", ""E_EXIT"", ""W_EXIT"", ""N_EXIT"", ""W_EXIT"", ""N_EXIT"", ""E_EXIT""], ""WEST"": [""E_EXIT"", ""S_EXIT""]}"
275,40275,3,direction_skewed,Scenario 3: Direction-skewed,train_test,WEST,10,,0,0,20,3,3,10,4,"{""EAST"": [0, 4, 8, 12], ""NORTH"": [0, 4, 8], ""SOUTH"": [0, 4, 8], ""WEST"": [0, 4, 8, 12, 16, 20, 24, 28, 32, 36]}","{""EAST"": [""W_EXIT"", ""N_EXIT"", ""N_EXIT"", ""W_EXIT""], ""NORTH"": [""E_EXIT"", ""E_EXIT"", ""W_EXIT""], ""SOUTH"": [""E_EXIT"", ""W_EXIT"", ""W_EXIT""], ""WEST"": [""S_EXIT"", ""S_EXIT"", ""S_EXIT"", ""N_EXIT"", ""E_EXIT"", ""S_EXIT"", ""N_EXIT"", ""E_EXIT"", ""S_EXIT"", ""N_EXIT""]}"
276,40276,3,direction_skewed,Scenario 3: Direction-skewed,train_test,NORTH,13,,0,0,20,13,3,1,3,"{""EAST"": [0, 4, 8], ""NORTH"": [0, 4, 8, 12, 16, 20, 24, 28, 32, 36, 40, 44, 48], ""SOUTH"": [0, 4, 8], ""WEST"": [0]}","{""EAST"": [""N_EXIT"", ""S_EXIT"", ""W_EXIT""], ""NORTH"": [""E_EXIT"", ""W_EXIT"", ""S_EXIT"", ""W_EXIT"", ""E_EXIT"", ""S_EXIT"", ""E_EXIT"", ""E_EXIT"", ""S_EXIT"", ""W_EXIT"", ""S_EXIT"", ""W_EXIT"", ""E_EXIT""], ""SOUTH"": [""N_EXIT"", ""N_EXIT"", ""N_EXIT""], ""WEST"": [""N_EXIT""]}"
277,40277,3,direction_skewed,Scenario 3: Direction-skewed,train_test,EAST,12,,0,0,20,4,2,2,12,"{""EAST"": [0, 4, 8, 12, 16, 20, 24, 28, 32, 36, 40, 44], ""NORTH"": [0, 4, 8, 12], ""SOUTH"": [0, 4], ""WEST"": [0, 4]}","{""EAST"": [""N_EXIT"", ""W_EXIT"", ""S_EXIT"", ""W_EXIT"", ""S_EXIT"", ""W_EXIT"", ""N_EXIT"", ""W_EXIT"", ""N_EXIT"", ""N_EXIT"", ""S_EXIT"", ""W_EXIT""], ""NORTH"": [""E_EXIT"", ""S_EXIT"", ""S_EXIT"", ""E_EXIT""], ""SOUTH"": [""E_EXIT"", ""E_EXIT""], ""WEST"": [""N_EXIT"", ""E_EXIT""]}"
278,40278,3,direction_skewed,Scenario 3: Direction-skewed,train_test,SOUTH,12,,0,0,20,3,12,2,3,"{""EAST"": [0, 4, 8], ""NORTH"": [0, 4, 8], ""SOUTH"": [0, 4, 8, 12, 16, 20, 24, 28, 32, 36, 40, 44], ""WEST"": [0, 4]}","{""EAST"": [""W_EXIT"", ""S_EXIT"", ""S_EXIT""], ""NORTH"": [""E_EXIT"", ""E_EXIT"", ""S_EXIT""], ""SOUTH"": [""N_EXIT"", ""E_EXIT"", ""N_EXIT"", ""W_EXIT"", ""E_EXIT"", ""W_EXIT"", ""N_EXIT"", ""N_EXIT"", ""W_EXIT"", ""W_EXIT"", ""N_EXIT"", ""E_EXIT""], ""WEST"": [""S_EXIT"", ""S_EXIT""]}"
279,40279,3,direction_skewed,Scenario 3: Direction-skewed,train_test,WEST,14,,0,0,20,2,1,14,3,"{""EAST"": [0, 4, 8], ""NORTH"": [0, 4], ""SOUTH"": [0], ""WEST"": [0, 4, 8, 12, 16, 20, 24, 28, 32, 36, 40, 44, 48, 52]}","{""EAST"": [""W_EXIT"", ""S_EXIT"", ""W_EXIT""], ""NORTH"": [""W_EXIT"", ""W_EXIT""], ""SOUTH"": [""W_EXIT""], ""WEST"": [""S_EXIT"", ""N_EXIT"", ""E_EXIT"", ""E_EXIT"", ""N_EXIT"", ""E_EXIT"", ""S_EXIT"", ""N_EXIT"", ""E_EXIT"", ""S_EXIT"", ""N_EXIT"", ""N_EXIT"", ""S_EXIT"", ""E_EXIT""]}"
280,40280,3,direction_skewed,Scenario 3: Direction-skewed,train_test,NORTH,12,,0,0,20,12,3,1,4,"{""EAST"": [0, 4, 8, 12], ""NORTH"": [0, 4, 8, 12, 16, 20, 24, 28, 32, 36, 40, 44], ""SOUTH"": [0, 4, 8], ""WEST"": [0]}","{""EAST"": [""N_EXIT"", ""N_EXIT"", ""S_EXIT"", ""N_EXIT""], ""NORTH"": [""E_EXIT"", ""S_EXIT"", ""W_EXIT"", ""E_EXIT"", ""W_EXIT"", ""S_EXIT"", ""E_EXIT"", ""W_EXIT"", ""S_EXIT"", ""W_EXIT"", ""W_EXIT"", ""S_EXIT""], ""SOUTH"": [""N_EXIT"", ""E_EXIT"", ""N_EXIT""], ""WEST"": [""E_EXIT""]}"
281,40281,3,direction_skewed,Scenario 3: Direction-skewed,train_test,EAST,13,,0,0,20,3,3,1,13,"{""EAST"": [0, 4, 8, 12, 16, 20, 24, 28, 32, 36, 40, 44, 48], ""NORTH"": [0, 4, 8], ""SOUTH"": [0, 4, 8], ""WEST"": [0]}","{""EAST"": [""W_EXIT"", ""N_EXIT"", ""W_EXIT"", ""S_EXIT"", ""W_EXIT"", ""S_EXIT"", ""N_EXIT"", ""N_EXIT"", ""S_EXIT"", ""W_EXIT"", ""S_EXIT"", ""N_EXIT"", ""W_EXIT""], ""NORTH"": [""S_EXIT"", ""E_EXIT"", ""E_EXIT""], ""SOUTH"": [""E_EXIT"", ""N_EXIT"", ""E_EXIT""], ""WEST"": [""E_EXIT""]}"
282,40282,3,direction_skewed,Scenario 3: Direction-skewed,train_test,SOUTH,11,,0,0,20,2,11,4,3,"{""EAST"": [0, 4, 8], ""NORTH"": [0, 4], ""SOUTH"": [0, 4, 8, 12, 16, 20, 24, 28, 32, 36, 40], ""WEST"": [0, 4, 8, 12]}","{""EAST"": [""N_EXIT"", ""W_EXIT"", ""S_EXIT""], ""NORTH"": [""S_EXIT"", ""S_EXIT""], ""SOUTH"": [""W_EXIT"", ""N_EXIT"", ""E_EXIT"", ""E_EXIT"", ""N_EXIT"", ""W_EXIT"", ""N_EXIT"", ""W_EXIT"", ""N_EXIT"", ""E_EXIT"", ""W_EXIT""], ""WEST"": [""S_EXIT"", ""E_EXIT"", ""S_EXIT"", ""E_EXIT""]}"
283,40283,3,direction_skewed,Scenario 3: Direction-skewed,train_test,WEST,11,,0,0,20,4,4,11,1,"{""EAST"": [0], ""NORTH"": [0, 4, 8, 12], ""SOUTH"": [0, 4, 8, 12], ""WEST"": [0, 4, 8, 12, 16, 20, 24, 28, 32, 36, 40]}","{""EAST"": [""S_EXIT""], ""NORTH"": [""E_EXIT"", ""S_EXIT"", ""W_EXIT"", ""W_EXIT""], ""SOUTH"": [""N_EXIT"", ""W_EXIT"", ""W_EXIT"", ""W_EXIT""], ""WEST"": [""E_EXIT"", ""S_EXIT"", ""N_EXIT"", ""N_EXIT"", ""E_EXIT"", ""N_EXIT"", ""S_EXIT"", ""E_EXIT"", ""E_EXIT"", ""N_EXIT"", ""S_EXIT""]}"
284,40284,3,direction_skewed,Scenario 3: Direction-skewed,train_test,NORTH,10,,0,0,20,10,1,5,4,"{""EAST"": [0, 4, 8, 12], ""NORTH"": [0, 4, 8, 12, 16, 20, 24, 28, 32, 36], ""SOUTH"": [0], ""WEST"": [0, 4, 8, 12, 16]}","{""EAST"": [""W_EXIT"", ""N_EXIT"", ""S_EXIT"", ""N_EXIT""], ""NORTH"": [""S_EXIT"", ""E_EXIT"", ""S_EXIT"", ""E_EXIT"", ""W_EXIT"", ""E_EXIT"", ""W_EXIT"", ""E_EXIT"", ""W_EXIT"", ""S_EXIT""], ""SOUTH"": [""W_EXIT""], ""WEST"": [""N_EXIT"", ""E_EXIT"", ""S_EXIT"", ""N_EXIT"", ""N_EXIT""]}"
285,40285,3,direction_skewed,Scenario 3: Direction-skewed,train_test,EAST,13,,0,0,20,3,2,2,13,"{""EAST"": [0, 4, 8, 12, 16, 20, 24, 28, 32, 36, 40, 44, 48], ""NORTH"": [0, 4, 8], ""SOUTH"": [0, 4], ""WEST"": [0, 4]}","{""EAST"": [""W_EXIT"", ""S_EXIT"", ""N_EXIT"", ""S_EXIT"", ""S_EXIT"", ""W_EXIT"", ""N_EXIT"", ""W_EXIT"", ""N_EXIT"", ""S_EXIT"", ""S_EXIT"", ""N_EXIT"", ""W_EXIT""], ""NORTH"": [""W_EXIT"", ""E_EXIT"", ""E_EXIT""], ""SOUTH"": [""E_EXIT"", ""N_EXIT""], ""WEST"": [""E_EXIT"", ""E_EXIT""]}"
286,40286,3,direction_skewed,Scenario 3: Direction-skewed,train_test,SOUTH,10,,0,0,20,5,10,1,4,"{""EAST"": [0, 4, 8, 12], ""NORTH"": [0, 4, 8, 12, 16], ""SOUTH"": [0, 4, 8, 12, 16, 20, 24, 28, 32, 36], ""WEST"": [0]}","{""EAST"": [""W_EXIT"", ""N_EXIT"", ""S_EXIT"", ""S_EXIT""], ""NORTH"": [""S_EXIT"", ""E_EXIT"", ""S_EXIT"", ""E_EXIT"", ""W_EXIT""], ""SOUTH"": [""E_EXIT"", ""N_EXIT"", ""W_EXIT"", ""W_EXIT"", ""N_EXIT"", ""E_EXIT"", ""E_EXIT"", ""W_EXIT"", ""N_EXIT"", ""N_EXIT""], ""WEST"": [""S_EXIT""]}"
287,40287,3,direction_skewed,Scenario 3: Direction-skewed,train_test,WEST,10,,0,0,20,2,5,10,3,"{""EAST"": [0, 4, 8], ""NORTH"": [0, 4], ""SOUTH"": [0, 4, 8, 12, 16], ""WEST"": [0, 4, 8, 12, 16, 20, 24, 28, 32, 36]}","{""EAST"": [""W_EXIT"", ""S_EXIT"", ""N_EXIT""], ""NORTH"": [""W_EXIT"", ""W_EXIT""], ""SOUTH"": [""N_EXIT"", ""W_EXIT"", ""N_EXIT"", ""N_EXIT"", ""W_EXIT""], ""WEST"": [""S_EXIT"", ""E_EXIT"", ""E_EXIT"", ""S_EXIT"", ""E_EXIT"", ""N_EXIT"", ""S_EXIT"", ""E_EXIT"", ""E_EXIT"", ""S_EXIT""]}"
288,40288,3,direction_skewed,Scenario 3: Direction-skewed,train_test,NORTH,14,,0,0,20,14,2,3,1,"{""EAST"": [0], ""NORTH"": [0, 4, 8, 12, 16, 20, 24, 28, 32, 36, 40, 44, 48, 52], ""SOUTH"": [0, 4], ""WEST"": [0, 4, 8]}","{""EAST"": [""N_EXIT""], ""NORTH"": [""W_EXIT"", ""S_EXIT"", ""W_EXIT"", ""E_EXIT"", ""S_EXIT"", ""E_EXIT"", ""W_EXIT"", ""S_EXIT"", ""S_EXIT"", ""W_EXIT"", ""E_EXIT"", ""W_EXIT"", ""E_EXIT"", ""S_EXIT""], ""SOUTH"": [""N_EXIT"", ""N_EXIT""], ""WEST"": [""E_EXIT"", ""N_EXIT"", ""N_EXIT""]}"
289,40289,3,direction_skewed,Scenario 3: Direction-skewed,train_test,EAST,12,,0,0,20,3,2,3,12,"{""EAST"": [0, 4, 8, 12, 16, 20, 24, 28, 32, 36, 40, 44], ""NORTH"": [0, 4, 8], ""SOUTH"": [0, 4], ""WEST"": [0, 4, 8]}","{""EAST"": [""W_EXIT"", ""S_EXIT"", ""W_EXIT"", ""W_EXIT"", ""S_EXIT"", ""N_EXIT"", ""N_EXIT"", ""W_EXIT"", ""S_EXIT"", ""W_EXIT"", ""N_EXIT"", ""S_EXIT""], ""NORTH"": [""S_EXIT"", ""E_EXIT"", ""E_EXIT""], ""SOUTH"": [""N_EXIT"", ""E_EXIT""], ""WEST"": [""N_EXIT"", ""E_EXIT"", ""E_EXIT""]}"
290,40290,3,direction_skewed,Scenario 3: Direction-skewed,train_test,SOUTH,10,,0,0,20,5,10,4,1,"{""EAST"": [0], ""NORTH"": [0, 4, 8, 12, 16], ""SOUTH"": [0, 4, 8, 12, 16, 20, 24, 28, 32, 36], ""WEST"": [0, 4, 8, 12]}","{""EAST"": [""S_EXIT""], ""NORTH"": [""E_EXIT"", ""W_EXIT"", ""S_EXIT"", ""E_EXIT"", ""S_EXIT""], ""SOUTH"": [""N_EXIT"", ""W_EXIT"", ""N_EXIT"", ""E_EXIT"", ""E_EXIT"", ""N_EXIT"", ""W_EXIT"", ""W_EXIT"", ""N_EXIT"", ""W_EXIT""], ""WEST"": [""S_EXIT"", ""S_EXIT"", ""N_EXIT"", ""E_EXIT""]}"
291,40291,3,direction_skewed,Scenario 3: Direction-skewed,train_test,WEST,14,,0,0,20,2,3,14,1,"{""EAST"": [0], ""NORTH"": [0, 4], ""SOUTH"": [0, 4, 8], ""WEST"": [0, 4, 8, 12, 16, 20, 24, 28, 32, 36, 40, 44, 48, 52]}","{""EAST"": [""W_EXIT""], ""NORTH"": [""W_EXIT"", ""W_EXIT""], ""SOUTH"": [""N_EXIT"", ""W_EXIT"", ""W_EXIT""], ""WEST"": [""S_EXIT"", ""E_EXIT"", ""E_EXIT"", ""N_EXIT"", ""S_EXIT"", ""S_EXIT"", ""E_EXIT"", ""N_EXIT"", ""E_EXIT"", ""N_EXIT"", ""S_EXIT"", ""E_EXIT"", ""N_EXIT"", ""S_EXIT""]}"
292,40292,3,direction_skewed,Scenario 3: Direction-skewed,train_test,NORTH,11,,0,0,20,11,3,2,4,"{""EAST"": [0, 4, 8, 12], ""NORTH"": [0, 4, 8, 12, 16, 20, 24, 28, 32, 36, 40], ""SOUTH"": [0, 4, 8], ""WEST"": [0, 4]}","{""EAST"": [""S_EXIT"", ""N_EXIT"", ""W_EXIT"", ""W_EXIT""], ""NORTH"": [""W_EXIT"", ""S_EXIT"", ""E_EXIT"", ""W_EXIT"", ""S_EXIT"", ""E_EXIT"", ""E_EXIT"", ""S_EXIT"", ""W_EXIT"", ""S_EXIT"", ""E_EXIT""], ""SOUTH"": [""E_EXIT"", ""N_EXIT"", ""N_EXIT""], ""WEST"": [""N_EXIT"", ""N_EXIT""]}"
293,40293,3,direction_skewed,Scenario 3: Direction-skewed,train_test,EAST,13,,0,0,20,2,3,2,13,"{""EAST"": [0, 4, 8, 12, 16, 20, 24, 28, 32, 36, 40, 44, 48], ""NORTH"": [0, 4], ""SOUTH"": [0, 4, 8], ""WEST"": [0, 4]}","{""EAST"": [""W_EXIT"", ""N_EXIT"", ""S_EXIT"", ""W_EXIT"", ""W_EXIT"", ""N_EXIT"", ""S_EXIT"", ""S_EXIT"", ""W_EXIT"", ""N_EXIT"", ""W_EXIT"", ""S_EXIT"", ""N_EXIT""], ""NORTH"": [""S_EXIT"", ""E_EXIT""], ""SOUTH"": [""N_EXIT"", ""E_EXIT"", ""E_EXIT""], ""WEST"": [""E_EXIT"", ""E_EXIT""]}"
294,40294,3,direction_skewed,Scenario 3: Direction-skewed,train_test,SOUTH,13,,0,0,20,3,13,3,1,"{""EAST"": [0], ""NORTH"": [0, 4, 8], ""SOUTH"": [0, 4, 8, 12, 16, 20, 24, 28, 32, 36, 40, 44, 48], ""WEST"": [0, 4, 8]}","{""EAST"": [""S_EXIT""], ""NORTH"": [""S_EXIT"", ""S_EXIT"", ""E_EXIT""], ""SOUTH"": [""E_EXIT"", ""W_EXIT"", ""N_EXIT"", ""E_EXIT"", ""W_EXIT"", ""E_EXIT"", ""N_EXIT"", ""W_EXIT"", ""N_EXIT"", ""E_EXIT"", ""W_EXIT"", ""W_EXIT"", ""N_EXIT""], ""WEST"": [""N_EXIT"", ""S_EXIT"", ""S_EXIT""]}"
295,40295,3,direction_skewed,Scenario 3: Direction-skewed,train_test,WEST,10,,0,0,20,4,1,10,5,"{""EAST"": [0, 4, 8, 12, 16], ""NORTH"": [0, 4, 8, 12], ""SOUTH"": [0], ""WEST"": [0, 4, 8, 12, 16, 20, 24, 28, 32, 36]}","{""EAST"": [""W_EXIT"", ""S_EXIT"", ""N_EXIT"", ""W_EXIT"", ""N_EXIT""], ""NORTH"": [""W_EXIT"", ""W_EXIT"", ""W_EXIT"", ""E_EXIT""], ""SOUTH"": [""N_EXIT""], ""WEST"": [""S_EXIT"", ""E_EXIT"", ""N_EXIT"", ""E_EXIT"", ""S_EXIT"", ""E_EXIT"", ""N_EXIT"", ""S_EXIT"", ""E_EXIT"", ""S_EXIT""]}"
296,40296,3,direction_skewed,Scenario 3: Direction-skewed,train_test,NORTH,12,,0,0,20,12,1,4,3,"{""EAST"": [0, 4, 8], ""NORTH"": [0, 4, 8, 12, 16, 20, 24, 28, 32, 36, 40, 44], ""SOUTH"": [0], ""WEST"": [0, 4, 8, 12]}","{""EAST"": [""N_EXIT"", ""W_EXIT"", ""N_EXIT""], ""NORTH"": [""S_EXIT"", ""W_EXIT"", ""W_EXIT"", ""S_EXIT"", ""S_EXIT"", ""E_EXIT"", ""W_EXIT"", ""S_EXIT"", ""E_EXIT"", ""S_EXIT"", ""W_EXIT"", ""E_EXIT""], ""SOUTH"": [""E_EXIT""], ""WEST"": [""N_EXIT"", ""E_EXIT"", ""N_EXIT"", ""N_EXIT""]}"
297,40297,3,direction_skewed,Scenario 3: Direction-skewed,train_test,EAST,11,,0,0,20,4,4,1,11,"{""EAST"": [0, 4, 8, 12, 16, 20, 24, 28, 32, 36, 40], ""NORTH"": [0, 4, 8, 12], ""SOUTH"": [0, 4, 8, 12], ""WEST"": [0]}","{""EAST"": [""S_EXIT"", ""N_EXIT"", ""S_EXIT"", ""N_EXIT"", ""W_EXIT"", ""N_EXIT"", ""S_EXIT"", ""W_EXIT"", ""N_EXIT"", ""S_EXIT"", ""W_EXIT""], ""NORTH"": [""W_EXIT"", ""S_EXIT"", ""E_EXIT"", ""E_EXIT""], ""SOUTH"": [""E_EXIT"", ""E_EXIT"", ""W_EXIT"", ""N_EXIT""], ""WEST"": [""E_EXIT""]}"
298,40298,3,direction_skewed,Scenario 3: Direction-skewed,train_test,SOUTH,13,,0,0,20,2,13,2,3,"{""EAST"": [0, 4, 8], ""NORTH"": [0, 4], ""SOUTH"": [0, 4, 8, 12, 16, 20, 24, 28, 32, 36, 40, 44, 48], ""WEST"": [0, 4]}","{""EAST"": [""S_EXIT"", ""N_EXIT"", ""S_EXIT""], ""NORTH"": [""S_EXIT"", ""E_EXIT""], ""SOUTH"": [""W_EXIT"", ""N_EXIT"", ""E_EXIT"", ""W_EXIT"", ""N_EXIT"", ""E_EXIT"", ""W_EXIT"", ""E_EXIT"", ""W_EXIT"", ""N_EXIT"", ""W_EXIT"", ""N_EXIT"", ""E_EXIT""], ""WEST"": [""S_EXIT"", ""S_EXIT""]}"
299,40299,3,direction_skewed,Scenario 3: Direction-skewed,train_test,WEST,10,,0,0,20,4,5,10,1,"{""EAST"": [0], ""NORTH"": [0, 4, 8, 12], ""SOUTH"": [0, 4, 8, 12, 16], ""WEST"": [0, 4, 8, 12, 16, 20, 24, 28, 32, 36]}","{""EAST"": [""W_EXIT""], ""NORTH"": [""E_EXIT"", ""S_EXIT"", ""S_EXIT"", ""W_EXIT""], ""SOUTH"": [""W_EXIT"", ""W_EXIT"", ""N_EXIT"", ""N_EXIT"", ""W_EXIT""], ""WEST"": [""N_EXIT"", ""S_EXIT"", ""E_EXIT"", ""E_EXIT"", ""E_EXIT"", ""N_EXIT"", ""S_EXIT"", ""N_EXIT"", ""S_EXIT"", ""E_EXIT""]}"
300,40300,4,exit_concentrated,Scenario 4: Exit-concentrated,train_test,,0,NORTH,12,0,20,5,5,5,5,"{""EAST"": [0, 4, 8, 12, 16], ""NORTH"": [0, 4, 8, 12, 16], ""SOUTH"": [0, 4, 8, 12, 16], ""WEST"": [0, 4, 8, 12, 16]}","{""EAST"": [""N_EXIT"", ""N_EXIT"", ""S_EXIT"", ""N_EXIT"", ""W_EXIT""], ""NORTH"": [""W_EXIT"", ""W_EXIT"", ""E_EXIT"", ""E_EXIT"", ""W_EXIT""], ""SOUTH"": [""N_EXIT"", ""N_EXIT"", ""N_EXIT"", ""N_EXIT"", ""N_EXIT""], ""WEST"": [""N_EXIT"", ""N_EXIT"", ""N_EXIT"", ""N_EXIT"", ""E_EXIT""]}"
301,40301,4,exit_concentrated,Scenario 4: Exit-concentrated,train_test,,0,EAST,11,0,20,5,5,5,5,"{""EAST"": [0, 4, 8, 12, 16], ""NORTH"": [0, 4, 8, 12, 16], ""SOUTH"": [0, 4, 8, 12, 16], ""WEST"": [0, 4, 8, 12, 16]}","{""EAST"": [""W_EXIT"", ""N_EXIT"", ""N_EXIT"", ""W_EXIT"", ""N_EXIT""], ""NORTH"": [""E_EXIT"", ""E_EXIT"", ""E_EXIT"", ""W_EXIT"", ""E_EXIT""], ""SOUTH"": [""E_EXIT"", ""E_EXIT"", ""E_EXIT"", ""E_EXIT"", ""W_EXIT""], ""WEST"": [""E_EXIT"", ""E_EXIT"", ""E_EXIT"", ""S_EXIT"", ""N_EXIT""]}"
302,40302,4,exit_concentrated,Scenario 4: Exit-concentrated,train_test,,0,SOUTH,10,0,20,5,5,5,5,"{""EAST"": [0, 4, 8, 12, 16], ""NORTH"": [0, 4, 8, 12, 16], ""SOUTH"": [0, 4, 8, 12, 16], ""WEST"": [0, 4, 8, 12, 16]}","{""EAST"": [""S_EXIT"", ""N_EXIT"", ""S_EXIT"", ""N_EXIT"", ""S_EXIT""], ""NORTH"": [""S_EXIT"", ""S_EXIT"", ""S_EXIT"", ""E_EXIT"", ""W_EXIT""], ""SOUTH"": [""E_EXIT"", ""W_EXIT"", ""W_EXIT"", ""E_EXIT"", ""W_EXIT""], ""WEST"": [""S_EXIT"", ""S_EXIT"", ""S_EXIT"", ""S_EXIT"", ""E_EXIT""]}"
303,40303,4,exit_concentrated,Scenario 4: Exit-concentrated,train_test,,0,WEST,10,0,20,5,5,5,5,"{""EAST"": [0, 4, 8, 12, 16], ""NORTH"": [0, 4, 8, 12, 16], ""SOUTH"": [0, 4, 8, 12, 16], ""WEST"": [0, 4, 8, 12, 16]}","{""EAST"": [""W_EXIT"", ""W_EXIT"", ""W_EXIT"", ""S_EXIT"", ""W_EXIT""], ""NORTH"": [""W_EXIT"", ""W_EXIT"", ""W_EXIT"", ""S_EXIT"", ""S_EXIT""], ""SOUTH"": [""W_EXIT"", ""W_EXIT"", ""W_EXIT"", ""N_EXIT"", ""E_EXIT""], ""WEST"": [""N_EXIT"", ""S_EXIT"", ""N_EXIT"", ""N_EXIT"", ""N_EXIT""]}"
304,40304,4,exit_concentrated,Scenario 4: Exit-concentrated,train_test,,0,NORTH,10,0,20,5,5,5,5,"{""EAST"": [0, 4, 8, 12, 16], ""NORTH"": [0, 4, 8, 12, 16], ""SOUTH"": [0, 4, 8, 12, 16], ""WEST"": [0, 4, 8, 12, 16]}","{""EAST"": [""N_EXIT"", ""N_EXIT"", ""W_EXIT"", ""S_EXIT"", ""W_EXIT""], ""NORTH"": [""W_EXIT"", ""S_EXIT"", ""S_EXIT"", ""W_EXIT"", ""E_EXIT""], ""SOUTH"": [""N_EXIT"", ""N_EXIT"", ""W_EXIT"", ""N_EXIT"", ""N_EXIT""], ""WEST"": [""N_EXIT"", ""N_EXIT"", ""N_EXIT"", ""N_EXIT"", ""S_EXIT""]}"
305,40305,4,exit_concentrated,Scenario 4: Exit-concentrated,train_test,,0,EAST,11,0,20,5,5,5,5,"{""EAST"": [0, 4, 8, 12, 16], ""NORTH"": [0, 4, 8, 12, 16], ""SOUTH"": [0, 4, 8, 12, 16], ""WEST"": [0, 4, 8, 12, 16]}","{""EAST"": [""N_EXIT"", ""N_EXIT"", ""S_EXIT"", ""N_EXIT"", ""N_EXIT""], ""NORTH"": [""E_EXIT"", ""E_EXIT"", ""S_EXIT"", ""S_EXIT"", ""S_EXIT""], ""SOUTH"": [""E_EXIT"", ""E_EXIT"", ""E_EXIT"", ""E_EXIT"", ""W_EXIT""], ""WEST"": [""E_EXIT"", ""E_EXIT"", ""E_EXIT"", ""E_EXIT"", ""E_EXIT""]}"
306,40306,4,exit_concentrated,Scenario 4: Exit-concentrated,train_test,,0,SOUTH,11,0,20,5,5,5,5,"{""EAST"": [0, 4, 8, 12, 16], ""NORTH"": [0, 4, 8, 12, 16], ""SOUTH"": [0, 4, 8, 12, 16], ""WEST"": [0, 4, 8, 12, 16]}","{""EAST"": [""S_EXIT"", ""S_EXIT"", ""N_EXIT"", ""S_EXIT"", ""N_EXIT""], ""NORTH"": [""S_EXIT"", ""S_EXIT"", ""S_EXIT"", ""W_EXIT"", ""E_EXIT""], ""SOUTH"": [""W_EXIT"", ""N_EXIT"", ""N_EXIT"", ""W_EXIT"", ""W_EXIT""], ""WEST"": [""S_EXIT"", ""S_EXIT"", ""S_EXIT"", ""S_EXIT"", ""S_EXIT""]}"
307,40307,4,exit_concentrated,Scenario 4: Exit-concentrated,train_test,,0,WEST,14,0,20,5,5,5,5,"{""EAST"": [0, 4, 8, 12, 16], ""NORTH"": [0, 4, 8, 12, 16], ""SOUTH"": [0, 4, 8, 12, 16], ""WEST"": [0, 4, 8, 12, 16]}","{""EAST"": [""W_EXIT"", ""W_EXIT"", ""W_EXIT"", ""W_EXIT"", ""W_EXIT""], ""NORTH"": [""W_EXIT"", ""W_EXIT"", ""W_EXIT"", ""E_EXIT"", ""W_EXIT""], ""SOUTH"": [""W_EXIT"", ""W_EXIT"", ""W_EXIT"", ""W_EXIT"", ""W_EXIT""], ""WEST"": [""S_EXIT"", ""S_EXIT"", ""N_EXIT"", ""S_EXIT"", ""N_EXIT""]}"
308,40308,4,exit_concentrated,Scenario 4: Exit-concentrated,train_test,,0,NORTH,10,0,20,5,5,5,5,"{""EAST"": [0, 4, 8, 12, 16], ""NORTH"": [0, 4, 8, 12, 16], ""SOUTH"": [0, 4, 8, 12, 16], ""WEST"": [0, 4, 8, 12, 16]}","{""EAST"": [""N_EXIT"", ""N_EXIT"", ""N_EXIT"", ""N_EXIT"", ""N_EXIT""], ""NORTH"": [""W_EXIT"", ""W_EXIT"", ""W_EXIT"", ""S_EXIT"", ""W_EXIT""], ""SOUTH"": [""N_EXIT"", ""N_EXIT"", ""E_EXIT"", ""W_EXIT"", ""E_EXIT""], ""WEST"": [""N_EXIT"", ""S_EXIT"", ""N_EXIT"", ""S_EXIT"", ""N_EXIT""]}"
309,40309,4,exit_concentrated,Scenario 4: Exit-concentrated,train_test,,0,EAST,14,0,20,5,5,5,5,"{""EAST"": [0, 4, 8, 12, 16], ""NORTH"": [0, 4, 8, 12, 16], ""SOUTH"": [0, 4, 8, 12, 16], ""WEST"": [0, 4, 8, 12, 16]}","{""EAST"": [""W_EXIT"", ""S_EXIT"", ""W_EXIT"", ""N_EXIT"", ""W_EXIT""], ""NORTH"": [""E_EXIT"", ""E_EXIT"", ""E_EXIT"", ""E_EXIT"", ""S_EXIT""], ""SOUTH"": [""E_EXIT"", ""E_EXIT"", ""E_EXIT"", ""E_EXIT"", ""E_EXIT""], ""WEST"": [""E_EXIT"", ""E_EXIT"", ""E_EXIT"", ""E_EXIT"", ""E_EXIT""]}"
310,40310,4,exit_concentrated,Scenario 4: Exit-concentrated,train_test,,0,SOUTH,12,0,20,5,5,5,5,"{""EAST"": [0, 4, 8, 12, 16], ""NORTH"": [0, 4, 8, 12, 16], ""SOUTH"": [0, 4, 8, 12, 16], ""WEST"": [0, 4, 8, 12, 16]}","{""EAST"": [""S_EXIT"", ""S_EXIT"", ""S_EXIT"", ""S_EXIT"", ""N_EXIT""], ""NORTH"": [""S_EXIT"", ""S_EXIT"", ""S_EXIT"", ""S_EXIT"", ""W_EXIT""], ""SOUTH"": [""W_EXIT"", ""W_EXIT"", ""E_EXIT"", ""E_EXIT"", ""W_EXIT""], ""WEST"": [""S_EXIT"", ""S_EXIT"", ""S_EXIT"", ""S_EXIT"", ""E_EXIT""]}"
311,40311,4,exit_concentrated,Scenario 4: Exit-concentrated,train_test,,0,WEST,14,0,20,5,5,5,5,"{""EAST"": [0, 4, 8, 12, 16], ""NORTH"": [0, 4, 8, 12, 16], ""SOUTH"": [0, 4, 8, 12, 16], ""WEST"": [0, 4, 8, 12, 16]}","{""EAST"": [""W_EXIT"", ""W_EXIT"", ""W_EXIT"", ""W_EXIT"", ""W_EXIT""], ""NORTH"": [""W_EXIT"", ""W_EXIT"", ""W_EXIT"", ""W_EXIT"", ""W_EXIT""], ""SOUTH"": [""W_EXIT"", ""W_EXIT"", ""W_EXIT"", ""W_EXIT"", ""E_EXIT""], ""WEST"": [""N_EXIT"", ""N_EXIT"", ""S_EXIT"", ""N_EXIT"", ""S_EXIT""]}"
312,40312,4,exit_concentrated,Scenario 4: Exit-concentrated,train_test,,0,NORTH,11,0,20,5,5,5,5,"{""EAST"": [0, 4, 8, 12, 16], ""NORTH"": [0, 4, 8, 12, 16], ""SOUTH"": [0, 4, 8, 12, 16], ""WEST"": [0, 4, 8, 12, 16]}","{""EAST"": [""N_EXIT"", ""N_EXIT"", ""W_EXIT"", ""N_EXIT"", ""S_EXIT""], ""NORTH"": [""W_EXIT"", ""W_EXIT"", ""E_EXIT"", ""W_EXIT"", ""S_EXIT""], ""SOUTH"": [""N_EXIT"", ""N_EXIT"", ""N_EXIT"", ""N_EXIT"", ""E_EXIT""], ""WEST"": [""N_EXIT"", ""N_EXIT"", ""N_EXIT"", ""N_EXIT"", ""E_EXIT""]}"
313,40313,4,exit_concentrated,Scenario 4: Exit-concentrated,train_test,,0,EAST,14,0,20,5,5,5,5,"{""EAST"": [0, 4, 8, 12, 16], ""NORTH"": [0, 4, 8, 12, 16], ""SOUTH"": [0, 4, 8, 12, 16], ""WEST"": [0, 4, 8, 12, 16]}","{""EAST"": [""S_EXIT"", ""N_EXIT"", ""S_EXIT"", ""N_EXIT"", ""S_EXIT""], ""NORTH"": [""E_EXIT"", ""E_EXIT"", ""E_EXIT"", ""W_EXIT"", ""E_EXIT""], ""SOUTH"": [""E_EXIT"", ""E_EXIT"", ""E_EXIT"", ""E_EXIT"", ""E_EXIT""], ""WEST"": [""E_EXIT"", ""E_EXIT"", ""E_EXIT"", ""E_EXIT"", ""E_EXIT""]}"
314,40314,4,exit_concentrated,Scenario 4: Exit-concentrated,train_test,,0,SOUTH,10,0,20,5,5,5,5,"{""EAST"": [0, 4, 8, 12, 16], ""NORTH"": [0, 4, 8, 12, 16], ""SOUTH"": [0, 4, 8, 12, 16], ""WEST"": [0, 4, 8, 12, 16]}","{""EAST"": [""S_EXIT"", ""S_EXIT"", ""S_EXIT"", ""N_EXIT"", ""W_EXIT""], ""NORTH"": [""S_EXIT"", ""S_EXIT"", ""S_EXIT"", ""E_EXIT"", ""W_EXIT""], ""SOUTH"": [""E_EXIT"", ""E_EXIT"", ""N_EXIT"", ""E_EXIT"", ""E_EXIT""], ""WEST"": [""S_EXIT"", ""S_EXIT"", ""S_EXIT"", ""S_EXIT"", ""N_EXIT""]}"
315,40315,4,exit_concentrated,Scenario 4: Exit-concentrated,train_test,,0,WEST,10,0,20,5,5,5,5,"{""EAST"": [0, 4, 8, 12, 16], ""NORTH"": [0, 4, 8, 12, 16], ""SOUTH"": [0, 4, 8, 12, 16], ""WEST"": [0, 4, 8, 12, 16]}","{""EAST"": [""W_EXIT"", ""W_EXIT"", ""N_EXIT"", ""W_EXIT"", ""N_EXIT""], ""NORTH"": [""W_EXIT"", ""W_EXIT"", ""W_EXIT"", ""W_EXIT"", ""S_EXIT""], ""SOUTH"": [""W_EXIT"", ""W_EXIT"", ""N_EXIT"", ""E_EXIT"", ""W_EXIT""], ""WEST"": [""N_EXIT"", ""S_EXIT"", ""S_EXIT"", ""N_EXIT"", ""E_EXIT""]}"
316,40316,4,exit_concentrated,Scenario 4: Exit-concentrated,train_test,,0,NORTH,11,0,20,5,5,5,5,"{""EAST"": [0, 4, 8, 12, 16], ""NORTH"": [0, 4, 8, 12, 16], ""SOUTH"": [0, 4, 8, 12, 16], ""WEST"": [0, 4, 8, 12, 16]}","{""EAST"": [""N_EXIT"", ""N_EXIT"", ""N_EXIT"", ""W_EXIT"", ""W_EXIT""], ""NORTH"": [""E_EXIT"", ""W_EXIT"", ""W_EXIT"", ""E_EXIT"", ""E_EXIT""], ""SOUTH"": [""N_EXIT"", ""N_EXIT"", ""N_EXIT"", ""N_EXIT"", ""N_EXIT""], ""WEST"": [""N_EXIT"", ""N_EXIT"", ""N_EXIT"", ""E_EXIT"", ""S_EXIT""]}"
317,40317,4,exit_concentrated,Scenario 4: Exit-concentrated,train_test,,0,EAST,10,0,20,5,5,5,5,"{""EAST"": [0, 4, 8, 12, 16], ""NORTH"": [0, 4, 8, 12, 16], ""SOUTH"": [0, 4, 8, 12, 16], ""WEST"": [0, 4, 8, 12, 16]}","{""EAST"": [""N_EXIT"", ""N_EXIT"", ""W_EXIT"", ""S_EXIT"", ""N_EXIT""], ""NORTH"": [""E_EXIT"", ""E_EXIT"", ""E_EXIT"", ""S_EXIT"", ""S_EXIT""], ""SOUTH"": [""E_EXIT"", ""E_EXIT"", ""N_EXIT"", ""E_EXIT"", ""W_EXIT""], ""WEST"": [""E_EXIT"", ""E_EXIT"", ""E_EXIT"", ""N_EXIT"", ""E_EXIT""]}"
318,40318,4,exit_concentrated,Scenario 4: Exit-concentrated,train_test,,0,SOUTH,14,0,20,5,5,5,5,"{""EAST"": [0, 4, 8, 12, 16], ""NORTH"": [0, 4, 8, 12, 16], ""SOUTH"": [0, 4, 8, 12, 16], ""WEST"": [0, 4, 8, 12, 16]}","{""EAST"": [""S_EXIT"", ""S_EXIT"", ""S_EXIT"", ""S_EXIT"", ""S_EXIT""], ""NORTH"": [""S_EXIT"", ""S_EXIT"", ""S_EXIT"", ""S_EXIT"", ""W_EXIT""], ""SOUTH"": [""N_EXIT"", ""W_EXIT"", ""N_EXIT"", ""N_EXIT"", ""E_EXIT""], ""WEST"": [""S_EXIT"", ""S_EXIT"", ""S_EXIT"", ""S_EXIT"", ""S_EXIT""]}"
319,40319,4,exit_concentrated,Scenario 4: Exit-concentrated,train_test,,0,WEST,12,0,20,5,5,5,5,"{""EAST"": [0, 4, 8, 12, 16], ""NORTH"": [0, 4, 8, 12, 16], ""SOUTH"": [0, 4, 8, 12, 16], ""WEST"": [0, 4, 8, 12, 16]}","{""EAST"": [""W_EXIT"", ""W_EXIT"", ""W_EXIT"", ""W_EXIT"", ""S_EXIT""], ""NORTH"": [""W_EXIT"", ""W_EXIT"", ""W_EXIT"", ""W_EXIT"", ""W_EXIT""], ""SOUTH"": [""W_EXIT"", ""W_EXIT"", ""W_EXIT"", ""E_EXIT"", ""N_EXIT""], ""WEST"": [""N_EXIT"", ""E_EXIT"", ""E_EXIT"", ""N_EXIT"", ""S_EXIT""]}"
320,40320,4,exit_concentrated,Scenario 4: Exit-concentrated,train_test,,0,NORTH,12,0,20,5,5,5,5,"{""EAST"": [0, 4, 8, 12, 16], ""NORTH"": [0, 4, 8, 12, 16], ""SOUTH"": [0, 4, 8, 12, 16], ""WEST"": [0, 4, 8, 12, 16]}","{""EAST"": [""N_EXIT"", ""N_EXIT"", ""N_EXIT"", ""N_EXIT"", ""S_EXIT""], ""NORTH"": [""E_EXIT"", ""W_EXIT"", ""S_EXIT"", ""E_EXIT"", ""W_EXIT""], ""SOUTH"": [""N_EXIT"", ""N_EXIT"", ""N_EXIT"", ""E_EXIT"", ""W_EXIT""], ""WEST"": [""N_EXIT"", ""N_EXIT"", ""N_EXIT"", ""N_EXIT"", ""N_EXIT""]}"
321,40321,4,exit_concentrated,Scenario 4: Exit-concentrated,train_test,,0,EAST,14,0,20,5,5,5,5,"{""EAST"": [0, 4, 8, 12, 16], ""NORTH"": [0, 4, 8, 12, 16], ""SOUTH"": [0, 4, 8, 12, 16], ""WEST"": [0, 4, 8, 12, 16]}","{""EAST"": [""N_EXIT"", ""S_EXIT"", ""N_EXIT"", ""N_EXIT"", ""W_EXIT""], ""NORTH"": [""E_EXIT"", ""E_EXIT"", ""E_EXIT"", ""E_EXIT"", ""E_EXIT""], ""SOUTH"": [""E_EXIT"", ""E_EXIT"", ""E_EXIT"", ""E_EXIT"", ""E_EXIT""], ""WEST"": [""E_EXIT"", ""E_EXIT"", ""E_EXIT"", ""S_EXIT"", ""E_EXIT""]}"
322,40322,4,exit_concentrated,Scenario 4: Exit-concentrated,train_test,,0,SOUTH,13,0,20,5,5,5,5,"{""EAST"": [0, 4, 8, 12, 16], ""NORTH"": [0, 4, 8, 12, 16], ""SOUTH"": [0, 4, 8, 12, 16], ""WEST"": [0, 4, 8, 12, 16]}","{""EAST"": [""S_EXIT"", ""S_EXIT"", ""S_EXIT"", ""S_EXIT"", ""S_EXIT""], ""NORTH"": [""S_EXIT"", ""S_EXIT"", ""S_EXIT"", ""S_EXIT"", ""E_EXIT""], ""SOUTH"": [""N_EXIT"", ""E_EXIT"", ""W_EXIT"", ""N_EXIT"", ""W_EXIT""], ""WEST"": [""S_EXIT"", ""S_EXIT"", ""S_EXIT"", ""S_EXIT"", ""N_EXIT""]}"
323,40323,4,exit_concentrated,Scenario 4: Exit-concentrated,train_test,,0,WEST,13,0,20,5,5,5,5,"{""EAST"": [0, 4, 8, 12, 16], ""NORTH"": [0, 4, 8, 12, 16], ""SOUTH"": [0, 4, 8, 12, 16], ""WEST"": [0, 4, 8, 12, 16]}","{""EAST"": [""W_EXIT"", ""W_EXIT"", ""W_EXIT"", ""N_EXIT"", ""S_EXIT""], ""NORTH"": [""W_EXIT"", ""W_EXIT"", ""W_EXIT"", ""W_EXIT"", ""W_EXIT""], ""SOUTH"": [""W_EXIT"", ""W_EXIT"", ""W_EXIT"", ""W_EXIT"", ""W_EXIT""], ""WEST"": [""S_EXIT"", ""E_EXIT"", ""N_EXIT"", ""S_EXIT"", ""E_EXIT""]}"
324,40324,4,exit_concentrated,Scenario 4: Exit-concentrated,train_test,,0,NORTH,11,0,20,5,5,5,5,"{""EAST"": [0, 4, 8, 12, 16], ""NORTH"": [0, 4, 8, 12, 16], ""SOUTH"": [0, 4, 8, 12, 16], ""WEST"": [0, 4, 8, 12, 16]}","{""EAST"": [""N_EXIT"", ""N_EXIT"", ""N_EXIT"", ""N_EXIT"", ""W_EXIT""], ""NORTH"": [""E_EXIT"", ""W_EXIT"", ""E_EXIT"", ""S_EXIT"", ""W_EXIT""], ""SOUTH"": [""N_EXIT"", ""N_EXIT"", ""N_EXIT"", ""E_EXIT"", ""E_EXIT""], ""WEST"": [""N_EXIT"", ""N_EXIT"", ""N_EXIT"", ""N_EXIT"", ""S_EXIT""]}"
325,40325,4,exit_concentrated,Scenario 4: Exit-concentrated,train_test,,0,EAST,14,0,20,5,5,5,5,"{""EAST"": [0, 4, 8, 12, 16], ""NORTH"": [0, 4, 8, 12, 16], ""SOUTH"": [0, 4, 8, 12, 16], ""WEST"": [0, 4, 8, 12, 16]}","{""EAST"": [""S_EXIT"", ""W_EXIT"", ""S_EXIT"", ""N_EXIT"", ""W_EXIT""], ""NORTH"": [""E_EXIT"", ""E_EXIT"", ""E_EXIT"", ""E_EXIT"", ""E_EXIT""], ""SOUTH"": [""E_EXIT"", ""E_EXIT"", ""E_EXIT"", ""E_EXIT"", ""E_EXIT""], ""WEST"": [""E_EXIT"", ""E_EXIT"", ""E_EXIT"", ""E_EXIT"", ""S_EXIT""]}"
326,40326,4,exit_concentrated,Scenario 4: Exit-concentrated,train_test,,0,SOUTH,12,0,20,5,5,5,5,"{""EAST"": [0, 4, 8, 12, 16], ""NORTH"": [0, 4, 8, 12, 16], ""SOUTH"": [0, 4, 8, 12, 16], ""WEST"": [0, 4, 8, 12, 16]}","{""EAST"": [""S_EXIT"", ""S_EXIT"", ""S_EXIT"", ""S_EXIT"", ""N_EXIT""], ""NORTH"": [""S_EXIT"", ""S_EXIT"", ""S_EXIT"", ""E_EXIT"", ""W_EXIT""], ""SOUTH"": [""W_EXIT"", ""W_EXIT"", ""E_EXIT"", ""E_EXIT"", ""W_EXIT""], ""WEST"": [""S_EXIT"", ""S_EXIT"", ""S_EXIT"", ""S_EXIT"", ""S_EXIT""]}"
327,40327,4,exit_concentrated,Scenario 4: Exit-concentrated,train_test,,0,WEST,10,0,20,5,5,5,5,"{""EAST"": [0, 4, 8, 12, 16], ""NORTH"": [0, 4, 8, 12, 16], ""SOUTH"": [0, 4, 8, 12, 16], ""WEST"": [0, 4, 8, 12, 16]}","{""EAST"": [""W_EXIT"", ""W_EXIT"", ""W_EXIT"", ""N_EXIT"", ""W_EXIT""], ""NORTH"": [""W_EXIT"", ""W_EXIT"", ""W_EXIT"", ""W_EXIT"", ""S_EXIT""], ""SOUTH"": [""W_EXIT"", ""E_EXIT"", ""W_EXIT"", ""E_EXIT"", ""N_EXIT""], ""WEST"": [""S_EXIT"", ""N_EXIT"", ""S_EXIT"", ""S_EXIT"", ""E_EXIT""]}"
328,40328,4,exit_concentrated,Scenario 4: Exit-concentrated,train_test,,0,NORTH,10,0,20,5,5,5,5,"{""EAST"": [0, 4, 8, 12, 16], ""NORTH"": [0, 4, 8, 12, 16], ""SOUTH"": [0, 4, 8, 12, 16], ""WEST"": [0, 4, 8, 12, 16]}","{""EAST"": [""N_EXIT"", ""N_EXIT"", ""N_EXIT"", ""N_EXIT"", ""S_EXIT""], ""NORTH"": [""E_EXIT"", ""W_EXIT"", ""W_EXIT"", ""W_EXIT"", ""S_EXIT""], ""SOUTH"": [""N_EXIT"", ""N_EXIT"", ""W_EXIT"", ""E_EXIT"", ""N_EXIT""], ""WEST"": [""N_EXIT"", ""N_EXIT"", ""N_EXIT"", ""E_EXIT"", ""E_EXIT""]}"
329,40329,4,exit_concentrated,Scenario 4: Exit-concentrated,train_test,,0,EAST,14,0,20,5,5,5,5,"{""EAST"": [0, 4, 8, 12, 16], ""NORTH"": [0, 4, 8, 12, 16], ""SOUTH"": [0, 4, 8, 12, 16], ""WEST"": [0, 4, 8, 12, 16]}","{""EAST"": [""W_EXIT"", ""W_EXIT"", ""N_EXIT"", ""W_EXIT"", ""N_EXIT""], ""NORTH"": [""E_EXIT"", ""E_EXIT"", ""E_EXIT"", ""E_EXIT"", ""E_EXIT""], ""SOUTH"": [""E_EXIT"", ""E_EXIT"", ""E_EXIT"", ""E_EXIT"", ""E_EXIT""], ""WEST"": [""E_EXIT"", ""E_EXIT"", ""E_EXIT"", ""E_EXIT"", ""S_EXIT""]}"
330,40330,4,exit_concentrated,Scenario 4: Exit-concentrated,train_test,,0,SOUTH,12,0,20,5,5,5,5,"{""EAST"": [0, 4, 8, 12, 16], ""NORTH"": [0, 4, 8, 12, 16], ""SOUTH"": [0, 4, 8, 12, 16], ""WEST"": [0, 4, 8, 12, 16]}","{""EAST"": [""S_EXIT"", ""S_EXIT"", ""S_EXIT"", ""N_EXIT"", ""S_EXIT""], ""NORTH"": [""S_EXIT"", ""S_EXIT"", ""S_EXIT"", ""S_EXIT"", ""W_EXIT""], ""SOUTH"": [""W_EXIT"", ""W_EXIT"", ""N_EXIT"", ""W_EXIT"", ""E_EXIT""], ""WEST"": [""S_EXIT"", ""S_EXIT"", ""S_EXIT"", ""S_EXIT"", ""N_EXIT""]}"
331,40331,4,exit_concentrated,Scenario 4: Exit-concentrated,train_test,,0,WEST,13,0,20,5,5,5,5,"{""EAST"": [0, 4, 8, 12, 16], ""NORTH"": [0, 4, 8, 12, 16], ""SOUTH"": [0, 4, 8, 12, 16], ""WEST"": [0, 4, 8, 12, 16]}","{""EAST"": [""W_EXIT"", ""W_EXIT"", ""W_EXIT"", ""W_EXIT"", ""S_EXIT""], ""NORTH"": [""W_EXIT"", ""W_EXIT"", ""W_EXIT"", ""W_EXIT"", ""W_EXIT""], ""SOUTH"": [""W_EXIT"", ""W_EXIT"", ""W_EXIT"", ""N_EXIT"", ""W_EXIT""], ""WEST"": [""S_EXIT"", ""E_EXIT"", ""S_EXIT"", ""E_EXIT"", ""E_EXIT""]}"
332,40332,4,exit_concentrated,Scenario 4: Exit-concentrated,train_test,,0,NORTH,10,0,20,5,5,5,5,"{""EAST"": [0, 4, 8, 12, 16], ""NORTH"": [0, 4, 8, 12, 16], ""SOUTH"": [0, 4, 8, 12, 16], ""WEST"": [0, 4, 8, 12, 16]}","{""EAST"": [""N_EXIT"", ""N_EXIT"", ""N_EXIT"", ""S_EXIT"", ""N_EXIT""], ""NORTH"": [""S_EXIT"", ""S_EXIT"", ""E_EXIT"", ""E_EXIT"", ""S_EXIT""], ""SOUTH"": [""N_EXIT"", ""W_EXIT"", ""W_EXIT"", ""E_EXIT"", ""N_EXIT""], ""WEST"": [""N_EXIT"", ""N_EXIT"", ""N_EXIT"", ""N_EXIT"", ""S_EXIT""]}"
333,40333,4,exit_concentrated,Scenario 4: Exit-concentrated,train_test,,0,EAST,11,0,20,5,5,5,5,"{""EAST"": [0, 4, 8, 12, 16], ""NORTH"": [0, 4, 8, 12, 16], ""SOUTH"": [0, 4, 8, 12, 16], ""WEST"": [0, 4, 8, 12, 16]}","{""EAST"": [""W_EXIT"", ""S_EXIT"", ""S_EXIT"", ""W_EXIT"", ""S_EXIT""], ""NORTH"": [""E_EXIT"", ""E_EXIT"", ""E_EXIT"", ""S_EXIT"", ""E_EXIT""], ""SOUTH"": [""E_EXIT"", ""E_EXIT"", ""W_EXIT"", ""N_EXIT"", ""W_EXIT""], ""WEST"": [""E_EXIT"", ""E_EXIT"", ""E_EXIT"", ""E_EXIT"", ""E_EXIT""]}"
334,40334,4,exit_concentrated,Scenario 4: Exit-concentrated,train_test,,0,SOUTH,11,0,20,5,5,5,5,"{""EAST"": [0, 4, 8, 12, 16], ""NORTH"": [0, 4, 8, 12, 16], ""SOUTH"": [0, 4, 8, 12, 16], ""WEST"": [0, 4, 8, 12, 16]}","{""EAST"": [""S_EXIT"", ""S_EXIT"", ""W_EXIT"", ""S_EXIT"", ""S_EXIT""], ""NORTH"": [""S_EXIT"", ""S_EXIT"", ""S_EXIT"", ""W_EXIT"", ""E_EXIT""], ""SOUTH"": [""E_EXIT"", ""E_EXIT"", ""N_EXIT"", ""E_EXIT"", ""W_EXIT""], ""WEST"": [""S_EXIT"", ""S_EXIT"", ""S_EXIT"", ""S_EXIT"", ""N_EXIT""]}"
335,40335,4,exit_concentrated,Scenario 4: Exit-concentrated,train_test,,0,WEST,14,0,20,5,5,5,5,"{""EAST"": [0, 4, 8, 12, 16], ""NORTH"": [0, 4, 8, 12, 16], ""SOUTH"": [0, 4, 8, 12, 16], ""WEST"": [0, 4, 8, 12, 16]}","{""EAST"": [""W_EXIT"", ""W_EXIT"", ""W_EXIT"", ""W_EXIT"", ""W_EXIT""], ""NORTH"": [""W_EXIT"", ""W_EXIT"", ""W_EXIT"", ""W_EXIT"", ""W_EXIT""], ""SOUTH"": [""W_EXIT"", ""W_EXIT"", ""W_EXIT"", ""E_EXIT"", ""W_EXIT""], ""WEST"": [""N_EXIT"", ""S_EXIT"", ""E_EXIT"", ""N_EXIT"", ""S_EXIT""]}"
336,40336,4,exit_concentrated,Scenario 4: Exit-concentrated,train_test,,0,NORTH,14,0,20,5,5,5,5,"{""EAST"": [0, 4, 8, 12, 16], ""NORTH"": [0, 4, 8, 12, 16], ""SOUTH"": [0, 4, 8, 12, 16], ""WEST"": [0, 4, 8, 12, 16]}","{""EAST"": [""N_EXIT"", ""N_EXIT"", ""N_EXIT"", ""N_EXIT"", ""N_EXIT""], ""NORTH"": [""S_EXIT"", ""S_EXIT"", ""W_EXIT"", ""W_EXIT"", ""E_EXIT""], ""SOUTH"": [""N_EXIT"", ""N_EXIT"", ""N_EXIT"", ""N_EXIT"", ""N_EXIT""], ""WEST"": [""N_EXIT"", ""N_EXIT"", ""N_EXIT"", ""N_EXIT"", ""S_EXIT""]}"
337,40337,4,exit_concentrated,Scenario 4: Exit-concentrated,train_test,,0,EAST,11,0,20,5,5,5,5,"{""EAST"": [0, 4, 8, 12, 16], ""NORTH"": [0, 4, 8, 12, 16], ""SOUTH"": [0, 4, 8, 12, 16], ""WEST"": [0, 4, 8, 12, 16]}","{""EAST"": [""N_EXIT"", ""S_EXIT"", ""N_EXIT"", ""S_EXIT"", ""N_EXIT""], ""NORTH"": [""E_EXIT"", ""E_EXIT"", ""E_EXIT"", ""E_EXIT"", ""W_EXIT""], ""SOUTH"": [""E_EXIT"", ""E_EXIT"", ""E_EXIT"", ""E_EXIT"", ""W_EXIT""], ""WEST"": [""E_EXIT"", ""N_EXIT"", ""E_EXIT"", ""S_EXIT"", ""E_EXIT""]}"
338,40338,4,exit_concentrated,Scenario 4: Exit-concentrated,train_test,,0,SOUTH,10,0,20,5,5,5,5,"{""EAST"": [0, 4, 8, 12, 16], ""NORTH"": [0, 4, 8, 12, 16], ""SOUTH"": [0, 4, 8, 12, 16], ""WEST"": [0, 4, 8, 12, 16]}","{""EAST"": [""S_EXIT"", ""S_EXIT"", ""S_EXIT"", ""S_EXIT"", ""S_EXIT""], ""NORTH"": [""S_EXIT"", ""S_EXIT"", ""S_EXIT"", ""W_EXIT"", ""W_EXIT""], ""SOUTH"": [""W_EXIT"", ""N_EXIT"", ""E_EXIT"", ""W_EXIT"", ""E_EXIT""], ""WEST"": [""S_EXIT"", ""S_EXIT"", ""N_EXIT"", ""E_EXIT"", ""N_EXIT""]}"
339,40339,4,exit_concentrated,Scenario 4: Exit-concentrated,train_test,,0,WEST,11,0,20,5,5,5,5,"{""EAST"": [0, 4, 8, 12, 16], ""NORTH"": [0, 4, 8, 12, 16], ""SOUTH"": [0, 4, 8, 12, 16], ""WEST"": [0, 4, 8, 12, 16]}","{""EAST"": [""W_EXIT"", ""W_EXIT"", ""N_EXIT"", ""S_EXIT"", ""W_EXIT""], ""NORTH"": [""W_EXIT"", ""W_EXIT"", ""W_EXIT"", ""W_EXIT"", ""E_EXIT""], ""SOUTH"": [""W_EXIT"", ""W_EXIT"", ""W_EXIT"", ""W_EXIT"", ""E_EXIT""], ""WEST"": [""E_EXIT"", ""N_EXIT"", ""E_EXIT"", ""N_EXIT"", ""N_EXIT""]}"
340,40340,4,exit_concentrated,Scenario 4: Exit-concentrated,train_test,,0,NORTH,12,0,20,5,5,5,5,"{""EAST"": [0, 4, 8, 12, 16], ""NORTH"": [0, 4, 8, 12, 16], ""SOUTH"": [0, 4, 8, 12, 16], ""WEST"": [0, 4, 8, 12, 16]}","{""EAST"": [""N_EXIT"", ""N_EXIT"", ""N_EXIT"", ""S_EXIT"", ""N_EXIT""], ""NORTH"": [""W_EXIT"", ""W_EXIT"", ""W_EXIT"", ""E_EXIT"", ""W_EXIT""], ""SOUTH"": [""N_EXIT"", ""N_EXIT"", ""N_EXIT"", ""N_EXIT"", ""N_EXIT""], ""WEST"": [""N_EXIT"", ""N_EXIT"", ""N_EXIT"", ""S_EXIT"", ""E_EXIT""]}"
341,40341,4,exit_concentrated,Scenario 4: Exit-concentrated,train_test,,0,EAST,13,0,20,5,5,5,5,"{""EAST"": [0, 4, 8, 12, 16], ""NORTH"": [0, 4, 8, 12, 16], ""SOUTH"": [0, 4, 8, 12, 16], ""WEST"": [0, 4, 8, 12, 16]}","{""EAST"": [""W_EXIT"", ""N_EXIT"", ""W_EXIT"", ""N_EXIT"", ""N_EXIT""], ""NORTH"": [""E_EXIT"", ""E_EXIT"", ""E_EXIT"", ""E_EXIT"", ""S_EXIT""], ""SOUTH"": [""E_EXIT"", ""E_EXIT"", ""E_EXIT"", ""E_EXIT"", ""W_EXIT""], ""WEST"": [""E_EXIT"", ""E_EXIT"", ""E_EXIT"", ""E_EXIT"", ""E_EXIT""]}"
342,40342,4,exit_concentrated,Scenario 4: Exit-concentrated,train_test,,0,SOUTH,13,0,20,5,5,5,5,"{""EAST"": [0, 4, 8, 12, 16], ""NORTH"": [0, 4, 8, 12, 16], ""SOUTH"": [0, 4, 8, 12, 16], ""WEST"": [0, 4, 8, 12, 16]}","{""EAST"": [""S_EXIT"", ""S_EXIT"", ""S_EXIT"", ""S_EXIT"", ""S_EXIT""], ""NORTH"": [""S_EXIT"", ""S_EXIT"", ""S_EXIT"", ""S_EXIT"", ""S_EXIT""], ""SOUTH"": [""E_EXIT"", ""W_EXIT"", ""N_EXIT"", ""N_EXIT"", ""W_EXIT""], ""WEST"": [""S_EXIT"", ""S_EXIT"", ""S_EXIT"", ""E_EXIT"", ""E_EXIT""]}"
343,40343,4,exit_concentrated,Scenario 4: Exit-concentrated,train_test,,0,WEST,14,0,20,5,5,5,5,"{""EAST"": [0, 4, 8, 12, 16], ""NORTH"": [0, 4, 8, 12, 16], ""SOUTH"": [0, 4, 8, 12, 16], ""WEST"": [0, 4, 8, 12, 16]}","{""EAST"": [""W_EXIT"", ""W_EXIT"", ""W_EXIT"", ""W_EXIT"", ""W_EXIT""], ""NORTH"": [""W_EXIT"", ""W_EXIT"", ""W_EXIT"", ""W_EXIT"", ""E_EXIT""], ""SOUTH"": [""W_EXIT"", ""W_EXIT"", ""W_EXIT"", ""W_EXIT"", ""W_EXIT""], ""WEST"": [""N_EXIT"", ""E_EXIT"", ""N_EXIT"", ""N_EXIT"", ""S_EXIT""]}"
344,40344,4,exit_concentrated,Scenario 4: Exit-concentrated,train_test,,0,NORTH,11,0,20,5,5,5,5,"{""EAST"": [0, 4, 8, 12, 16], ""NORTH"": [0, 4, 8, 12, 16], ""SOUTH"": [0, 4, 8, 12, 16], ""WEST"": [0, 4, 8, 12, 16]}","{""EAST"": [""N_EXIT"", ""N_EXIT"", ""N_EXIT"", ""N_EXIT"", ""S_EXIT""], ""NORTH"": [""S_EXIT"", ""E_EXIT"", ""S_EXIT"", ""W_EXIT"", ""E_EXIT""], ""SOUTH"": [""N_EXIT"", ""N_EXIT"", ""N_EXIT"", ""W_EXIT"", ""N_EXIT""], ""WEST"": [""N_EXIT"", ""N_EXIT"", ""N_EXIT"", ""S_EXIT"", ""E_EXIT""]}"
345,40345,4,exit_concentrated,Scenario 4: Exit-concentrated,train_test,,0,EAST,13,0,20,5,5,5,5,"{""EAST"": [0, 4, 8, 12, 16], ""NORTH"": [0, 4, 8, 12, 16], ""SOUTH"": [0, 4, 8, 12, 16], ""WEST"": [0, 4, 8, 12, 16]}","{""EAST"": [""N_EXIT"", ""S_EXIT"", ""N_EXIT"", ""S_EXIT"", ""S_EXIT""], ""NORTH"": [""E_EXIT"", ""E_EXIT"", ""E_EXIT"", ""E_EXIT"", ""W_EXIT""], ""SOUTH"": [""E_EXIT"", ""E_EXIT"", ""E_EXIT"", ""E_EXIT"", ""E_EXIT""], ""WEST"": [""E_EXIT"", ""E_EXIT"", ""E_EXIT"", ""E_EXIT"", ""N_EXIT""]}"
346,40346,4,exit_concentrated,Scenario 4: Exit-concentrated,train_test,,0,SOUTH,12,0,20,5,5,5,5,"{""EAST"": [0, 4, 8, 12, 16], ""NORTH"": [0, 4, 8, 12, 16], ""SOUTH"": [0, 4, 8, 12, 16], ""WEST"": [0, 4, 8, 12, 16]}","{""EAST"": [""S_EXIT"", ""S_EXIT"", ""S_EXIT"", ""S_EXIT"", ""S_EXIT""], ""NORTH"": [""S_EXIT"", ""S_EXIT"", ""W_EXIT"", ""S_EXIT"", ""E_EXIT""], ""SOUTH"": [""E_EXIT"", ""E_EXIT"", ""E_EXIT"", ""N_EXIT"", ""W_EXIT""], ""WEST"": [""S_EXIT"", ""S_EXIT"", ""S_EXIT"", ""S_EXIT"", ""N_EXIT""]}"
347,40347,4,exit_concentrated,Scenario 4: Exit-concentrated,train_test,,0,WEST,14,0,20,5,5,5,5,"{""EAST"": [0, 4, 8, 12, 16], ""NORTH"": [0, 4, 8, 12, 16], ""SOUTH"": [0, 4, 8, 12, 16], ""WEST"": [0, 4, 8, 12, 16]}","{""EAST"": [""W_EXIT"", ""W_EXIT"", ""W_EXIT"", ""W_EXIT"", ""W_EXIT""], ""NORTH"": [""W_EXIT"", ""W_EXIT"", ""W_EXIT"", ""W_EXIT"", ""W_EXIT""], ""SOUTH"": [""W_EXIT"", ""W_EXIT"", ""W_EXIT"", ""W_EXIT"", ""N_EXIT""], ""WEST"": [""S_EXIT"", ""N_EXIT"", ""S_EXIT"", ""E_EXIT"", ""S_EXIT""]}"
348,40348,4,exit_concentrated,Scenario 4: Exit-concentrated,train_test,,0,NORTH,12,0,20,5,5,5,5,"{""EAST"": [0, 4, 8, 12, 16], ""NORTH"": [0, 4, 8, 12, 16], ""SOUTH"": [0, 4, 8, 12, 16], ""WEST"": [0, 4, 8, 12, 16]}","{""EAST"": [""N_EXIT"", ""N_EXIT"", ""S_EXIT"", ""N_EXIT"", ""W_EXIT""], ""NORTH"": [""E_EXIT"", ""W_EXIT"", ""E_EXIT"", ""W_EXIT"", ""E_EXIT""], ""SOUTH"": [""N_EXIT"", ""N_EXIT"", ""N_EXIT"", ""N_EXIT"", ""N_EXIT""], ""WEST"": [""N_EXIT"", ""N_EXIT"", ""N_EXIT"", ""N_EXIT"", ""E_EXIT""]}"
349,40349,4,exit_concentrated,Scenario 4: Exit-concentrated,train_test,,0,EAST,10,0,20,5,5,5,5,"{""EAST"": [0, 4, 8, 12, 16], ""NORTH"": [0, 4, 8, 12, 16], ""SOUTH"": [0, 4, 8, 12, 16], ""WEST"": [0, 4, 8, 12, 16]}","{""EAST"": [""W_EXIT"", ""N_EXIT"", ""N_EXIT"", ""W_EXIT"", ""N_EXIT""], ""NORTH"": [""E_EXIT"", ""E_EXIT"", ""E_EXIT"", ""E_EXIT"", ""W_EXIT""], ""SOUTH"": [""E_EXIT"", ""E_EXIT"", ""E_EXIT"", ""E_EXIT"", ""W_EXIT""], ""WEST"": [""E_EXIT"", ""S_EXIT"", ""N_EXIT"", ""E_EXIT"", ""S_EXIT""]}"
350,40350,4,exit_concentrated,Scenario 4: Exit-concentrated,train_test,,0,SOUTH,12,0,20,5,5,5,5,"{""EAST"": [0, 4, 8, 12, 16], ""NORTH"": [0, 4, 8, 12, 16], ""SOUTH"": [0, 4, 8, 12, 16], ""WEST"": [0, 4, 8, 12, 16]}","{""EAST"": [""S_EXIT"", ""S_EXIT"", ""S_EXIT"", ""N_EXIT"", ""S_EXIT""], ""NORTH"": [""S_EXIT"", ""S_EXIT"", ""S_EXIT"", ""S_EXIT"", ""E_EXIT""], ""SOUTH"": [""W_EXIT"", ""W_EXIT"", ""E_EXIT"", ""W_EXIT"", ""W_EXIT""], ""WEST"": [""S_EXIT"", ""S_EXIT"", ""S_EXIT"", ""S_EXIT"", ""N_EXIT""]}"
351,40351,4,exit_concentrated,Scenario 4: Exit-concentrated,train_test,,0,WEST,11,0,20,5,5,5,5,"{""EAST"": [0, 4, 8, 12, 16], ""NORTH"": [0, 4, 8, 12, 16], ""SOUTH"": [0, 4, 8, 12, 16], ""WEST"": [0, 4, 8, 12, 16]}","{""EAST"": [""W_EXIT"", ""W_EXIT"", ""W_EXIT"", ""N_EXIT"", ""W_EXIT""], ""NORTH"": [""W_EXIT"", ""W_EXIT"", ""W_EXIT"", ""E_EXIT"", ""S_EXIT""], ""SOUTH"": [""W_EXIT"", ""W_EXIT"", ""W_EXIT"", ""W_EXIT"", ""N_EXIT""], ""WEST"": [""E_EXIT"", ""E_EXIT"", ""N_EXIT"", ""S_EXIT"", ""E_EXIT""]}"
352,40352,4,exit_concentrated,Scenario 4: Exit-concentrated,train_test,,0,NORTH,13,0,20,5,5,5,5,"{""EAST"": [0, 4, 8, 12, 16], ""NORTH"": [0, 4, 8, 12, 16], ""SOUTH"": [0, 4, 8, 12, 16], ""WEST"": [0, 4, 8, 12, 16]}","{""EAST"": [""N_EXIT"", ""N_EXIT"", ""N_EXIT"", ""N_EXIT"", ""N_EXIT""], ""NORTH"": [""S_EXIT"", ""W_EXIT"", ""S_EXIT"", ""W_EXIT"", ""E_EXIT""], ""SOUTH"": [""N_EXIT"", ""N_EXIT"", ""N_EXIT"", ""N_EXIT"", ""W_EXIT""], ""WEST"": [""N_EXIT"", ""N_EXIT"", ""N_EXIT"", ""N_EXIT"", ""S_EXIT""]}"
353,40353,4,exit_concentrated,Scenario 4: Exit-concentrated,train_test,,0,EAST,13,0,20,5,5,5,5,"{""EAST"": [0, 4, 8, 12, 16], ""NORTH"": [0, 4, 8, 12, 16], ""SOUTH"": [0, 4, 8, 12, 16], ""WEST"": [0, 4, 8, 12, 16]}","{""EAST"": [""N_EXIT"", ""W_EXIT"", ""N_EXIT"", ""N_EXIT"", ""S_EXIT""], ""NORTH"": [""E_EXIT"", ""E_EXIT"", ""E_EXIT"", ""E_EXIT"", ""W_EXIT""], ""SOUTH"": [""E_EXIT"", ""E_EXIT"", ""E_EXIT"", ""W_EXIT"", ""E_EXIT""], ""WEST"": [""E_EXIT"", ""E_EXIT"", ""E_EXIT"", ""E_EXIT"", ""E_EXIT""]}"
354,40354,4,exit_concentrated,Scenario 4: Exit-concentrated,train_test,,0,SOUTH,11,0,20,5,5,5,5,"{""EAST"": [0, 4, 8, 12, 16], ""NORTH"": [0, 4, 8, 12, 16], ""SOUTH"": [0, 4, 8, 12, 16], ""WEST"": [0, 4, 8, 12, 16]}","{""EAST"": [""S_EXIT"", ""S_EXIT"", ""N_EXIT"", ""W_EXIT"", ""W_EXIT""], ""NORTH"": [""S_EXIT"", ""S_EXIT"", ""S_EXIT"", ""S_EXIT"", ""S_EXIT""], ""SOUTH"": [""E_EXIT"", ""E_EXIT"", ""W_EXIT"", ""E_EXIT"", ""E_EXIT""], ""WEST"": [""S_EXIT"", ""S_EXIT"", ""S_EXIT"", ""N_EXIT"", ""S_EXIT""]}"
355,40355,4,exit_concentrated,Scenario 4: Exit-concentrated,train_test,,0,WEST,10,0,20,5,5,5,5,"{""EAST"": [0, 4, 8, 12, 16], ""NORTH"": [0, 4, 8, 12, 16], ""SOUTH"": [0, 4, 8, 12, 16], ""WEST"": [0, 4, 8, 12, 16]}","{""EAST"": [""W_EXIT"", ""S_EXIT"", ""W_EXIT"", ""S_EXIT"", ""N_EXIT""], ""NORTH"": [""W_EXIT"", ""W_EXIT"", ""W_EXIT"", ""W_EXIT"", ""E_EXIT""], ""SOUTH"": [""W_EXIT"", ""W_EXIT"", ""W_EXIT"", ""W_EXIT"", ""E_EXIT""], ""WEST"": [""E_EXIT"", ""E_EXIT"", ""S_EXIT"", ""E_EXIT"", ""S_EXIT""]}"
356,40356,4,exit_concentrated,Scenario 4: Exit-concentrated,train_test,,0,NORTH,12,0,20,5,5,5,5,"{""EAST"": [0, 4, 8, 12, 16], ""NORTH"": [0, 4, 8, 12, 16], ""SOUTH"": [0, 4, 8, 12, 16], ""WEST"": [0, 4, 8, 12, 16]}","{""EAST"": [""N_EXIT"", ""N_EXIT"", ""N_EXIT"", ""N_EXIT"", ""N_EXIT""], ""NORTH"": [""S_EXIT"", ""S_EXIT"", ""E_EXIT"", ""S_EXIT"", ""S_EXIT""], ""SOUTH"": [""N_EXIT"", ""N_EXIT"", ""N_EXIT"", ""E_EXIT"", ""W_EXIT""], ""WEST"": [""N_EXIT"", ""N_EXIT"", ""N_EXIT"", ""N_EXIT"", ""E_EXIT""]}"
357,40357,4,exit_concentrated,Scenario 4: Exit-concentrated,train_test,,0,EAST,11,0,20,5,5,5,5,"{""EAST"": [0, 4, 8, 12, 16], ""NORTH"": [0, 4, 8, 12, 16], ""SOUTH"": [0, 4, 8, 12, 16], ""WEST"": [0, 4, 8, 12, 16]}","{""EAST"": [""N_EXIT"", ""S_EXIT"", ""N_EXIT"", ""N_EXIT"", ""W_EXIT""], ""NORTH"": [""E_EXIT"", ""E_EXIT"", ""E_EXIT"", ""W_EXIT"", ""E_EXIT""], ""SOUTH"": [""E_EXIT"", ""E_EXIT"", ""E_EXIT"", ""E_EXIT"", ""N_EXIT""], ""WEST"": [""E_EXIT"", ""E_EXIT"", ""E_EXIT"", ""S_EXIT"", ""S_EXIT""]}"
358,40358,4,exit_concentrated,Scenario 4: Exit-concentrated,train_test,,0,SOUTH,14,0,20,5,5,5,5,"{""EAST"": [0, 4, 8, 12, 16], ""NORTH"": [0, 4, 8, 12, 16], ""SOUTH"": [0, 4, 8, 12, 16], ""WEST"": [0, 4, 8, 12, 16]}","{""EAST"": [""S_EXIT"", ""S_EXIT"", ""S_EXIT"", ""S_EXIT"", ""S_EXIT""], ""NORTH"": [""S_EXIT"", ""S_EXIT"", ""S_EXIT"", ""S_EXIT"", ""S_EXIT""], ""SOUTH"": [""E_EXIT"", ""E_EXIT"", ""W_EXIT"", ""E_EXIT"", ""N_EXIT""], ""WEST"": [""S_EXIT"", ""S_EXIT"", ""S_EXIT"", ""S_EXIT"", ""N_EXIT""]}"
359,40359,4,exit_concentrated,Scenario 4: Exit-concentrated,train_test,,0,WEST,12,0,20,5,5,5,5,"{""EAST"": [0, 4, 8, 12, 16], ""NORTH"": [0, 4, 8, 12, 16], ""SOUTH"": [0, 4, 8, 12, 16], ""WEST"": [0, 4, 8, 12, 16]}","{""EAST"": [""W_EXIT"", ""W_EXIT"", ""W_EXIT"", ""W_EXIT"", ""W_EXIT""], ""NORTH"": [""W_EXIT"", ""W_EXIT"", ""W_EXIT"", ""S_EXIT"", ""W_EXIT""], ""SOUTH"": [""W_EXIT"", ""W_EXIT"", ""W_EXIT"", ""N_EXIT"", ""E_EXIT""], ""WEST"": [""N_EXIT"", ""N_EXIT"", ""S_EXIT"", ""N_EXIT"", ""S_EXIT""]}"
360,40360,4,exit_concentrated,Scenario 4: Exit-concentrated,train_test,,0,NORTH,11,0,20,5,5,5,5,"{""EAST"": [0, 4, 8, 12, 16], ""NORTH"": [0, 4, 8, 12, 16], ""SOUTH"": [0, 4, 8, 12, 16], ""WEST"": [0, 4, 8, 12, 16]}","{""EAST"": [""N_EXIT"", ""N_EXIT"", ""N_EXIT"", ""W_EXIT"", ""N_EXIT""], ""NORTH"": [""W_EXIT"", ""W_EXIT"", ""S_EXIT"", ""S_EXIT"", ""W_EXIT""], ""SOUTH"": [""N_EXIT"", ""N_EXIT"", ""N_EXIT"", ""N_EXIT"", ""E_EXIT""], ""WEST"": [""N_EXIT"", ""N_EXIT"", ""E_EXIT"", ""N_EXIT"", ""E_EXIT""]}"
361,40361,4,exit_concentrated,Scenario 4: Exit-concentrated,train_test,,0,EAST,11,0,20,5,5,5,5,"{""EAST"": [0, 4, 8, 12, 16], ""NORTH"": [0, 4, 8, 12, 16], ""SOUTH"": [0, 4, 8, 12, 16], ""WEST"": [0, 4, 8, 12, 16]}","{""EAST"": [""N_EXIT"", ""N_EXIT"", ""S_EXIT"", ""S_EXIT"", ""W_EXIT""], ""NORTH"": [""E_EXIT"", ""E_EXIT"", ""S_EXIT"", ""E_EXIT"", ""S_EXIT""], ""SOUTH"": [""E_EXIT"", ""E_EXIT"", ""E_EXIT"", ""E_EXIT"", ""E_EXIT""], ""WEST"": [""E_EXIT"", ""E_EXIT"", ""E_EXIT"", ""N_EXIT"", ""N_EXIT""]}"
362,40362,4,exit_concentrated,Scenario 4: Exit-concentrated,train_test,,0,SOUTH,11,0,20,5,5,5,5,"{""EAST"": [0, 4, 8, 12, 16], ""NORTH"": [0, 4, 8, 12, 16], ""SOUTH"": [0, 4, 8, 12, 16], ""WEST"": [0, 4, 8, 12, 16]}","{""EAST"": [""S_EXIT"", ""S_EXIT"", ""S_EXIT"", ""S_EXIT"", ""W_EXIT""], ""NORTH"": [""S_EXIT"", ""S_EXIT"", ""E_EXIT"", ""W_EXIT"", ""S_EXIT""], ""SOUTH"": [""W_EXIT"", ""N_EXIT"", ""E_EXIT"", ""N_EXIT"", ""N_EXIT""], ""WEST"": [""S_EXIT"", ""S_EXIT"", ""S_EXIT"", ""S_EXIT"", ""E_EXIT""]}"
363,40363,4,exit_concentrated,Scenario 4: Exit-concentrated,train_test,,0,WEST,11,0,20,5,5,5,5,"{""EAST"": [0, 4, 8, 12, 16], ""NORTH"": [0, 4, 8, 12, 16], ""SOUTH"": [0, 4, 8, 12, 16], ""WEST"": [0, 4, 8, 12, 16]}","{""EAST"": [""W_EXIT"", ""W_EXIT"", ""W_EXIT"", ""S_EXIT"", ""W_EXIT""], ""NORTH"": [""W_EXIT"", ""W_EXIT"", ""W_EXIT"", ""W_EXIT"", ""E_EXIT""], ""SOUTH"": [""W_EXIT"", ""W_EXIT"", ""W_EXIT"", ""E_EXIT"", ""N_EXIT""], ""WEST"": [""E_EXIT"", ""N_EXIT"", ""E_EXIT"", ""N_EXIT"", ""N_EXIT""]}"
364,40364,4,exit_concentrated,Scenario 4: Exit-concentrated,train_test,,0,NORTH,13,0,20,5,5,5,5,"{""EAST"": [0, 4, 8, 12, 16], ""NORTH"": [0, 4, 8, 12, 16], ""SOUTH"": [0, 4, 8, 12, 16], ""WEST"": [0, 4, 8, 12, 16]}","{""EAST"": [""N_EXIT"", ""N_EXIT"", ""N_EXIT"", ""N_EXIT"", ""N_EXIT""], ""NORTH"": [""W_EXIT"", ""E_EXIT"", ""E_EXIT"", ""W_EXIT"", ""W_EXIT""], ""SOUTH"": [""N_EXIT"", ""N_EXIT"", ""N_EXIT"", ""N_EXIT"", ""E_EXIT""], ""WEST"": [""N_EXIT"", ""N_EXIT"", ""N_EXIT"", ""N_EXIT"", ""S_EXIT""]}"
365,40365,4,exit_concentrated,Scenario 4: Exit-concentrated,train_test,,0,EAST,12,0,20,5,5,5,5,"{""EAST"": [0, 4, 8, 12, 16], ""NORTH"": [0, 4, 8, 12, 16], ""SOUTH"": [0, 4, 8, 12, 16], ""WEST"": [0, 4, 8, 12, 16]}","{""EAST"": [""N_EXIT"", ""N_EXIT"", ""S_EXIT"", ""S_EXIT"", ""S_EXIT""], ""NORTH"": [""E_EXIT"", ""E_EXIT"", ""E_EXIT"", ""W_EXIT"", ""E_EXIT""], ""SOUTH"": [""E_EXIT"", ""E_EXIT"", ""E_EXIT"", ""E_EXIT"", ""E_EXIT""], ""WEST"": [""E_EXIT"", ""E_EXIT"", ""E_EXIT"", ""N_EXIT"", ""N_EXIT""]}"
366,40366,4,exit_concentrated,Scenario 4: Exit-concentrated,train_test,,0,SOUTH,11,0,20,5,5,5,5,"{""EAST"": [0, 4, 8, 12, 16], ""NORTH"": [0, 4, 8, 12, 16], ""SOUTH"": [0, 4, 8, 12, 16], ""WEST"": [0, 4, 8, 12, 16]}","{""EAST"": [""S_EXIT"", ""S_EXIT"", ""S_EXIT"", ""S_EXIT"", ""S_EXIT""], ""NORTH"": [""S_EXIT"", ""E_EXIT"", ""S_EXIT"", ""W_EXIT"", ""W_EXIT""], ""SOUTH"": [""E_EXIT"", ""W_EXIT"", ""E_EXIT"", ""N_EXIT"", ""E_EXIT""], ""WEST"": [""S_EXIT"", ""S_EXIT"", ""S_EXIT"", ""S_EXIT"", ""N_EXIT""]}"
367,40367,4,exit_concentrated,Scenario 4: Exit-concentrated,train_test,,0,WEST,13,0,20,5,5,5,5,"{""EAST"": [0, 4, 8, 12, 16], ""NORTH"": [0, 4, 8, 12, 16], ""SOUTH"": [0, 4, 8, 12, 16], ""WEST"": [0, 4, 8, 12, 16]}","{""EAST"": [""W_EXIT"", ""W_EXIT"", ""W_EXIT"", ""S_EXIT"", ""W_EXIT""], ""NORTH"": [""W_EXIT"", ""W_EXIT"", ""W_EXIT"", ""W_EXIT"", ""W_EXIT""], ""SOUTH"": [""W_EXIT"", ""W_EXIT"", ""W_EXIT"", ""W_EXIT"", ""E_EXIT""], ""WEST"": [""N_EXIT"", ""N_EXIT"", ""S_EXIT"", ""N_EXIT"", ""E_EXIT""]}"
368,40368,4,exit_concentrated,Scenario 4: Exit-concentrated,train_test,,0,NORTH,12,0,20,5,5,5,5,"{""EAST"": [0, 4, 8, 12, 16], ""NORTH"": [0, 4, 8, 12, 16], ""SOUTH"": [0, 4, 8, 12, 16], ""WEST"": [0, 4, 8, 12, 16]}","{""EAST"": [""N_EXIT"", ""N_EXIT"", ""N_EXIT"", ""N_EXIT"", ""N_EXIT""], ""NORTH"": [""S_EXIT"", ""E_EXIT"", ""W_EXIT"", ""S_EXIT"", ""W_EXIT""], ""SOUTH"": [""N_EXIT"", ""N_EXIT"", ""N_EXIT"", ""E_EXIT"", ""N_EXIT""], ""WEST"": [""N_EXIT"", ""N_EXIT"", ""N_EXIT"", ""S_EXIT"", ""E_EXIT""]}"
369,40369,4,exit_concentrated,Scenario 4: Exit-concentrated,train_test,,0,EAST,13,0,20,5,5,5,5,"{""EAST"": [0, 4, 8, 12, 16], ""NORTH"": [0, 4, 8, 12, 16], ""SOUTH"": [0, 4, 8, 12, 16], ""WEST"": [0, 4, 8, 12, 16]}","{""EAST"": [""N_EXIT"", ""S_EXIT"", ""W_EXIT"", ""N_EXIT"", ""W_EXIT""], ""NORTH"": [""E_EXIT"", ""E_EXIT"", ""E_EXIT"", ""E_EXIT"", ""S_EXIT""], ""SOUTH"": [""E_EXIT"", ""E_EXIT"", ""E_EXIT"", ""E_EXIT"", ""N_EXIT""], ""WEST"": [""E_EXIT"", ""E_EXIT"", ""E_EXIT"", ""E_EXIT"", ""E_EXIT""]}"
370,40370,4,exit_concentrated,Scenario 4: Exit-concentrated,train_test,,0,SOUTH,11,0,20,5,5,5,5,"{""EAST"": [0, 4, 8, 12, 16], ""NORTH"": [0, 4, 8, 12, 16], ""SOUTH"": [0, 4, 8, 12, 16], ""WEST"": [0, 4, 8, 12, 16]}","{""EAST"": [""S_EXIT"", ""S_EXIT"", ""S_EXIT"", ""N_EXIT"", ""S_EXIT""], ""NORTH"": [""S_EXIT"", ""S_EXIT"", ""E_EXIT"", ""S_EXIT"", ""W_EXIT""], ""SOUTH"": [""W_EXIT"", ""W_EXIT"", ""E_EXIT"", ""E_EXIT"", ""W_EXIT""], ""WEST"": [""S_EXIT"", ""S_EXIT"", ""S_EXIT"", ""S_EXIT"", ""N_EXIT""]}"
371,40371,4,exit_concentrated,Scenario 4: Exit-concentrated,train_test,,0,WEST,11,0,20,5,5,5,5,"{""EAST"": [0, 4, 8, 12, 16], ""NORTH"": [0, 4, 8, 12, 16], ""SOUTH"": [0, 4, 8, 12, 16], ""WEST"": [0, 4, 8, 12, 16]}","{""EAST"": [""W_EXIT"", ""W_EXIT"", ""W_EXIT"", ""N_EXIT"", ""W_EXIT""], ""NORTH"": [""W_EXIT"", ""W_EXIT"", ""W_EXIT"", ""S_EXIT"", ""E_EXIT""], ""SOUTH"": [""W_EXIT"", ""W_EXIT"", ""W_EXIT"", ""W_EXIT"", ""N_EXIT""], ""WEST"": [""N_EXIT"", ""S_EXIT"", ""E_EXIT"", ""E_EXIT"", ""S_EXIT""]}"
372,40372,4,exit_concentrated,Scenario 4: Exit-concentrated,train_test,,0,NORTH,14,0,20,5,5,5,5,"{""EAST"": [0, 4, 8, 12, 16], ""NORTH"": [0, 4, 8, 12, 16], ""SOUTH"": [0, 4, 8, 12, 16], ""WEST"": [0, 4, 8, 12, 16]}","{""EAST"": [""N_EXIT"", ""N_EXIT"", ""N_EXIT"", ""N_EXIT"", ""N_EXIT""], ""NORTH"": [""E_EXIT"", ""E_EXIT"", ""S_EXIT"", ""E_EXIT"", ""W_EXIT""], ""SOUTH"": [""N_EXIT"", ""N_EXIT"", ""N_EXIT"", ""N_EXIT"", ""N_EXIT""], ""WEST"": [""N_EXIT"", ""N_EXIT"", ""N_EXIT"", ""S_EXIT"", ""N_EXIT""]}"
373,40373,4,exit_concentrated,Scenario 4: Exit-concentrated,train_test,,0,EAST,12,0,20,5,5,5,5,"{""EAST"": [0, 4, 8, 12, 16], ""NORTH"": [0, 4, 8, 12, 16], ""SOUTH"": [0, 4, 8, 12, 16], ""WEST"": [0, 4, 8, 12, 16]}","{""EAST"": [""N_EXIT"", ""S_EXIT"", ""N_EXIT"", ""W_EXIT"", ""S_EXIT""], ""NORTH"": [""E_EXIT"", ""E_EXIT"", ""E_EXIT"", ""E_EXIT"", ""W_EXIT""], ""SOUTH"": [""E_EXIT"", ""E_EXIT"", ""E_EXIT"", ""E_EXIT"", ""E_EXIT""], ""WEST"": [""E_EXIT"", ""E_EXIT"", ""E_EXIT"", ""S_EXIT"", ""N_EXIT""]}"
374,40374,4,exit_concentrated,Scenario 4: Exit-concentrated,train_test,,0,SOUTH,11,0,20,5,5,5,5,"{""EAST"": [0, 4, 8, 12, 16], ""NORTH"": [0, 4, 8, 12, 16], ""SOUTH"": [0, 4, 8, 12, 16], ""WEST"": [0, 4, 8, 12, 16]}","{""EAST"": [""S_EXIT"", ""S_EXIT"", ""S_EXIT"", ""S_EXIT"", ""N_EXIT""], ""NORTH"": [""S_EXIT"", ""S_EXIT"", ""S_EXIT"", ""S_EXIT"", ""W_EXIT""], ""SOUTH"": [""E_EXIT"", ""W_EXIT"", ""E_EXIT"", ""W_EXIT"", ""E_EXIT""], ""WEST"": [""S_EXIT"", ""S_EXIT"", ""S_EXIT"", ""N_EXIT"", ""E_EXIT""]}"
375,40375,4,exit_concentrated,Scenario 4: Exit-concentrated,train_test,,0,WEST,12,0,20,5,5,5,5,"{""EAST"": [0, 4, 8, 12, 16], ""NORTH"": [0, 4, 8, 12, 16], ""SOUTH"": [0, 4, 8, 12, 16], ""WEST"": [0, 4, 8, 12, 16]}","{""EAST"": [""W_EXIT"", ""W_EXIT"", ""W_EXIT"", ""W_EXIT"", ""N_EXIT""], ""NORTH"": [""W_EXIT"", ""W_EXIT"", ""S_EXIT"", ""E_EXIT"", ""W_EXIT""], ""SOUTH"": [""W_EXIT"", ""W_EXIT"", ""W_EXIT"", ""W_EXIT"", ""W_EXIT""], ""WEST"": [""S_EXIT"", ""E_EXIT"", ""S_EXIT"", ""E_EXIT"", ""S_EXIT""]}"
376,40376,4,exit_concentrated,Scenario 4: Exit-concentrated,train_test,,0,NORTH,14,0,20,5,5,5,5,"{""EAST"": [0, 4, 8, 12, 16], ""NORTH"": [0, 4, 8, 12, 16], ""SOUTH"": [0, 4, 8, 12, 16], ""WEST"": [0, 4, 8, 12, 16]}","{""EAST"": [""N_EXIT"", ""N_EXIT"", ""N_EXIT"", ""N_EXIT"", ""N_EXIT""], ""NORTH"": [""E_EXIT"", ""W_EXIT"", ""E_EXIT"", ""W_EXIT"", ""S_EXIT""], ""SOUTH"": [""N_EXIT"", ""N_EXIT"", ""N_EXIT"", ""N_EXIT"", ""E_EXIT""], ""WEST"": [""N_EXIT"", ""N_EXIT"", ""N_EXIT"", ""N_EXIT"", ""N_EXIT""]}"
377,40377,4,exit_concentrated,Scenario 4: Exit-concentrated,train_test,,0,EAST,13,0,20,5,5,5,5,"{""EAST"": [0, 4, 8, 12, 16], ""NORTH"": [0, 4, 8, 12, 16], ""SOUTH"": [0, 4, 8, 12, 16], ""WEST"": [0, 4, 8, 12, 16]}","{""EAST"": [""W_EXIT"", ""S_EXIT"", ""S_EXIT"", ""N_EXIT"", ""W_EXIT""], ""NORTH"": [""E_EXIT"", ""E_EXIT"", ""E_EXIT"", ""W_EXIT"", ""S_EXIT""], ""SOUTH"": [""E_EXIT"", ""E_EXIT"", ""E_EXIT"", ""E_EXIT"", ""E_EXIT""], ""WEST"": [""E_EXIT"", ""E_EXIT"", ""E_EXIT"", ""E_EXIT"", ""E_EXIT""]}"
378,40378,4,exit_concentrated,Scenario 4: Exit-concentrated,train_test,,0,SOUTH,12,0,20,5,5,5,5,"{""EAST"": [0, 4, 8, 12, 16], ""NORTH"": [0, 4, 8, 12, 16], ""SOUTH"": [0, 4, 8, 12, 16], ""WEST"": [0, 4, 8, 12, 16]}","{""EAST"": [""S_EXIT"", ""S_EXIT"", ""S_EXIT"", ""W_EXIT"", ""W_EXIT""], ""NORTH"": [""S_EXIT"", ""S_EXIT"", ""S_EXIT"", ""S_EXIT"", ""E_EXIT""], ""SOUTH"": [""E_EXIT"", ""E_EXIT"", ""W_EXIT"", ""E_EXIT"", ""N_EXIT""], ""WEST"": [""S_EXIT"", ""S_EXIT"", ""S_EXIT"", ""S_EXIT"", ""S_EXIT""]}"
379,40379,4,exit_concentrated,Scenario 4: Exit-concentrated,train_test,,0,WEST,14,0,20,5,5,5,5,"{""EAST"": [0, 4, 8, 12, 16], ""NORTH"": [0, 4, 8, 12, 16], ""SOUTH"": [0, 4, 8, 12, 16], ""WEST"": [0, 4, 8, 12, 16]}","{""EAST"": [""W_EXIT"", ""W_EXIT"", ""W_EXIT"", ""W_EXIT"", ""W_EXIT""], ""NORTH"": [""W_EXIT"", ""W_EXIT"", ""W_EXIT"", ""W_EXIT"", ""S_EXIT""], ""SOUTH"": [""W_EXIT"", ""W_EXIT"", ""W_EXIT"", ""W_EXIT"", ""W_EXIT""], ""WEST"": [""E_EXIT"", ""E_EXIT"", ""S_EXIT"", ""E_EXIT"", ""N_EXIT""]}"
380,40380,4,exit_concentrated,Scenario 4: Exit-concentrated,train_test,,0,NORTH,12,0,20,5,5,5,5,"{""EAST"": [0, 4, 8, 12, 16], ""NORTH"": [0, 4, 8, 12, 16], ""SOUTH"": [0, 4, 8, 12, 16], ""WEST"": [0, 4, 8, 12, 16]}","{""EAST"": [""N_EXIT"", ""S_EXIT"", ""N_EXIT"", ""W_EXIT"", ""N_EXIT""], ""NORTH"": [""E_EXIT"", ""E_EXIT"", ""E_EXIT"", ""S_EXIT"", ""S_EXIT""], ""SOUTH"": [""N_EXIT"", ""N_EXIT"", ""N_EXIT"", ""N_EXIT"", ""E_EXIT""], ""WEST"": [""N_EXIT"", ""N_EXIT"", ""N_EXIT"", ""N_EXIT"", ""N_EXIT""]}"
381,40381,4,exit_concentrated,Scenario 4: Exit-concentrated,train_test,,0,EAST,14,0,20,5,5,5,5,"{""EAST"": [0, 4, 8, 12, 16], ""NORTH"": [0, 4, 8, 12, 16], ""SOUTH"": [0, 4, 8, 12, 16], ""WEST"": [0, 4, 8, 12, 16]}","{""EAST"": [""N_EXIT"", ""N_EXIT"", ""W_EXIT"", ""S_EXIT"", ""N_EXIT""], ""NORTH"": [""E_EXIT"", ""E_EXIT"", ""E_EXIT"", ""E_EXIT"", ""E_EXIT""], ""SOUTH"": [""E_EXIT"", ""E_EXIT"", ""E_EXIT"", ""W_EXIT"", ""E_EXIT""], ""WEST"": [""E_EXIT"", ""E_EXIT"", ""E_EXIT"", ""E_EXIT"", ""E_EXIT""]}"
382,40382,4,exit_concentrated,Scenario 4: Exit-concentrated,train_test,,0,SOUTH,11,0,20,5,5,5,5,"{""EAST"": [0, 4, 8, 12, 16], ""NORTH"": [0, 4, 8, 12, 16], ""SOUTH"": [0, 4, 8, 12, 16], ""WEST"": [0, 4, 8, 12, 16]}","{""EAST"": [""S_EXIT"", ""S_EXIT"", ""S_EXIT"", ""S_EXIT"", ""N_EXIT""], ""NORTH"": [""S_EXIT"", ""S_EXIT"", ""S_EXIT"", ""E_EXIT"", ""W_EXIT""], ""SOUTH"": [""W_EXIT"", ""W_EXIT"", ""N_EXIT"", ""W_EXIT"", ""N_EXIT""], ""WEST"": [""S_EXIT"", ""S_EXIT"", ""S_EXIT"", ""E_EXIT"", ""S_EXIT""]}"
383,40383,4,exit_concentrated,Scenario 4: Exit-concentrated,train_test,,0,WEST,14,0,20,5,5,5,5,"{""EAST"": [0, 4, 8, 12, 16], ""NORTH"": [0, 4, 8, 12, 16], ""SOUTH"": [0, 4, 8, 12, 16], ""WEST"": [0, 4, 8, 12, 16]}","{""EAST"": [""W_EXIT"", ""W_EXIT"", ""W_EXIT"", ""W_EXIT"", ""S_EXIT""], ""NORTH"": [""W_EXIT"", ""W_EXIT"", ""W_EXIT"", ""W_EXIT"", ""W_EXIT""], ""SOUTH"": [""W_EXIT"", ""W_EXIT"", ""W_EXIT"", ""W_EXIT"", ""W_EXIT""], ""WEST"": [""E_EXIT"", ""N_EXIT"", ""E_EXIT"", ""N_EXIT"", ""E_EXIT""]}"
384,40384,4,exit_concentrated,Scenario 4: Exit-concentrated,train_test,,0,NORTH,14,0,20,5,5,5,5,"{""EAST"": [0, 4, 8, 12, 16], ""NORTH"": [0, 4, 8, 12, 16], ""SOUTH"": [0, 4, 8, 12, 16], ""WEST"": [0, 4, 8, 12, 16]}","{""EAST"": [""N_EXIT"", ""N_EXIT"", ""N_EXIT"", ""N_EXIT"", ""W_EXIT""], ""NORTH"": [""S_EXIT"", ""S_EXIT"", ""W_EXIT"", ""S_EXIT"", ""E_EXIT""], ""SOUTH"": [""N_EXIT"", ""N_EXIT"", ""N_EXIT"", ""N_EXIT"", ""N_EXIT""], ""WEST"": [""N_EXIT"", ""N_EXIT"", ""N_EXIT"", ""N_EXIT"", ""N_EXIT""]}"
385,40385,4,exit_concentrated,Scenario 4: Exit-concentrated,train_test,,0,EAST,11,0,20,5,5,5,5,"{""EAST"": [0, 4, 8, 12, 16], ""NORTH"": [0, 4, 8, 12, 16], ""SOUTH"": [0, 4, 8, 12, 16], ""WEST"": [0, 4, 8, 12, 16]}","{""EAST"": [""W_EXIT"", ""N_EXIT"", ""N_EXIT"", ""S_EXIT"", ""W_EXIT""], ""NORTH"": [""E_EXIT"", ""E_EXIT"", ""W_EXIT"", ""W_EXIT"", ""E_EXIT""], ""SOUTH"": [""E_EXIT"", ""E_EXIT"", ""E_EXIT"", ""E_EXIT"", ""E_EXIT""], ""WEST"": [""E_EXIT"", ""E_EXIT"", ""E_EXIT"", ""S_EXIT"", ""N_EXIT""]}"
386,40386,4,exit_concentrated,Scenario 4: Exit-concentrated,train_test,,0,SOUTH,12,0,20,5,5,5,5,"{""EAST"": [0, 4, 8, 12, 16], ""NORTH"": [0, 4, 8, 12, 16], ""SOUTH"": [0, 4, 8, 12, 16], ""WEST"": [0, 4, 8, 12, 16]}","{""EAST"": [""S_EXIT"", ""S_EXIT"", ""S_EXIT"", ""N_EXIT"", ""S_EXIT""], ""NORTH"": [""S_EXIT"", ""S_EXIT"", ""W_EXIT"", ""S_EXIT"", ""E_EXIT""], ""SOUTH"": [""W_EXIT"", ""W_EXIT"", ""E_EXIT"", ""W_EXIT"", ""N_EXIT""], ""WEST"": [""S_EXIT"", ""S_EXIT"", ""S_EXIT"", ""S_EXIT"", ""S_EXIT""]}"
387,40387,4,exit_concentrated,Scenario 4: Exit-concentrated,train_test,,0,WEST,10,0,20,5,5,5,5,"{""EAST"": [0, 4, 8, 12, 16], ""NORTH"": [0, 4, 8, 12, 16], ""SOUTH"": [0, 4, 8, 12, 16], ""WEST"": [0, 4, 8, 12, 16]}","{""EAST"": [""W_EXIT"", ""W_EXIT"", ""W_EXIT"", ""N_EXIT"", ""N_EXIT""], ""NORTH"": [""W_EXIT"", ""W_EXIT"", ""W_EXIT"", ""S_EXIT"", ""W_EXIT""], ""SOUTH"": [""W_EXIT"", ""W_EXIT"", ""E_EXIT"", ""W_EXIT"", ""E_EXIT""], ""WEST"": [""N_EXIT"", ""E_EXIT"", ""S_EXIT"", ""N_EXIT"", ""S_EXIT""]}"
388,40388,4,exit_concentrated,Scenario 4: Exit-concentrated,train_test,,0,NORTH,13,0,20,5,5,5,5,"{""EAST"": [0, 4, 8, 12, 16], ""NORTH"": [0, 4, 8, 12, 16], ""SOUTH"": [0, 4, 8, 12, 16], ""WEST"": [0, 4, 8, 12, 16]}","{""EAST"": [""N_EXIT"", ""N_EXIT"", ""N_EXIT"", ""N_EXIT"", ""W_EXIT""], ""NORTH"": [""E_EXIT"", ""W_EXIT"", ""S_EXIT"", ""S_EXIT"", ""E_EXIT""], ""SOUTH"": [""N_EXIT"", ""N_EXIT"", ""N_EXIT"", ""N_EXIT"", ""N_EXIT""], ""WEST"": [""N_EXIT"", ""N_EXIT"", ""N_EXIT"", ""E_EXIT"", ""N_EXIT""]}"
389,40389,4,exit_concentrated,Scenario 4: Exit-concentrated,train_test,,0,EAST,14,0,20,5,5,5,5,"{""EAST"": [0, 4, 8, 12, 16], ""NORTH"": [0, 4, 8, 12, 16], ""SOUTH"": [0, 4, 8, 12, 16], ""WEST"": [0, 4, 8, 12, 16]}","{""EAST"": [""W_EXIT"", ""S_EXIT"", ""W_EXIT"", ""W_EXIT"", ""N_EXIT""], ""NORTH"": [""E_EXIT"", ""E_EXIT"", ""E_EXIT"", ""E_EXIT"", ""E_EXIT""], ""SOUTH"": [""E_EXIT"", ""E_EXIT"", ""E_EXIT"", ""E_EXIT"", ""E_EXIT""], ""WEST"": [""E_EXIT"", ""E_EXIT"", ""E_EXIT"", ""E_EXIT"", ""S_EXIT""]}"
390,40390,4,exit_concentrated,Scenario 4: Exit-concentrated,train_test,,0,SOUTH,11,0,20,5,5,5,5,"{""EAST"": [0, 4, 8, 12, 16], ""NORTH"": [0, 4, 8, 12, 16], ""SOUTH"": [0, 4, 8, 12, 16], ""WEST"": [0, 4, 8, 12, 16]}","{""EAST"": [""S_EXIT"", ""S_EXIT"", ""S_EXIT"", ""S_EXIT"", ""W_EXIT""], ""NORTH"": [""S_EXIT"", ""S_EXIT"", ""S_EXIT"", ""E_EXIT"", ""E_EXIT""], ""SOUTH"": [""E_EXIT"", ""E_EXIT"", ""W_EXIT"", ""W_EXIT"", ""N_EXIT""], ""WEST"": [""S_EXIT"", ""S_EXIT"", ""S_EXIT"", ""S_EXIT"", ""N_EXIT""]}"
391,40391,4,exit_concentrated,Scenario 4: Exit-concentrated,train_test,,0,WEST,10,0,20,5,5,5,5,"{""EAST"": [0, 4, 8, 12, 16], ""NORTH"": [0, 4, 8, 12, 16], ""SOUTH"": [0, 4, 8, 12, 16], ""WEST"": [0, 4, 8, 12, 16]}","{""EAST"": [""W_EXIT"", ""W_EXIT"", ""W_EXIT"", ""N_EXIT"", ""W_EXIT""], ""NORTH"": [""W_EXIT"", ""W_EXIT"", ""E_EXIT"", ""S_EXIT"", ""E_EXIT""], ""SOUTH"": [""W_EXIT"", ""W_EXIT"", ""W_EXIT"", ""W_EXIT"", ""N_EXIT""], ""WEST"": [""E_EXIT"", ""E_EXIT"", ""S_EXIT"", ""E_EXIT"", ""S_EXIT""]}"
392,40392,4,exit_concentrated,Scenario 4: Exit-concentrated,train_test,,0,NORTH,14,0,20,5,5,5,5,"{""EAST"": [0, 4, 8, 12, 16], ""NORTH"": [0, 4, 8, 12, 16], ""SOUTH"": [0, 4, 8, 12, 16], ""WEST"": [0, 4, 8, 12, 16]}","{""EAST"": [""N_EXIT"", ""N_EXIT"", ""N_EXIT"", ""N_EXIT"", ""N_EXIT""], ""NORTH"": [""W_EXIT"", ""W_EXIT"", ""W_EXIT"", ""S_EXIT"", ""E_EXIT""], ""SOUTH"": [""N_EXIT"", ""N_EXIT"", ""N_EXIT"", ""N_EXIT"", ""E_EXIT""], ""WEST"": [""N_EXIT"", ""N_EXIT"", ""N_EXIT"", ""N_EXIT"", ""N_EXIT""]}"
393,40393,4,exit_concentrated,Scenario 4: Exit-concentrated,train_test,,0,EAST,10,0,20,5,5,5,5,"{""EAST"": [0, 4, 8, 12, 16], ""NORTH"": [0, 4, 8, 12, 16], ""SOUTH"": [0, 4, 8, 12, 16], ""WEST"": [0, 4, 8, 12, 16]}","{""EAST"": [""N_EXIT"", ""N_EXIT"", ""S_EXIT"", ""S_EXIT"", ""N_EXIT""], ""NORTH"": [""E_EXIT"", ""S_EXIT"", ""E_EXIT"", ""S_EXIT"", ""E_EXIT""], ""SOUTH"": [""E_EXIT"", ""E_EXIT"", ""N_EXIT"", ""W_EXIT"", ""N_EXIT""], ""WEST"": [""E_EXIT"", ""E_EXIT"", ""E_EXIT"", ""E_EXIT"", ""E_EXIT""]}"
394,40394,4,exit_concentrated,Scenario 4: Exit-concentrated,train_test,,0,SOUTH,14,0,20,5,5,5,5,"{""EAST"": [0, 4, 8, 12, 16], ""NORTH"": [0, 4, 8, 12, 16], ""SOUTH"": [0, 4, 8, 12, 16], ""WEST"": [0, 4, 8, 12, 16]}","{""EAST"": [""S_EXIT"", ""S_EXIT"", ""S_EXIT"", ""S_EXIT"", ""S_EXIT""], ""NORTH"": [""S_EXIT"", ""S_EXIT"", ""S_EXIT"", ""S_EXIT"", ""S_EXIT""], ""SOUTH"": [""E_EXIT"", ""E_EXIT"", ""W_EXIT"", ""W_EXIT"", ""E_EXIT""], ""WEST"": [""S_EXIT"", ""S_EXIT"", ""S_EXIT"", ""S_EXIT"", ""N_EXIT""]}"
395,40395,4,exit_concentrated,Scenario 4: Exit-concentrated,train_test,,0,WEST,12,0,20,5,5,5,5,"{""EAST"": [0, 4, 8, 12, 16], ""NORTH"": [0, 4, 8, 12, 16], ""SOUTH"": [0, 4, 8, 12, 16], ""WEST"": [0, 4, 8, 12, 16]}","{""EAST"": [""W_EXIT"", ""W_EXIT"", ""W_EXIT"", ""N_EXIT"", ""S_EXIT""], ""NORTH"": [""W_EXIT"", ""W_EXIT"", ""W_EXIT"", ""W_EXIT"", ""W_EXIT""], ""SOUTH"": [""W_EXIT"", ""W_EXIT"", ""W_EXIT"", ""E_EXIT"", ""W_EXIT""], ""WEST"": [""E_EXIT"", ""N_EXIT"", ""N_EXIT"", ""E_EXIT"", ""E_EXIT""]}"
396,40396,4,exit_concentrated,Scenario 4: Exit-concentrated,train_test,,0,NORTH,13,0,20,5,5,5,5,"{""EAST"": [0, 4, 8, 12, 16], ""NORTH"": [0, 4, 8, 12, 16], ""SOUTH"": [0, 4, 8, 12, 16], ""WEST"": [0, 4, 8, 12, 16]}","{""EAST"": [""N_EXIT"", ""N_EXIT"", ""N_EXIT"", ""N_EXIT"", ""W_EXIT""], ""NORTH"": [""S_EXIT"", ""S_EXIT"", ""W_EXIT"", ""E_EXIT"", ""S_EXIT""], ""SOUTH"": [""N_EXIT"", ""N_EXIT"", ""N_EXIT"", ""N_EXIT"", ""E_EXIT""], ""WEST"": [""N_EXIT"", ""N_EXIT"", ""N_EXIT"", ""N_EXIT"", ""N_EXIT""]}"
397,40397,4,exit_concentrated,Scenario 4: Exit-concentrated,train_test,,0,EAST,11,0,20,5,5,5,5,"{""EAST"": [0, 4, 8, 12, 16], ""NORTH"": [0, 4, 8, 12, 16], ""SOUTH"": [0, 4, 8, 12, 16], ""WEST"": [0, 4, 8, 12, 16]}","{""EAST"": [""W_EXIT"", ""S_EXIT"", ""N_EXIT"", ""N_EXIT"", ""S_EXIT""], ""NORTH"": [""E_EXIT"", ""E_EXIT"", ""E_EXIT"", ""E_EXIT"", ""W_EXIT""], ""SOUTH"": [""E_EXIT"", ""E_EXIT"", ""E_EXIT"", ""W_EXIT"", ""E_EXIT""], ""WEST"": [""E_EXIT"", ""E_EXIT"", ""E_EXIT"", ""N_EXIT"", ""S_EXIT""]}"
398,40398,4,exit_concentrated,Scenario 4: Exit-concentrated,train_test,,0,SOUTH,12,0,20,5,5,5,5,"{""EAST"": [0, 4, 8, 12, 16], ""NORTH"": [0, 4, 8, 12, 16], ""SOUTH"": [0, 4, 8, 12, 16], ""WEST"": [0, 4, 8, 12, 16]}","{""EAST"": [""S_EXIT"", ""S_EXIT"", ""S_EXIT"", ""S_EXIT"", ""S_EXIT""], ""NORTH"": [""S_EXIT"", ""S_EXIT"", ""W_EXIT"", ""S_EXIT"", ""W_EXIT""], ""SOUTH"": [""W_EXIT"", ""N_EXIT"", ""W_EXIT"", ""N_EXIT"", ""E_EXIT""], ""WEST"": [""S_EXIT"", ""S_EXIT"", ""S_EXIT"", ""N_EXIT"", ""S_EXIT""]}"
399,40399,4,exit_concentrated,Scenario 4: Exit-concentrated,train_test,,0,WEST,12,0,20,5,5,5,5,"{""EAST"": [0, 4, 8, 12, 16], ""NORTH"": [0, 4, 8, 12, 16], ""SOUTH"": [0, 4, 8, 12, 16], ""WEST"": [0, 4, 8, 12, 16]}","{""EAST"": [""W_EXIT"", ""W_EXIT"", ""W_EXIT"", ""W_EXIT"", ""W_EXIT""], ""NORTH"": [""W_EXIT"", ""W_EXIT"", ""W_EXIT"", ""W_EXIT"", ""S_EXIT""], ""SOUTH"": [""W_EXIT"", ""W_EXIT"", ""W_EXIT"", ""E_EXIT"", ""N_EXIT""], ""WEST"": [""E_EXIT"", ""S_EXIT"", ""E_EXIT"", ""S_EXIT"", ""E_EXIT""]}"
