scenario_group,policy_type,n,Favg_mean,Favg_std,Fmax_mean,Fmax_std,Throughput_mean,Throughput_std,BlockingTime_mean,BlockingTime_std,AvgQueueLength_mean,AvgQueueLength_std,DeadlockCount_mean,DeadlockCount_std,TriggerCount_mean,TriggerCount_std,RerouteCount_mean,RerouteCount_std
rule_based_deadlock_cases,rule_based,62,45.79793917424595,14.739412753211953,159.2258064516129,78.25901076382462,41.79032258064516,10.841839261986891,348.48387096774195,293.9262058573342,8.419193548387097,10.152960537047456,3.9193548387096775,6.453613518471328,0.0,0.0,34.274193548387096,23.180099827815642
rule_based_deadlock_cases,dsd,62,65.27543236703433,37.342698139892384,181.08064516129033,114.4273408786578,45.46774193548387,9.498434283288498,0.0,0.0,8.713709677419354,9.953763916783055,0.0,0.0,0.0,0.0,0.0,0.0
rule_based_deadlock_cases,fsd,62,79.86152028639856,50.52940256030521,170.25806451612902,106.36928181681625,44.03225806451613,9.514385556749048,106.87096774193549,106.05913659268506,8.55532258064516,10.322588942915425,0.0,0.0,50.91935483870968,51.57242190566861,0.11290322580645161,0.4091109396887721
