scenario,policy_type,n,Favg_mean,Favg_std,Fmax_mean,Fmax_std,Throughput_mean,Throughput_std,BlockingTime_mean,BlockingTime_std,AvgQueueLength_mean,AvgQueueLength_std,DeadlockCount_mean,DeadlockCount_std,TriggerCount_mean,TriggerCount_std,RerouteCount_mean,RerouteCount_std
5robots_12aisles_high,dsd,10,94.132342688032,7.817029798929056,367.4,32.21869712518563,47.4,6.669999167083073,0.0,0.0,25.4954,2.7274763345546296,0.0,0.0,0.0,0.0,0.0,0.0
5robots_12aisles_high,fsd,10,118.16544980074391,26.32215603069,249.8,44.56904755545041,58.2,9.840957496323437,184.5,95.50712597032282,18.2298,4.718354369433856,0.0,0.0,84.5,45.287354133846726,0.3,0.48304589153964794
5robots_12aisles_high,rule_based,10,59.147128057313104,10.59219893565286,263.2,56.25102468202493,61.0,12.009255689767881,568.1,186.13761337008464,17.428,6.153287179314087,0.5,0.8498365855987975,0.0,0.0,73.3,27.063916116400367
