policy_type,n,Favg_mean,Favg_std,Fmax_mean,Fmax_std,Throughput_mean,Throughput_std,BlockingTime_mean,BlockingTime_std,AvgQueueLength_mean,AvgQueueLength_std,DeadlockCount_mean,DeadlockCount_std,TriggerCount_mean,TriggerCount_std,RerouteCount_mean,RerouteCount_std
dsd,180,77.93585881513518,38.21541987915054,208.6,111.4824233960537,45.31111111111111,10.253376001538523,0.0,0.0,10.805022222222222,10.38063966875184,0.0,0.0,0.0,0.0,0.0,0.0
fsd,180,94.32853764717034,49.08417701865339,194.76666666666668,96.03578825468308,43.96666666666667,10.492828090690427,87.38888888888889,86.84587187912668,10.549811111111111,10.275844289029969,0.0,0.0,40.48888888888889,40.883194958851384,0.14444444444444443,0.5605486360991796
rule_based,180,50.8856514051083,15.39503741976307,185.38888888888889,91.9621848983184,42.394444444444446,13.230022241721645,319.4277777777778,263.8455835550684,10.281077777777778,9.931490494143244,1.35,4.204911998627453,0.0,0.0,38.78888888888889,29.632382424368277
